        Date        , GPU Clock [MHz] , Memory Clock [MHz] , GPU Temperature [°C] , Hot Spot [°C] , Fan Speed (%) [%] , Fan Speed (RPM) [RPM] , Memory Used [MB] , GPU Load [%] , Memory Controller Load [%] , Video Engine Load [%] , Bus Interface Load [%] , Board Power Draw [W] , GPU Chip Power Draw [W] , PCIe Slot Power [W] , PCIe Slot Voltage [V] , 8-Pin #1 Power [W] , 8-Pin #1 Voltage [V] , 8-Pin #2 Power [W] , 8-Pin #2 Voltage [V] , Power Consumption (%) [% TDP] , PerfCap Reason [] , GPU Voltage [V] , CPU Temperature [°C] , System Memory Used [MB] ,
2026-08-06 18:54:53 ,         139.0   ,            101.3   ,               26.5   ,        40.5   ,               0   ,                   0   ,            977   ,          0   ,                        7   ,                   0   ,                    0   ,               16.6   ,                   4.2   ,               4.9   ,                11.9   ,              2.5   ,               12.0   ,              8.5   ,               12.0   ,                         6.0   ,              16   ,        0.6500   ,               30.0   ,                  8466   ,
2026-08-06 18:54:54 ,         139.0   ,            101.3   ,               26.4   ,        40.4   ,               0   ,                   0   ,            964   ,          2   ,                        7   ,                   0   ,                    0   ,               16.9   ,                   4.6   ,               4.9   ,                11.9   ,              2.8   ,               12.0   ,              8.6   ,               12.0   ,                         6.2   ,              16   ,        0.6500   ,               30.0   ,                  8468   ,
2026-08-06 18:54:55 ,         139.0   ,            101.3   ,               26.5   ,        40.5   ,               0   ,                   0   ,            964   ,          0   ,                        7   ,                   0   ,                    0   ,               18.5   ,                   4.6   ,               6.4   ,                11.9   ,              2.8   ,               12.0   ,              8.6   ,               12.0   ,                         6.7   ,              16   ,        0.6500   ,               29.0   ,                  8466   ,
2026-08-06 18:54:56 ,         139.0   ,            101.3   ,               26.5   ,        40.5   ,               0   ,                   0   ,            962   ,          5   ,                        8   ,                   0   ,                    2   ,               16.9   ,                   4.5   ,               4.9   ,                11.9   ,              2.7   ,               12.0   ,              8.7   ,               12.0   ,                         6.2   ,              16   ,        0.6500   ,               30.0   ,                  8478   ,
2026-08-06 18:54:57 ,         139.0   ,            101.3   ,               26.5   ,        40.5   ,               0   ,                   0   ,            962   ,          2   ,                        7   ,                   0   ,                    0   ,               21.6   ,                   7.0   ,               6.2   ,                11.9   ,              4.2   ,               12.0   ,             10.5   ,               12.0   ,                         7.9   ,              16   ,        0.6500   ,               30.0   ,                  8480   ,
2026-08-06 18:54:58 ,         139.0   ,            101.3   ,               26.4   ,        40.4   ,               0   ,                   0   ,            962   ,          0   ,                        7   ,                   0   ,                    0   ,               16.6   ,                   4.3   ,               4.8   ,                11.9   ,              2.6   ,               12.0   ,              8.5   ,               12.0   ,                         6.0   ,              16   ,        0.6500   ,               30.0   ,                  8465   ,
2026-08-06 18:54:59 ,         139.0   ,            101.3   ,               26.4   ,        40.4   ,               0   ,                   0   ,            963   ,          2   ,                        7   ,                   0   ,                    0   ,               21.5   ,                   6.9   ,               6.2   ,                11.9   ,              4.1   ,               12.0   ,             10.5   ,               12.0   ,                         7.8   ,              16   ,        0.6500   ,               29.0   ,                  8464   ,
2026-08-06 18:55:00 ,         139.0   ,            101.3   ,               26.3   ,        40.3   ,               0   ,                   0   ,            963   ,          0   ,                        7   ,                   0   ,                    0   ,               22.7   ,                   7.0   ,               7.3   ,                11.9   ,              4.2   ,               12.0   ,             10.5   ,               12.0   ,                         8.2   ,              16   ,        0.6500   ,               30.0   ,                  8464   ,
2026-08-06 18:55:01 ,         139.0   ,            101.3   ,               26.3   ,        40.3   ,               0   ,                   0   ,            963   ,          0   ,                        7   ,                   0   ,                    0   ,               21.6   ,                   6.9   ,               6.2   ,                11.9   ,              4.1   ,               12.0   ,             10.6   ,               12.0   ,                         7.9   ,              16   ,        0.6500   ,               29.0   ,                  8463   ,
2026-08-06 18:55:02 ,         139.0   ,            101.3   ,               26.5   ,        40.5   ,               0   ,                   0   ,            965   ,          0   ,                        8   ,                   0   ,                    0   ,               16.5   ,                   4.3   ,               4.8   ,                11.9   ,              2.6   ,               12.0   ,              8.4   ,               12.0   ,                         6.0   ,              16   ,        0.6500   ,               29.0   ,                  8463   ,
2026-08-06 18:55:03 ,         139.0   ,            101.3   ,               26.4   ,        40.4   ,               0   ,                   0   ,            964   ,          0   ,                        8   ,                   0   ,                    0   ,               17.0   ,                   4.6   ,               4.9   ,                11.9   ,              2.8   ,               12.0   ,              8.7   ,               12.0   ,                         6.2   ,              16   ,        0.6500   ,               30.0   ,                  8463   ,
2026-08-06 18:55:04 ,         139.0   ,            101.3   ,               26.3   ,        40.3   ,               0   ,                   0   ,            964   ,          0   ,                        7   ,                   0   ,                    0   ,               16.9   ,                   4.3   ,               5.0   ,                11.9   ,              2.6   ,               12.0   ,              8.7   ,               12.0   ,                         6.2   ,              16   ,        0.6500   ,               29.0   ,                  8463   ,
2026-08-06 18:55:05 ,         139.0   ,            101.3   ,               26.3   ,        40.3   ,               0   ,                   0   ,            964   ,          0   ,                        7   ,                   0   ,                    0   ,               19.0   ,                   7.0   ,               6.2   ,                11.9   ,              4.2   ,               12.0   ,             10.6   ,               12.0   ,                         7.9   ,              16   ,        0.6500   ,               30.0   ,                  8463   ,
2026-08-06 18:55:06 ,         139.0   ,            101.3   ,               26.3   ,        40.3   ,               0   ,                   0   ,            964   ,          3   ,                        7   ,                   0   ,                    0   ,               21.5   ,                   6.9   ,               6.1   ,                11.9   ,              4.1   ,               12.0   ,             10.6   ,               12.0   ,                         7.8   ,              16   ,        0.6500   ,               32.0   ,                  8463   ,
2026-08-06 18:55:07 ,         139.0   ,            101.3   ,               26.3   ,        40.3   ,               0   ,                   0   ,            964   ,          1   ,                        7   ,                   0   ,                    0   ,               21.6   ,                   7.0   ,               6.1   ,                11.9   ,              4.2   ,               12.0   ,             10.6   ,               12.0   ,                         7.9   ,              16   ,        0.6500   ,               30.0   ,                  8463   ,
2026-08-06 18:55:08 ,         139.0   ,            101.3   ,               26.4   ,        40.4   ,               0   ,                   0   ,            964   ,          0   ,                        7   ,                   0   ,                    0   ,               16.8   ,                   4.3   ,               4.8   ,                11.9   ,              2.6   ,               12.0   ,              8.7   ,               12.0   ,                         6.1   ,              16   ,        0.6500   ,               29.0   ,                  8463   ,
2026-08-06 18:55:09 ,         139.0   ,            101.3   ,               26.4   ,        40.4   ,               0   ,                   0   ,            964   ,          0   ,                        7   ,                   0   ,                    0   ,               16.9   ,                   4.6   ,               5.0   ,                11.9   ,              2.8   ,               12.0   ,              8.5   ,               12.0   ,                         6.2   ,              16   ,        0.6500   ,               30.0   ,                  8463   ,
2026-08-06 18:55:10 ,         139.0   ,            101.3   ,               26.2   ,        40.2   ,               0   ,                   0   ,            964   ,          0   ,                        7   ,                   0   ,                    0   ,               17.3   ,                   4.8   ,               4.9   ,                11.9   ,              2.9   ,               12.0   ,              8.9   ,               12.0   ,                         6.3   ,              16   ,        0.6500   ,               30.0   ,                  8463   ,
2026-08-06 18:55:11 ,         139.0   ,            101.3   ,               26.4   ,        40.4   ,               0   ,                   0   ,            964   ,          4   ,                        8   ,                   0   ,                    0   ,               23.1   ,                   7.0   ,               7.6   ,                11.9   ,              4.2   ,               12.0   ,             10.5   ,               12.0   ,                         8.4   ,              16   ,        0.6500   ,               29.0   ,                  8463   ,
2026-08-06 18:55:12 ,         139.0   ,            101.3   ,               26.3   ,        40.3   ,               0   ,                   0   ,            964   ,          1   ,                        7   ,                   0   ,                    0   ,               17.0   ,                   4.5   ,               4.9   ,                11.9   ,              2.7   ,               12.0   ,              8.8   ,               12.0   ,                         6.2   ,              16   ,        0.6500   ,               30.0   ,                  8464   ,
2026-08-06 18:55:13 ,         139.0   ,            101.3   ,               26.3   ,        40.3   ,               0   ,                   0   ,            964   ,          1   ,                        7   ,                   0   ,                    0   ,               17.4   ,                   4.6   ,               5.0   ,                11.9   ,              2.8   ,               12.0   ,              9.0   ,               12.0   ,                         6.3   ,              16   ,        0.6500   ,               30.0   ,                  8463   ,
2026-08-06 18:55:14 ,         139.0   ,            101.3   ,               26.3   ,        40.3   ,               0   ,                   0   ,            964   ,          1   ,                        7   ,                   0   ,                    0   ,               17.0   ,                   4.6   ,               4.9   ,                11.9   ,              2.8   ,               12.0   ,              8.7   ,               12.0   ,                         6.2   ,              16   ,        0.6500   ,               29.0   ,                  8463   ,
2026-08-06 18:55:15 ,         139.0   ,            101.3   ,               26.2   ,        40.2   ,               0   ,                   0   ,            964   ,          1   ,                        7   ,                   0   ,                    0   ,               17.0   ,                   4.6   ,               4.9   ,                11.9   ,              2.8   ,               12.0   ,              8.7   ,               12.0   ,                         6.2   ,              16   ,        0.6500   ,               30.0   ,                  8462   ,
2026-08-06 18:55:16 ,         139.0   ,            101.3   ,               26.3   ,        40.2   ,               0   ,                   0   ,            962   ,          1   ,                        7   ,                   0   ,                    0   ,               16.9   ,                   4.3   ,               4.9   ,                11.9   ,              2.6   ,               12.0   ,              8.8   ,               12.0   ,                         6.2   ,              16   ,        0.6500   ,               29.0   ,                  8461   ,
2026-08-06 18:55:17 ,         139.0   ,            101.3   ,               26.3   ,        40.3   ,               0   ,                   0   ,            962   ,          1   ,                        7   ,                   0   ,                    0   ,               16.8   ,                   4.3   ,               4.8   ,                11.9   ,              2.6   ,               12.0   ,              8.8   ,               12.0   ,                         6.1   ,              16   ,        0.6500   ,               29.0   ,                  8461   ,
2026-08-06 18:55:19 ,         139.0   ,            101.3   ,               26.3   ,        40.3   ,               0   ,                   0   ,            962   ,          1   ,                        7   ,                   0   ,                    0   ,               16.8   ,                   4.5   ,               4.8   ,                11.9   ,              2.7   ,               12.0   ,              8.6   ,               12.0   ,                         6.1   ,              16   ,        0.6500   ,               29.0   ,                  8461   ,
2026-08-06 18:55:20 ,         139.0   ,            101.3   ,               26.2   ,        40.2   ,               0   ,                   0   ,            962   ,          1   ,                        7   ,                   0   ,                    0   ,               16.8   ,                   4.5   ,               4.8   ,                11.9   ,              2.7   ,               12.0   ,              8.6   ,               12.0   ,                         6.1   ,              16   ,        0.6500   ,               30.0   ,                  8461   ,
2026-08-06 18:55:21 ,         139.0   ,            101.3   ,               26.2   ,        40.2   ,               0   ,                   0   ,            962   ,          1   ,                        7   ,                   0   ,                    0   ,               16.7   ,                   4.3   ,               4.9   ,                11.9   ,              2.6   ,               12.0   ,              8.5   ,               12.0   ,                         6.1   ,              16   ,        0.6500   ,               30.0   ,                  8405   ,
2026-08-06 18:55:22 ,         139.0   ,            101.3   ,               26.2   ,        40.2   ,               0   ,                   0   ,            962   ,          1   ,                        7   ,                   0   ,                    0   ,               16.9   ,                   4.3   ,               4.9   ,                11.9   ,              2.6   ,               12.0   ,              8.8   ,               12.0   ,                         6.2   ,              16   ,        0.6500   ,               30.0   ,                  8403   ,
2026-08-06 18:55:23 ,         139.0   ,            101.3   ,               26.2   ,        40.2   ,               0   ,                   0   ,            962   ,          1   ,                        7   ,                   0   ,                    0   ,               16.8   ,                   4.5   ,               4.9   ,                11.9   ,              2.7   ,               12.0   ,              8.6   ,               12.0   ,                         6.1   ,              16   ,        0.6500   ,               29.0   ,                  8404   ,
2026-08-06 18:55:24 ,         139.0   ,            101.3   ,               26.3   ,        40.3   ,               0   ,                   0   ,            961   ,          2   ,                        8   ,                   0   ,                    0   ,               18.4   ,                   5.3   ,               5.3   ,                11.9   ,              4.2   ,               12.0   ,             10.6   ,               12.0   ,                         8.0   ,              16   ,        0.6500   ,               34.0   ,                  8404   ,
2026-08-06 18:55:25 ,         139.0   ,            101.3   ,               26.3   ,        40.3   ,               0   ,                   0   ,            960   ,          5   ,                        8   ,                   0   ,                    0   ,               21.8   ,                   7.2   ,               6.2   ,                11.9   ,              4.3   ,               12.0   ,             10.6   ,               12.0   ,                         7.9   ,              16   ,        0.6500   ,               32.0   ,                  8401   ,
2026-08-06 18:55:26 ,         139.0   ,            101.3   ,               26.3   ,        40.3   ,               0   ,                   0   ,            959   ,          1   ,                        7   ,                   0   ,                    0   ,               21.5   ,                   6.9   ,               6.2   ,                11.9   ,              4.1   ,               12.0   ,             10.5   ,               12.0   ,                         7.9   ,              16   ,        0.6500   ,               30.0   ,                  8400   ,
2026-08-06 18:55:27 ,         139.0   ,            101.3   ,               26.3   ,        40.3   ,               0   ,                   0   ,            959   ,          0   ,                        7   ,                   0   ,                    0   ,               17.0   ,                   4.5   ,               5.0   ,                11.9   ,              2.7   ,               12.0   ,              8.7   ,               12.0   ,                         6.2   ,              16   ,        0.6500   ,               29.0   ,                  8400   ,
2026-08-06 18:55:28 ,         139.0   ,            101.3   ,               26.3   ,        40.3   ,               0   ,                   0   ,            959   ,          0   ,                        7   ,                   0   ,                    0   ,               18.0   ,                   4.3   ,               6.2   ,                11.9   ,              2.6   ,               12.0   ,              8.5   ,               12.0   ,                         6.5   ,              16   ,        0.6500   ,               29.0   ,                  8400   ,
2026-08-06 18:55:29 ,         139.0   ,            101.3   ,               26.1   ,        40.1   ,               0   ,                   0   ,            959   ,          1   ,                        7   ,                   0   ,                    0   ,               20.9   ,                   7.2   ,               6.3   ,                11.9   ,              4.3   ,               12.0   ,             10.7   ,               12.0   ,                         8.0   ,              16   ,        0.6500   ,               37.0   ,                  8400   ,
2026-08-06 18:55:29 ,         139.0   ,            101.3   ,               26.3   ,        40.3   ,               0   ,                   0   ,            959   ,          3   ,                        7   ,                   0   ,                    0   ,               21.5   ,                   6.9   ,               6.2   ,                11.9   ,              4.1   ,               12.0   ,             10.5   ,               12.0   ,                         7.8   ,              16   ,        0.6500   ,               29.0   ,                  8400   ,
2026-08-06 18:55:31 ,         139.0   ,            101.3   ,               26.3   ,        40.3   ,               0   ,                   0   ,            961   ,          3   ,                        7   ,                   0   ,                    0   ,               17.3   ,                   6.9   ,               6.1   ,                11.9   ,              4.1   ,               12.0   ,             10.5   ,               12.0   ,                         7.8   ,              16   ,        0.6500   ,               31.0   ,                  8401   ,
2026-08-06 18:55:32 ,         847.5   ,            202.5   ,               26.5   ,        40.5   ,               0   ,                   0   ,           1050   ,         50   ,                       31   ,                   0   ,                    5   ,               47.8   ,                  20.6   ,              12.5   ,                11.9   ,             12.5   ,               12.0   ,             22.5   ,               11.9   ,                        17.5   ,              16   ,        0.6500   ,               43.0   ,                  8430   ,
2026-08-06 18:55:33 ,        1733.5   ,           1377.0   ,               42.8   ,        56.8   ,               0   ,                   0   ,           1035   ,         96   ,                       94   ,                   0   ,                    0   ,              273.6   ,                 203.5   ,              38.1   ,                11.8   ,            122.1   ,               11.8   ,            112.7   ,               11.8   ,                        99.5   ,               1   ,        0.8930   ,               38.0   ,                  8433   ,
2026-08-06 18:55:34 ,        1708.5   ,           1377.0   ,               45.9   ,        59.9   ,               0   ,                   0   ,           1035   ,         96   ,                       92   ,                   0   ,                    0   ,              265.3   ,                 192.7   ,              37.6   ,                11.9   ,            115.6   ,               11.9   ,            111.4   ,               11.9   ,                        96.5   ,               1   ,        0.8810   ,               38.0   ,                  8432   ,
2026-08-06 18:55:35 ,        1695.5   ,           1377.0   ,               47.0   ,        61.0   ,               0   ,                   0   ,           1035   ,         96   ,                       92   ,                   0   ,                    0   ,              263.1   ,                 192.5   ,              37.6   ,                11.9   ,            115.5   ,               11.9   ,            109.3   ,               11.9   ,                        95.7   ,               1   ,        0.8750   ,               43.0   ,                  8432   ,
2026-08-06 18:55:36 ,        1708.5   ,           1377.0   ,               47.9   ,        61.9   ,               0   ,                   0   ,           1035   ,         96   ,                       91   ,                   0   ,                    0   ,              272.9   ,                 200.2   ,              38.1   ,                11.9   ,            120.1   ,               11.8   ,            114.0   ,               11.9   ,                        99.2   ,               1   ,        0.8810   ,               44.0   ,                  8432   ,
2026-08-06 18:55:37 ,        1708.5   ,           1377.0   ,               48.1   ,        62.1   ,               0   ,                   0   ,           1035   ,         96   ,                       92   ,                   0   ,                    0   ,              214.3   ,                 150.7   ,              33.6   ,                11.9   ,             90.4   ,               11.9   ,             89.6   ,               11.9   ,                        77.9   ,               1   ,        0.8930   ,               45.0   ,                  8426   ,
2026-08-06 18:55:38 ,        1721.0   ,           1377.0   ,               48.4   ,        62.4   ,               0   ,                   0   ,           1035   ,         96   ,                       94   ,                   0   ,                    0   ,              232.2   ,                  86.8   ,              24.0   ,                11.9   ,             30.2   ,               12.0   ,             44.6   ,               11.9   ,                        36.2   ,              16   ,        0.8930   ,               47.0   ,                  8424   ,
2026-08-06 18:55:39 ,        1733.5   ,           1377.0   ,               48.8   ,        62.8   ,               0   ,                   0   ,           1035   ,         93   ,                       92   ,                   0   ,                    0   ,              206.2   ,                 145.6   ,              32.4   ,                11.9   ,             63.6   ,               11.9   ,             68.1   ,               11.9   ,                        58.9   ,              16   ,        0.8930   ,               43.0   ,                  8424   ,
2026-08-06 18:55:40 ,        1733.5   ,           1377.0   ,               49.5   ,        63.5   ,               0   ,                   0   ,           1035   ,         96   ,                       93   ,                   0   ,                    0   ,              170.4   ,                 114.2   ,              29.5   ,                11.9   ,             68.5   ,               11.9   ,             71.7   ,               11.9   ,                        61.9   ,               1   ,        0.8930   ,               46.0   ,                  8424   ,
2026-08-06 18:55:41 ,        1733.5   ,           1377.0   ,               50.1   ,        64.1   ,               0   ,                   0   ,           1035   ,         96   ,                       94   ,                   0   ,                    0   ,              262.6   ,                 194.2   ,              37.3   ,                11.9   ,            116.5   ,               11.9   ,            108.1   ,               11.9   ,                        41.5   ,              16   ,        0.8930   ,               44.0   ,                  8422   ,
2026-08-06 18:55:41 ,        1708.5   ,           1377.0   ,               49.7   ,        63.7   ,               0   ,                   0   ,           1035   ,         96   ,                       93   ,                   0   ,                    0   ,              265.1   ,                 190.8   ,              37.7   ,                11.9   ,            114.5   ,               11.8   ,            112.3   ,               11.9   ,                        96.4   ,              16   ,        0.8810   ,               43.0   ,                  8423   ,
2026-08-06 18:55:42 ,        1733.5   ,           1377.0   ,               50.6   ,        64.6   ,               0   ,                   0   ,           1035   ,         96   ,                       93   ,                   0   ,                    0   ,              271.1   ,                 199.5   ,              37.6   ,                11.9   ,            119.7   ,               11.8   ,            113.1   ,               11.9   ,                        98.6   ,               1   ,        0.8930   ,               44.0   ,                  8422   ,
2026-08-06 18:55:44 ,        1708.5   ,           1377.0   ,               50.8   ,        64.8   ,               0   ,                   0   ,           1035   ,         96   ,                       93   ,                   0   ,                    0   ,              251.4   ,                 183.7   ,              37.7   ,                11.9   ,            110.2   ,               11.9   ,            102.8   ,               11.9   ,                        91.4   ,              16   ,        0.8810   ,               45.0   ,                  8419   ,
2026-08-06 18:55:45 ,        1708.5   ,           1377.0   ,               50.9   ,        64.9   ,               0   ,                   0   ,           1035   ,         91   ,                       86   ,                   0   ,                    0   ,               94.0   ,                  37.6   ,              23.0   ,                11.9   ,             22.6   ,               12.0   ,             38.8   ,               12.0   ,                        30.9   ,              16   ,        0.8810   ,               44.0   ,                  8419   ,
2026-08-06 18:55:46 ,        1733.5   ,           1377.0   ,               51.5   ,        65.5   ,               0   ,                   0   ,           1035   ,         96   ,                       94   ,                   0   ,                    0   ,              246.2   ,                 184.3   ,              36.2   ,                11.9   ,            110.6   ,               11.9   ,             98.7   ,               11.9   ,                        89.5   ,               1   ,        0.8810   ,               45.0   ,                  8417   ,
2026-08-06 18:55:47 ,        1721.0   ,           1377.0   ,               51.5   ,        65.5   ,               0   ,                   0   ,           1035   ,         91   ,                       90   ,                   0   ,                    0   ,              147.1   ,                  93.3   ,              27.8   ,                11.9   ,             56.0   ,               11.9   ,             62.6   ,               11.9   ,                        53.5   ,              16   ,        0.8930   ,               46.0   ,                  8417   ,
2026-08-06 18:55:48 ,        1708.5   ,           1377.0   ,               51.6   ,        65.6   ,               0   ,                   0   ,           1035   ,         86   ,                       83   ,                   0   ,                    0   ,              166.3   ,                 109.4   ,              29.4   ,                11.9   ,             65.7   ,               11.9   ,             70.5   ,               11.9   ,                        60.5   ,               1   ,        0.8810   ,               45.0   ,                  8415   ,
2026-08-06 18:55:49 ,        1733.5   ,           1377.0   ,               52.2   ,        66.2   ,               0   ,                   0   ,           1035   ,         90   ,                       88   ,                   0   ,                    0   ,              174.0   ,                 116.1   ,              29.4   ,                11.9   ,             69.7   ,               11.9   ,             74.2   ,               11.9   ,                        82.2   ,              16   ,        0.8930   ,               43.0   ,                  8415   ,
2026-08-06 18:55:50 ,        1733.5   ,           1377.0   ,               52.0   ,        66.0   ,               0   ,                   0   ,           1035   ,         84   ,                       82   ,                   0   ,                    0   ,              255.8   ,                 187.3   ,              36.1   ,                11.9   ,            112.4   ,               11.9   ,             49.2   ,               11.9   ,                        40.7   ,              16   ,        0.8930   ,               45.0   ,                  8415   ,
2026-08-06 18:55:51 ,        1708.5   ,           1377.0   ,               53.0   ,        67.0   ,               0   ,                   0   ,           1035   ,         95   ,                       92   ,                   0   ,                    0   ,              267.1   ,                 197.0   ,              38.0   ,                11.9   ,             26.3   ,               12.0   ,             41.5   ,               11.9   ,                        59.9   ,              16   ,        0.8810   ,               43.0   ,                  8413   ,
2026-08-06 18:55:52 ,        1708.5   ,           1377.0   ,               53.3   ,        67.3   ,               0   ,                   0   ,           1035   ,         96   ,                       93   ,                   0   ,                    0   ,              170.8   ,                 113.7   ,              30.0   ,                11.9   ,             68.2   ,               11.9   ,             71.9   ,               11.9   ,                        62.1   ,               1   ,        0.8810   ,               42.0   ,                  8412   ,
2026-08-06 18:55:53 ,        1695.5   ,           1377.0   ,               53.4   ,        67.4   ,               0   ,                   0   ,           1035   ,         95   ,                       92   ,                   0   ,                    0   ,              230.7   ,                 164.0   ,              35.0   ,                11.9   ,             98.4   ,               11.9   ,             96.7   ,               11.9   ,                        83.9   ,              16   ,        0.8930   ,               43.0   ,                  8413   ,
2026-08-06 18:55:54 ,        1708.5   ,           1377.0   ,               53.8   ,        67.7   ,               0   ,                   0   ,           1035   ,         96   ,                       93   ,                   0   ,                    0   ,              264.2   ,                  77.7   ,              26.7   ,                11.9   ,             46.6   ,               11.9   ,             56.4   ,               11.9   ,                        47.4   ,              16   ,        0.8810   ,               39.0   ,                  8411   ,
2026-08-06 18:55:55 ,        1695.5   ,           1377.0   ,               54.1   ,        68.1   ,               0   ,                   0   ,           1035   ,         95   ,                       91   ,                   0   ,                    0   ,              156.8   ,                 100.3   ,              28.9   ,                11.9   ,             60.2   ,               11.9   ,             67.1   ,               11.9   ,                        57.0   ,               1   ,        0.8750   ,               46.0   ,                  8412   ,
2026-08-06 18:55:56 ,        1708.5   ,           1377.0   ,               53.8   ,        67.8   ,               0   ,                   0   ,           1035   ,         92   ,                       89   ,                   0   ,                    0   ,              186.5   ,                 123.7   ,              31.0   ,                11.9   ,             74.2   ,               11.9   ,             80.6   ,               11.9   ,                        67.8   ,              16   ,        0.8810   ,               37.0   ,                  8412   ,
2026-08-06 18:55:57 ,        1708.5   ,           1377.0   ,               54.5   ,        68.5   ,               0   ,                   0   ,           1035   ,         95   ,                       93   ,                   0   ,                    0   ,              149.3   ,                  94.1   ,              28.3   ,                11.9   ,             56.4   ,               11.9   ,             63.9   ,               11.9   ,                        54.3   ,               1   ,        0.8810   ,               46.0   ,                  8410   ,
2026-08-06 18:55:58 ,        1708.5   ,           1377.0   ,               54.8   ,        68.8   ,               0   ,                   0   ,           1035   ,         96   ,                       93   ,                   0   ,                    0   ,              203.5   ,                 142.3   ,              33.1   ,                11.9   ,             85.4   ,               11.9   ,             84.3   ,               11.9   ,                        74.0   ,               1   ,        0.8810   ,               46.0   ,                  8411   ,
2026-08-06 18:55:59 ,        1708.5   ,           1377.0   ,               54.6   ,        68.6   ,               0   ,                   0   ,           1035   ,         95   ,                       93   ,                   0   ,                    0   ,              113.9   ,                  62.8   ,              25.6   ,                11.9   ,             37.7   ,               12.0   ,             50.0   ,               11.9   ,                        41.4   ,               1   ,        0.8810   ,               46.0   ,                  8411   ,
2026-08-06 18:56:00 ,        1708.5   ,           1377.0   ,               55.3   ,        69.3   ,               0   ,                   0   ,           1035   ,         96   ,                       93   ,                   0   ,                    0   ,              219.5   ,                  58.8   ,              26.4   ,                11.9   ,             35.3   ,               12.0   ,             48.0   ,               11.9   ,                        40.1   ,              16   ,        0.8810   ,               44.0   ,                  8410   ,
2026-08-06 18:56:01 ,        1721.0   ,           1377.0   ,               55.6   ,        69.6   ,               0   ,                   0   ,           1035   ,         95   ,                       92   ,                   0   ,                    0   ,              135.1   ,                  82.2   ,              27.0   ,                11.9   ,             49.3   ,               11.9   ,             58.2   ,               11.9   ,                        49.1   ,              16   ,        0.8930   ,               42.0   ,                  8409   ,
2026-08-06 18:56:02 ,        1708.5   ,           1377.0   ,               56.1   ,        70.1   ,               0   ,                   0   ,           1035   ,         96   ,                       93   ,                   0   ,                    0   ,              109.2   ,                  59.0   ,              24.9   ,                11.9   ,             35.4   ,               12.0   ,             48.3   ,               11.9   ,                        39.7   ,               1   ,        0.8810   ,               47.0   ,                  8407   ,
2026-08-06 18:56:03 ,        1708.5   ,           1377.0   ,               56.1   ,        70.1   ,               0   ,                   0   ,           1034   ,         96   ,                       93   ,                   0   ,                    0   ,              115.6   ,                  64.7   ,              25.5   ,                11.9   ,             38.8   ,               12.0   ,             50.6   ,               11.9   ,                        42.0   ,               1   ,        0.8810   ,               43.0   ,                  8543   ,
2026-08-06 18:56:04 ,        1695.5   ,           1377.0   ,               56.3   ,        70.3   ,               0   ,                   0   ,           1034   ,         97   ,                       93   ,                   0   ,                    0   ,              114.9   ,                  63.8   ,              25.5   ,                11.9   ,             38.2   ,               12.0   ,             50.5   ,               11.9   ,                        41.8   ,               1   ,        0.8750   ,               43.0   ,                  8590   ,
2026-08-06 18:56:05 ,        1708.5   ,           1377.0   ,               56.7   ,        70.7   ,               0   ,                   0   ,           1034   ,         95   ,                       93   ,                   0   ,                    0   ,              267.6   ,                 195.7   ,              37.5   ,                11.9   ,            117.4   ,               11.9   ,            112.1   ,               11.9   ,                        97.3   ,               1   ,        0.8930   ,               45.0   ,                  8587   ,
2026-08-06 18:56:06 ,        1708.5   ,           1377.0   ,               57.0   ,        71.0   ,               0   ,                   0   ,           1034   ,         96   ,                       93   ,                   0   ,                    0   ,              269.6   ,                  59.1   ,              25.1   ,                11.9   ,             35.5   ,               12.0   ,             48.3   ,               11.9   ,                        39.9   ,               1   ,        0.8810   ,               47.0   ,                  8561   ,
2026-08-06 18:56:06 ,        1708.5   ,           1377.0   ,               57.0   ,        71.0   ,               0   ,                   0   ,           1034   ,         94   ,                       90   ,                   0   ,                    0   ,              274.1   ,                 201.6   ,              38.2   ,                11.9   ,            120.9   ,               11.9   ,            114.3   ,               11.9   ,                        99.7   ,               1   ,        0.8810   ,               45.0   ,                  8567   ,
2026-08-06 18:56:08 ,        1695.5   ,           1377.0   ,               57.3   ,        71.3   ,               3   ,                   0   ,           1034   ,         96   ,                       91   ,                   0   ,                    0   ,              138.8   ,                  84.2   ,              27.4   ,                11.9   ,             50.5   ,               11.9   ,             60.2   ,               11.9   ,                        50.5   ,               1   ,        0.8750   ,               45.0   ,                  8566   ,
2026-08-06 18:56:09 ,        1708.5   ,           1377.0   ,               57.4   ,        71.4   ,               6   ,                   0   ,           1034   ,         96   ,                       92   ,                   0   ,                    0   ,              265.5   ,                 191.0   ,              37.5   ,                11.9   ,            114.6   ,               11.8   ,            112.8   ,               11.9   ,                        47.8   ,              16   ,        0.8810   ,               39.0   ,                  8563   ,
2026-08-06 18:56:10 ,        1708.5   ,           1377.0   ,               57.8   ,        71.8   ,               8   ,                   0   ,           1034   ,         95   ,                       91   ,                   0   ,                    0   ,              177.8   ,                 118.9   ,              30.5   ,                11.9   ,             71.3   ,               11.9   ,             75.3   ,               11.9   ,                        64.7   ,               1   ,        0.8810   ,               43.0   ,                  8560   ,
2026-08-06 18:56:10 ,        1708.5   ,           1377.0   ,               57.5   ,        71.5   ,              12   ,                   0   ,           1034   ,         94   ,                       90   ,                   0   ,                    0   ,              258.8   ,                 192.0   ,              37.8   ,                11.9   ,            115.2   ,               11.9   ,            105.1   ,               11.9   ,                        94.1   ,              16   ,        0.8810   ,               47.0   ,                  8557   ,
2026-08-06 18:56:12 ,        1721.0   ,           1377.0   ,               58.3   ,        72.3   ,              14   ,                   0   ,           1034   ,         94   ,                       88   ,                   0   ,                    0   ,              275.1   ,                 201.9   ,              38.1   ,                11.9   ,             48.5   ,               11.9   ,             58.7   ,               11.9   ,                        49.0   ,              16   ,        0.8930   ,               41.0   ,                  8556   ,
2026-08-06 18:56:13 ,        1708.5   ,           1377.0   ,               58.5   ,        72.5   ,              17   ,                   0   ,           1034   ,         90   ,                       86   ,                   0   ,                    0   ,              266.7   ,                 193.9   ,              37.7   ,                11.9   ,             29.7   ,               12.0   ,             44.0   ,               11.9   ,                        35.8   ,              16   ,        0.8810   ,               46.0   ,                  8549   ,
2026-08-06 18:56:14 ,        1708.5   ,           1377.0   ,               58.4   ,        72.4   ,              19   ,                   0   ,           1034   ,         87   ,                       83   ,                   0   ,                    0   ,              141.8   ,                  86.6   ,              28.0   ,                11.9   ,             51.9   ,               11.9   ,             61.2   ,               11.9   ,                        51.6   ,              16   ,        0.8810   ,               45.0   ,                  8549   ,
2026-08-06 18:56:15 ,        1708.5   ,           1377.0   ,               58.3   ,        72.3   ,              22   ,                   0   ,           1034   ,         86   ,                       84   ,                   0   ,                    0   ,              148.2   ,                  93.4   ,              28.2   ,                11.9   ,             56.1   ,               11.9   ,             63.3   ,               11.9   ,                        53.9   ,              16   ,        0.8810   ,               46.0   ,                  8549   ,
2026-08-06 18:56:16 ,        1683.0   ,           1377.0   ,               58.8   ,        72.8   ,              23   ,                   0   ,           1034   ,         89   ,                       85   ,                   0   ,                    0   ,              243.0   ,                 175.8   ,              37.2   ,                11.9   ,            105.4   ,               11.9   ,             99.6   ,               11.9   ,                        88.4   ,               1   ,        0.8750   ,               45.0   ,                  8547   ,
2026-08-06 18:56:17 ,        1746.5   ,           1377.0   ,               58.7   ,        72.7   ,              24   ,                   0   ,           1034   ,         85   ,                       84   ,                   0   ,                    0   ,              289.7   ,                 215.3   ,              38.5   ,                11.9   ,            129.2   ,               11.8   ,            121.3   ,               11.8   ,                        42.1   ,               1   ,        0.8930   ,               45.0   ,                  8546   ,
2026-08-06 18:56:18 ,        1708.5   ,           1377.0   ,               58.2   ,        72.2   ,              24   ,                   0   ,           1034   ,         79   ,                       77   ,                   0   ,                    0   ,              207.0   ,                 146.1   ,              33.1   ,                11.9   ,             87.7   ,               11.9   ,             85.7   ,               11.9   ,                        75.3   ,              16   ,        0.8810   ,               44.0   ,                  8546   ,
2026-08-06 18:56:19 ,        1708.5   ,           1377.0   ,               59.7   ,        73.7   ,              24   ,                   0   ,           1034   ,         95   ,                       92   ,                   0   ,                    0   ,              118.1   ,                  66.9   ,              25.6   ,                11.9   ,             40.2   ,               12.0   ,             51.6   ,               11.9   ,                        42.9   ,              16   ,        0.8810   ,               44.0   ,                  8546   ,
2026-08-06 18:56:20 ,        1708.5   ,           1377.0   ,               60.0   ,        74.0   ,              25   ,                   0   ,           1034   ,         95   ,                       91   ,                   0   ,                    0   ,              141.0   ,                  87.9   ,              27.4   ,                11.9   ,             52.7   ,               11.9   ,             60.2   ,               11.9   ,                        51.3   ,               1   ,        0.8810   ,               47.0   ,                  8547   ,
2026-08-06 18:56:21 ,        1683.0   ,           1377.0   ,               60.2   ,        74.2   ,              25   ,                   0   ,           1034   ,         96   ,                       92   ,                   0   ,                    0   ,              138.0   ,                  86.0   ,              27.4   ,                11.9   ,             51.6   ,               11.9   ,             58.3   ,               11.9   ,                        50.2   ,              16   ,        0.8750   ,               47.0   ,                  8547   ,
2026-08-06 18:56:22 ,        1708.5   ,           1377.0   ,               60.4   ,        74.4   ,              25   ,                   0   ,           1034   ,         95   ,                       92   ,                   0   ,                    0   ,              232.6   ,                 167.6   ,              34.9   ,                11.9   ,            100.6   ,               11.9   ,             96.4   ,               11.9   ,                        84.6   ,              16   ,        0.9000   ,               43.0   ,                  8547   ,
2026-08-06 18:56:23 ,        1695.5   ,           1377.0   ,               60.6   ,        74.6   ,              26   ,                   0   ,           1034   ,         96   ,                       93   ,                   0   ,                    0   ,              260.2   ,                 189.0   ,              37.8   ,                11.9   ,            113.4   ,               11.9   ,            108.3   ,               11.9   ,                        51.8   ,              16   ,        0.8810   ,               42.0   ,                  8547   ,
2026-08-06 18:56:24 ,        1708.5   ,           1377.0   ,               60.8   ,        74.8   ,              26   ,                   0   ,           1034   ,         92   ,                       88   ,                   0   ,                    0   ,              122.1   ,                  70.6   ,              26.1   ,                11.9   ,             42.4   ,               12.0   ,             53.0   ,               11.9   ,                        44.4   ,               1   ,        0.8810   ,               46.0   ,                  8546   ,
2026-08-06 18:56:25 ,        1695.5   ,           1377.0   ,               61.1   ,        75.1   ,              27   ,                   0   ,           1034   ,         96   ,                       93   ,                   0   ,                    0   ,              281.3   ,                 209.3   ,              38.6   ,                11.8   ,             40.8   ,               11.9   ,             52.3   ,               11.9   ,                        43.6   ,              16   ,        0.8810   ,               43.0   ,                  8546   ,
2026-08-06 18:56:26 ,        1695.5   ,           1377.0   ,               61.2   ,        75.2   ,              27   ,                   0   ,           1034   ,         96   ,                       94   ,                   0   ,                    0   ,              171.1   ,                 113.6   ,              29.9   ,                11.9   ,             68.1   ,               11.9   ,             72.4   ,               11.9   ,                        62.2   ,              16   ,        0.8810   ,               45.0   ,                  8546   ,
2026-08-06 18:56:27 ,        1695.5   ,           1377.0   ,               61.4   ,        75.4   ,              27   ,                   0   ,           1034   ,         96   ,                       90   ,                   0   ,                    0   ,              201.6   ,                 139.8   ,              32.5   ,                11.9   ,             83.9   ,               11.9   ,             84.5   ,               11.9   ,                        73.3   ,               1   ,        0.8810   ,               46.0   ,                  8546   ,
2026-08-06 18:56:28 ,        1683.0   ,           1377.0   ,               61.8   ,        75.8   ,              28   ,                   0   ,           1034   ,         93   ,                       90   ,                   0   ,                    0   ,              205.2   ,                 142.8   ,              32.8   ,                11.9   ,             85.7   ,               11.9   ,             86.1   ,               11.9   ,                        74.6   ,               1   ,        0.8750   ,               45.0   ,                  8547   ,
2026-08-06 18:56:29 ,        1695.5   ,           1377.0   ,               61.8   ,        75.8   ,              28   ,                   0   ,           1034   ,         96   ,                       87   ,                   0   ,                    0   ,              148.9   ,                  94.7   ,              28.2   ,                11.9   ,             56.8   ,               11.9   ,             63.3   ,               11.9   ,                        54.2   ,              16   ,        0.8810   ,               46.0   ,                  8547   ,
2026-08-06 18:56:30 ,        1708.5   ,           1377.0   ,               62.2   ,        76.2   ,              28   ,                   0   ,           1034   ,         93   ,                       91   ,                   0   ,                    0   ,              126.5   ,                  75.7   ,              26.5   ,                11.9   ,             45.4   ,               11.9   ,             53.9   ,               11.9   ,                        46.0   ,              16   ,        0.8810   ,               46.0   ,                  8546   ,
2026-08-06 18:56:31 ,        1708.5   ,           1377.0   ,               62.3   ,        76.3   ,              29   ,                   0   ,           1034   ,         96   ,                       93   ,                   0   ,                    0   ,              170.7   ,                 114.0   ,              29.9   ,                11.9   ,             68.4   ,               11.9   ,             71.8   ,               11.9   ,                        62.1   ,               1   ,        0.8810   ,               46.0   ,                  8546   ,
2026-08-06 18:56:32 ,        1708.5   ,           1377.0   ,               62.8   ,        76.8   ,              29   ,                   0   ,           1034   ,         94   ,                       91   ,                   0   ,                    0   ,              280.8   ,                 205.4   ,              39.7   ,                11.8   ,            123.2   ,               11.8   ,            117.2   ,               11.9   ,                       102.1   ,               1   ,        0.8810   ,               46.0   ,                  8546   ,
2026-08-06 18:56:33 ,        1695.5   ,           1377.0   ,               62.9   ,        76.9   ,              30   ,                   0   ,           1034   ,         96   ,                       93   ,                   0   ,                    0   ,              131.5   ,                  79.0   ,              26.9   ,                11.9   ,             47.4   ,               11.9   ,             56.6   ,               11.9   ,                        47.8   ,              16   ,        0.8810   ,               47.0   ,                  8528   ,
2026-08-06 18:56:34 ,        1683.0   ,           1377.0   ,               63.0   ,        77.0   ,              30   ,                   0   ,           1034   ,         96   ,                       92   ,                   0   ,                    0   ,              106.0   ,                  56.6   ,              24.9   ,                11.9   ,             34.0   ,               12.0   ,             46.5   ,               11.9   ,                        38.6   ,              16   ,        0.8750   ,               45.0   ,                  8522   ,
2026-08-06 18:56:35 ,        1695.5   ,           1377.0   ,               63.2   ,        77.2   ,              30   ,                   0   ,           1034   ,         96   ,                       94   ,                   0   ,                    0   ,              137.8   ,                  83.8   ,              27.6   ,                11.9   ,             50.3   ,               11.9   ,             59.3   ,               11.9   ,                        50.1   ,              16   ,        0.8810   ,               43.0   ,                  8398   ,
2026-08-06 18:56:36 ,        1683.0   ,           1377.0   ,               62.9   ,        76.9   ,              31   ,                   0   ,           1034   ,         97   ,                       75   ,                   0   ,                    0   ,              259.3   ,                 190.1   ,              38.3   ,                11.9   ,            114.0   ,               11.9   ,            106.3   ,               11.9   ,                        68.9   ,              16   ,        0.8810   ,               42.0   ,                  8395   ,
2026-08-06 18:56:37 ,        1708.5   ,           1377.0   ,               63.4   ,        77.4   ,              31   ,                   0   ,           1034   ,         90   ,                       89   ,                   0   ,                    0   ,              115.4   ,                  63.6   ,              25.4   ,                11.9   ,             38.2   ,               12.0   ,             51.1   ,               11.9   ,                        42.0   ,              16   ,        0.8810   ,               46.0   ,                  8395   ,
2026-08-06 18:56:38 ,        1683.0   ,           1377.0   ,               63.7   ,        77.7   ,              31   ,                   0   ,           1034   ,         87   ,                       83   ,                   0   ,                    0   ,              273.4   ,                 201.2   ,              38.5   ,                11.9   ,             21.6   ,               12.0   ,             38.2   ,               12.0   ,                        30.3   ,              16   ,        0.8810   ,               41.0   ,                  8389   ,
2026-08-06 18:56:39 ,        1695.5   ,           1377.0   ,               63.7   ,        77.7   ,              31   ,                   0   ,           1034   ,         83   ,                       81   ,                   0   ,                    0   ,              165.4   ,                 108.6   ,              29.5   ,                11.9   ,             65.2   ,               11.9   ,             70.0   ,               11.9   ,                        60.1   ,               1   ,        0.8810   ,               45.0   ,                  8388   ,
2026-08-06 18:56:40 ,        1708.5   ,           1377.0   ,               63.8   ,        77.8   ,              32   ,                   0   ,           1034   ,         85   ,                       82   ,                   0   ,                    0   ,              226.7   ,                 160.4   ,              34.5   ,                11.9   ,             96.2   ,               11.9   ,             95.3   ,               11.9   ,                        82.5   ,               1   ,        0.8810   ,               46.0   ,                  8388   ,
2026-08-06 18:56:41 ,        1695.5   ,           1377.0   ,               63.8   ,        78.0   ,              32   ,                   0   ,           1034   ,         91   ,                       89   ,                   0   ,                    0   ,              218.1   ,                 153.4   ,              34.0   ,                11.9   ,             92.0   ,               11.9   ,             91.4   ,               11.9   ,                        79.3   ,              16   ,        0.8810   ,               46.0   ,                  8388   ,
2026-08-06 18:56:42 ,        1721.0   ,           1377.0   ,               63.4   ,        77.4   ,              32   ,                   0   ,           1034   ,         94   ,                       89   ,                   0   ,                    0   ,              229.4   ,                  73.9   ,              26.4   ,                11.9   ,             44.3   ,               11.9   ,             55.1   ,               11.9   ,                        46.0   ,              16   ,        0.8930   ,               45.0   ,                  8386   ,
2026-08-06 18:56:43 ,        1683.0   ,           1377.0   ,               64.3   ,        78.3   ,              33   ,                   0   ,           1034   ,         89   ,                       86   ,                   0   ,                    0   ,              233.4   ,                 166.8   ,              35.3   ,                11.8   ,            100.1   ,               11.9   ,             97.3   ,               11.9   ,                        84.9   ,              16   ,        0.8750   ,               44.0   ,                  8388   ,
2026-08-06 18:56:44 ,        1695.5   ,           1377.0   ,               64.7   ,        78.7   ,              33   ,                   0   ,           1034   ,         96   ,                       94   ,                   0   ,                    0   ,              180.1   ,                 121.1   ,              30.6   ,                11.9   ,             75.7   ,               11.9   ,             74.5   ,               11.9   ,                        66.2   ,              16   ,        0.8750   ,               46.0   ,                  8388   ,
2026-08-06 18:56:45 ,        1695.5   ,           1377.0   ,               64.9   ,        78.9   ,              33   ,                   0   ,           1034   ,         95   ,                       92   ,                   0   ,                    0   ,              280.3   ,                 209.6   ,              38.6   ,                11.8   ,            125.8   ,               11.9   ,            115.3   ,               11.9   ,                       101.9   ,              16   ,        0.8810   ,               46.0   ,                  8388   ,
2026-08-06 18:56:46 ,        1670.5   ,           1377.0   ,               65.3   ,        79.3   ,              33   ,                   0   ,           1034   ,         96   ,                       92   ,                   0   ,                    0   ,              149.8   ,                  93.9   ,              28.7   ,                11.9   ,             56.3   ,               11.9   ,             64.0   ,               11.9   ,                        54.5   ,               1   ,        0.8620   ,               49.0   ,                  8387   ,
2026-08-06 18:56:47 ,        1683.0   ,           1377.0   ,               65.3   ,        79.3   ,              34   ,                   0   ,           1034   ,         93   ,                       90   ,                   0   ,                    0   ,              178.4   ,                 120.6   ,              30.6   ,                11.9   ,             72.3   ,               11.9   ,             74.8   ,               11.9   ,                        64.9   ,              16   ,        0.8750   ,               44.0   ,                  8387   ,
2026-08-06 18:56:48 ,        1683.0   ,           1377.0   ,               65.8   ,        79.8   ,              34   ,                   0   ,           1034   ,         96   ,                       93   ,                   0   ,                    0   ,              233.8   ,                 165.6   ,              28.9   ,                11.9   ,             50.6   ,               11.9   ,             58.6   ,               11.9   ,                        50.5   ,              16   ,        0.8750   ,               45.0   ,                  8387   ,
2026-08-06 18:56:49 ,        1670.5   ,           1377.0   ,               65.6   ,        79.6   ,              35   ,                   0   ,           1034   ,         93   ,                       91   ,                   0   ,                    0   ,              263.2   ,                 192.0   ,              38.3   ,                11.8   ,            115.2   ,               11.9   ,            109.0   ,               11.9   ,                        41.5   ,              16   ,        0.8750   ,               45.0   ,                  8388   ,
2026-08-06 18:56:50 ,        1683.0   ,           1377.0   ,               65.8   ,        79.8   ,              35   ,                   0   ,           1034   ,         95   ,                       93   ,                   0   ,                    0   ,              271.0   ,                 196.5   ,              38.5   ,                11.8   ,            117.9   ,               11.8   ,            113.9   ,               11.9   ,                        98.5   ,               1   ,        0.8750   ,               46.0   ,                  8387   ,
2026-08-06 18:56:51 ,        1670.5   ,           1377.0   ,               66.1   ,        80.1   ,              35   ,                   0   ,           1034   ,         94   ,                       90   ,                   0   ,                    0   ,              144.6   ,                  89.3   ,              28.3   ,                11.9   ,             53.6   ,               11.9   ,             62.1   ,               11.9   ,                        52.6   ,               1   ,        0.8620   ,               45.0   ,                  8388   ,
2026-08-06 18:56:52 ,        1683.0   ,           1377.0   ,               66.4   ,        80.4   ,              36   ,                   0   ,           1034   ,         96   ,                       92   ,                   0   ,                    0   ,              105.5   ,                  55.5   ,              24.9   ,                11.9   ,             33.3   ,               12.0   ,             46.7   ,               11.9   ,                        38.4   ,               1   ,        0.8750   ,               47.0   ,                  8388   ,
2026-08-06 18:56:53 ,        1670.5   ,           1377.0   ,               66.6   ,        80.6   ,              36   ,                   0   ,           1034   ,         96   ,                       92   ,                   0   ,                    0   ,              271.1   ,                 196.2   ,              38.8   ,                11.8   ,             37.6   ,               12.0   ,             49.8   ,               11.9   ,                        41.3   ,               1   ,        0.8620   ,               47.0   ,                  8388   ,
2026-08-06 18:56:54 ,        1670.5   ,           1377.0   ,               66.4   ,        80.4   ,              36   ,                   0   ,           1034   ,         91   ,                       87   ,                   0   ,                    0   ,              273.1   ,                 198.4   ,              38.8   ,                11.8   ,            119.0   ,               11.9   ,            114.7   ,               11.9   ,                        99.3   ,              16   ,        0.8620   ,               46.0   ,                  8387   ,
2026-08-06 18:56:54 ,        1683.0   ,           1377.0   ,               66.7   ,        80.7   ,              36   ,                   0   ,           1032   ,         95   ,                       92   ,                   0   ,                    0   ,              269.6   ,                 198.7   ,              38.4   ,                11.8   ,            119.2   ,               11.9   ,            111.4   ,               11.9   ,                        98.0   ,              16   ,        0.8750   ,               47.0   ,                  8387   ,
2026-08-06 18:56:56 ,        1683.0   ,           1377.0   ,               67.0   ,        81.0   ,              37   ,                   0   ,           1032   ,         95   ,                       93   ,                   0   ,                    0   ,              107.1   ,                  56.7   ,              25.0   ,                11.9   ,             34.0   ,               12.0   ,             47.3   ,               11.9   ,                        38.9   ,               1   ,        0.8620   ,               44.0   ,                  8387   ,
2026-08-06 18:56:57 ,        1695.5   ,           1377.0   ,               67.5   ,        81.5   ,              37   ,                   0   ,           1032   ,         96   ,                       93   ,                   0   ,                    0   ,              115.9   ,                  65.5   ,              25.9   ,                11.9   ,             39.3   ,               12.0   ,             50.0   ,               11.9   ,                        70.0   ,              16   ,        0.8750   ,               43.0   ,                  8386   ,
2026-08-06 18:56:58 ,        1683.0   ,           1377.0   ,               67.2   ,        81.2   ,              37   ,                   0   ,           1032   ,         91   ,                       87   ,                   0   ,                    0   ,              247.1   ,                 178.7   ,              36.5   ,                11.9   ,            107.2   ,               11.9   ,            102.7   ,               11.9   ,                        89.8   ,              16   ,        0.8750   ,               46.0   ,                  8386   ,
2026-08-06 18:56:59 ,        1670.5   ,           1377.0   ,               67.2   ,        81.2   ,              37   ,                   0   ,           1032   ,         96   ,                       93   ,                   0   ,                    0   ,               93.5   ,                  45.1   ,              23.9   ,                11.9   ,             27.1   ,               12.0   ,             41.9   ,               11.9   ,                        34.0   ,              16   ,        0.8620   ,               47.0   ,                  8386   ,
2026-08-06 18:57:00 ,        1683.0   ,           1377.0   ,               67.1   ,        81.1   ,              38   ,                   0   ,           1032   ,         96   ,                       94   ,                   0   ,                    0   ,              260.0   ,                 188.2   ,              37.5   ,                11.9   ,             58.7   ,               11.9   ,             64.0   ,               11.9   ,                        55.4   ,              16   ,        0.8750   ,               41.0   ,                  8386   ,
2026-08-06 18:57:00 ,        1670.5   ,           1377.0   ,               67.8   ,        81.8   ,              38   ,                   0   ,           1032   ,         93   ,                       89   ,                   0   ,                    0   ,              269.1   ,                 199.0   ,              38.2   ,                11.8   ,            119.4   ,               11.9   ,            110.9   ,               11.9   ,                        97.9   ,               1   ,        0.8620   ,               46.0   ,                  8386   ,
2026-08-06 18:57:02 ,        1708.5   ,           1377.0   ,               67.9   ,        81.9   ,              38   ,                   0   ,           1032   ,         88   ,                       85   ,                   0   ,                    0   ,              117.2   ,                  65.8   ,              25.7   ,                11.9   ,             39.5   ,               12.0   ,             51.3   ,               11.9   ,                        42.6   ,               1   ,        0.8750   ,               48.0   ,                  8386   ,
2026-08-06 18:57:03 ,        1670.5   ,           1377.0   ,               68.3   ,        82.3   ,              39   ,                   0   ,           1032   ,         96   ,                       93   ,                   0   ,                    0   ,              127.2   ,                  74.4   ,              26.8   ,                11.9   ,             44.7   ,               12.0   ,             55.0   ,               11.9   ,                        46.2   ,               1   ,        0.8620   ,               47.0   ,                  8386   ,
2026-08-06 18:57:04 ,        1670.5   ,           1377.0   ,               67.9   ,        81.9   ,              39   ,                   0   ,           1032   ,         86   ,                       83   ,                   0   ,                    0   ,              176.1   ,                 117.3   ,              32.4   ,                11.9   ,             70.4   ,               11.9   ,             72.6   ,               11.9   ,                        64.0   ,               1   ,        0.8620   ,               45.0   ,                  8531   ,
2026-08-06 18:57:05 ,        1683.0   ,           1377.0   ,               68.0   ,        82.0   ,              39   ,                   0   ,           1032   ,         94   ,                       91   ,                   0   ,                    0   ,              234.7   ,                 169.0   ,              36.2   ,                11.9   ,            101.4   ,               11.9   ,             96.4   ,               11.9   ,                        85.3   ,               1   ,        0.8750   ,               42.0   ,                  8570   ,
2026-08-06 18:57:06 ,        1683.0   ,           1377.0   ,               67.9   ,        81.9   ,              39   ,                   0   ,           1031   ,         94   ,                       92   ,                   0   ,                    0   ,              141.0   ,                  61.8   ,              25.6   ,                11.9   ,             37.1   ,               12.0   ,             49.4   ,               11.9   ,                        41.0   ,              16   ,        0.8750   ,               45.0   ,                  8577   ,
2026-08-06 18:57:07 ,        1670.5   ,           1377.0   ,               68.8   ,        82.8   ,              40   ,                   0   ,           1031   ,         94   ,                       91   ,                   0   ,                    0   ,              261.3   ,                 190.3   ,              37.7   ,                11.8   ,            114.2   ,               11.9   ,            108.7   ,               11.9   ,                        95.0   ,              16   ,        0.8620   ,               46.0   ,                  8596   ,
2026-08-06 18:57:08 ,        1670.5   ,           1377.0   ,               69.0   ,        83.0   ,              40   ,                   0   ,           1031   ,         95   ,                       92   ,                   0   ,                    0   ,              129.3   ,                  64.0   ,              26.1   ,                11.9   ,             38.4   ,               11.9   ,             51.4   ,               11.9   ,                        42.4   ,              16   ,        0.8810   ,               44.0   ,                  8595   ,
2026-08-06 18:57:09 ,        1670.5   ,           1377.0   ,               69.0   ,        83.0   ,              40   ,                   0   ,           1031   ,         96   ,                       92   ,                   0   ,                    0   ,              164.3   ,                 106.6   ,              30.2   ,                11.9   ,             64.0   ,               11.9   ,             69.4   ,               11.9   ,                        59.7   ,              16   ,        0.8620   ,               48.0   ,                  8588   ,
2026-08-06 18:57:10 ,        1670.5   ,           1377.0   ,               69.4   ,        83.4   ,              41   ,                   0   ,           1031   ,         92   ,                       88   ,                   0   ,                    0   ,              269.2   ,                  43.5   ,              23.8   ,                11.9   ,             26.1   ,               12.0   ,             41.4   ,               12.0   ,                        33.5   ,               1   ,        0.8620   ,               38.0   ,                  8584   ,
2026-08-06 18:57:10 ,        1683.0   ,           1377.0   ,               69.5   ,        83.5   ,              41   ,                   0   ,           1031   ,         95   ,                       93   ,                   0   ,                    0   ,              281.3   ,                 206.5   ,              39.0   ,                11.8   ,            123.9   ,               11.8   ,            117.8   ,               11.9   ,                       102.3   ,              16   ,        0.8750   ,               46.0   ,                  8583   ,
2026-08-06 18:57:12 ,        1670.5   ,           1377.0   ,               69.4   ,        83.4   ,              41   ,                   0   ,           1031   ,         96   ,                       92   ,                   0   ,                    0   ,              267.8   ,                 194.1   ,              38.6   ,                11.8   ,            116.5   ,               11.9   ,            112.1   ,               11.9   ,                        97.4   ,              16   ,        0.8620   ,               45.0   ,                  8583   ,
2026-08-06 18:57:13 ,        1670.5   ,           1377.0   ,               69.8   ,        83.8   ,              41   ,                   0   ,           1031   ,         96   ,                       93   ,                   0   ,                    0   ,              146.6   ,                  90.9   ,              28.4   ,                11.9   ,             54.5   ,               11.9   ,             63.0   ,               11.9   ,                        53.3   ,               1   ,        0.8620   ,               47.0   ,                  8580   ,
2026-08-06 18:57:14 ,        1670.5   ,           1377.0   ,               70.1   ,        84.1   ,              42   ,                   0   ,           1031   ,         96   ,                       93   ,                   0   ,                    0   ,              137.6   ,                  85.4   ,              27.8   ,                11.9   ,             51.2   ,               11.9   ,             57.9   ,               11.9   ,                        50.0   ,              16   ,        0.8620   ,               41.0   ,                  8572   ,
2026-08-06 18:57:14 ,        1670.5   ,           1377.0   ,               70.1   ,        84.1   ,              42   ,                   0   ,           1031   ,         96   ,                       92   ,                   0   ,                    0   ,              270.8   ,                 197.4   ,              39.1   ,                11.8   ,            118.5   ,               11.9   ,            112.5   ,               11.9   ,                        98.5   ,               1   ,        0.8620   ,               47.0   ,                  8572   ,
2026-08-06 18:57:16 ,        1670.5   ,           1377.0   ,               70.4   ,        84.4   ,              42   ,                   0   ,           1031   ,         96   ,                       92   ,                   0   ,                    0   ,              255.4   ,                  88.7   ,              28.0   ,                11.9   ,             53.2   ,               11.9   ,             61.0   ,               11.9   ,                        52.0   ,              16   ,        0.8620   ,               43.0   ,                  8572   ,
2026-08-06 18:57:17 ,        1670.5   ,           1377.0   ,               70.4   ,        84.4   ,              43   ,                   0   ,           1031   ,         96   ,                       92   ,                   0   ,                    0   ,              146.5   ,                  90.7   ,              28.4   ,                11.9   ,             54.4   ,               11.9   ,             63.0   ,               11.9   ,                        53.3   ,              16   ,        0.8620   ,               41.0   ,                  8568   ,
2026-08-06 18:57:18 ,        1670.5   ,           1377.0   ,               70.6   ,        84.6   ,              43   ,                   0   ,           1030   ,         96   ,                       93   ,                   0   ,                    0   ,              150.3   ,                  93.9   ,              28.6   ,                11.9   ,             56.3   ,               11.9   ,             64.6   ,               11.9   ,                        54.6   ,               1   ,        0.8620   ,               48.0   ,                  8567   ,
2026-08-06 18:57:19 ,        1670.5   ,           1377.0   ,               70.5   ,        84.5   ,              43   ,                   0   ,           1030   ,         95   ,                       92   ,                   0   ,                    0   ,              188.3   ,                 126.0   ,              32.0   ,                11.9   ,             75.6   ,               11.9   ,             80.1   ,               11.9   ,                        58.2   ,              16   ,        0.8620   ,               46.0   ,                  8567   ,
2026-08-06 18:57:20 ,        1657.5   ,           1377.0   ,               70.8   ,        84.8   ,              43   ,                   0   ,           1030   ,         95   ,                       92   ,                   0   ,                    0   ,              206.1   ,                 143.4   ,              34.6   ,                11.9   ,             86.1   ,               11.9   ,             84.7   ,               11.9   ,                        74.9   ,              16   ,        0.8620   ,               45.0   ,                  8567   ,
2026-08-06 18:57:21 ,        1657.5   ,           1377.0   ,               70.4   ,        84.4   ,              43   ,                   0   ,           1030   ,         96   ,                       95   ,                   0   ,                    0   ,              267.2   ,                  57.8   ,              25.2   ,                11.9   ,             34.7   ,               12.0   ,             47.3   ,               11.9   ,                        39.2   ,              16   ,        0.8620   ,               47.0   ,                  8567   ,
2026-08-06 18:57:22 ,        1670.5   ,           1377.0   ,               70.8   ,        84.8   ,              43   ,                   0   ,           1030   ,         96   ,                       94   ,                   0   ,                    0   ,              221.3   ,                 155.9   ,              34.9   ,                11.9   ,             93.5   ,               11.9   ,             92.2   ,               11.9   ,                        80.5   ,              16   ,        0.8620   ,               47.0   ,                  8567   ,
2026-08-06 18:57:23 ,        1683.0   ,           1377.0   ,               70.9   ,        84.9   ,              44   ,                   0   ,           1030   ,         96   ,                       93   ,                   0   ,                    0   ,              103.2   ,                  53.1   ,              24.7   ,                11.9   ,             31.9   ,               12.0   ,             46.0   ,               11.9   ,                        37.5   ,              16   ,        0.8750   ,               46.0   ,                  8566   ,
2026-08-06 18:57:24 ,        1683.0   ,           1377.0   ,               71.1   ,        85.1   ,              44   ,                   0   ,           1030   ,         95   ,                       92   ,                   0   ,                    0   ,              175.0   ,                 116.9   ,              30.3   ,                11.9   ,             70.1   ,               11.9   ,             73.8   ,               11.9   ,                        63.6   ,               1   ,        0.8620   ,               45.0   ,                  8513   ,
2026-08-06 18:57:24 ,        1670.5   ,           1377.0   ,               71.2   ,        85.2   ,              44   ,                   0   ,           1030   ,         96   ,                       93   ,                   0   ,                    0   ,              268.2   ,                 193.8   ,              38.3   ,                11.9   ,            116.3   ,               11.9   ,            112.9   ,               11.9   ,                        97.5   ,               1   ,        0.8620   ,               45.0   ,                  8518   ,
2026-08-06 18:57:25 ,        1670.5   ,           1377.0   ,               71.3   ,        85.3   ,              44   ,                   0   ,           1030   ,         82   ,                       80   ,                   0   ,                    0   ,              273.9   ,                 199.6   ,              39.0   ,                11.8   ,            119.8   ,               11.9   ,            114.5   ,               11.9   ,                        99.6   ,               1   ,        0.8620   ,               46.0   ,                  8517   ,
2026-08-06 18:57:27 ,        1645.0   ,           1377.0   ,               71.4   ,        85.4   ,              45   ,                   0   ,           1030   ,         88   ,                       85   ,                   0   ,                    0   ,              128.6   ,                  76.2   ,              27.3   ,                11.9   ,             45.7   ,               12.0   ,             54.9   ,               11.9   ,                        46.8   ,              16   ,        0.8500   ,               47.0   ,                  8517   ,
2026-08-06 18:57:28 ,        1645.0   ,           1377.0   ,               71.6   ,        85.6   ,              45   ,                   0   ,           1030   ,         93   ,                       89   ,                   0   ,                    0   ,              246.1   ,                 177.0   ,              37.2   ,                11.9   ,            106.2   ,               11.9   ,            102.0   ,               11.9   ,                        42.6   ,              16   ,        0.8500   ,               46.0   ,                  8517   ,
2026-08-06 18:57:29 ,        1670.5   ,           1377.0   ,               71.7   ,        85.7   ,              45   ,                   0   ,           1030   ,         92   ,                       89   ,                   0   ,                    0   ,              141.4   ,                  87.0   ,              27.9   ,                11.9   ,             52.2   ,               11.9   ,             60.7   ,               11.9   ,                        51.4   ,               1   ,        0.8620   ,               47.0   ,                  8517   ,
2026-08-06 18:57:30 ,        1683.0   ,           1377.0   ,               71.0   ,        85.0   ,              45   ,                   0   ,           1030   ,         76   ,                       75   ,                   0   ,                    0   ,              173.5   ,                 115.6   ,              30.4   ,                11.9   ,             69.3   ,               11.9   ,             73.1   ,               11.9   ,                        63.1   ,              16   ,        0.8750   ,               46.0   ,                  8517   ,
2026-08-06 18:57:31 ,        1670.5   ,           1377.0   ,               72.0   ,        86.0   ,              45   ,                   0   ,           1030   ,         92   ,                       89   ,                   0   ,                    0   ,              273.7   ,                 201.2   ,              39.1   ,                11.8   ,            120.7   ,               11.9   ,            113.2   ,               11.9   ,                        60.9   ,              16   ,        0.8620   ,               40.0   ,                  8517   ,
2026-08-06 18:57:32 ,        1657.5   ,           1377.0   ,               72.2   ,        86.2   ,              46   ,                   0   ,           1030   ,         93   ,                       91   ,                   0   ,                    0   ,               92.7   ,                  39.1   ,              23.4   ,                11.9   ,             23.4   ,               12.0   ,             39.3   ,               12.0   ,                        31.6   ,              16   ,        0.8620   ,               48.0   ,                  8517   ,
2026-08-06 18:57:33 ,        1657.5   ,           1377.0   ,               72.1   ,        86.1   ,              46   ,                   0   ,           1030   ,         96   ,                       94   ,                   0   ,                    0   ,              240.5   ,                  70.1   ,              26.4   ,                11.9   ,             42.0   ,               11.9   ,             53.7   ,               11.9   ,                        44.7   ,              16   ,        0.8620   ,               45.0   ,                  8516   ,
2026-08-06 18:57:34 ,        1670.5   ,           1377.0   ,               72.6   ,        86.6   ,              46   ,                   0   ,           1030   ,         96   ,                       94   ,                   0   ,                    0   ,              262.2   ,                 190.7   ,              38.2   ,                11.8   ,            114.4   ,               11.9   ,            108.9   ,               11.9   ,                        42.9   ,               1   ,        0.8620   ,               45.0   ,                  8470   ,
2026-08-06 18:57:35 ,        1657.5   ,           1377.0   ,               72.3   ,        86.3   ,              46   ,                   0   ,           1030   ,         96   ,                       94   ,                   0   ,                    0   ,              160.8   ,                 102.5   ,              30.1   ,                11.9   ,             61.5   ,               11.9   ,             68.5   ,               11.9   ,                        58.5   ,              16   ,        0.8620   ,               43.0   ,                  8459   ,
2026-08-06 18:57:36 ,        1645.0   ,           1377.0   ,               72.6   ,        86.6   ,              46   ,                   0   ,           1030   ,         97   ,                       95   ,                   0   ,                    0   ,              213.4   ,                 146.8   ,              34.8   ,                11.9   ,             88.1   ,               11.9   ,             89.8   ,               11.9   ,                        94.4   ,              16   ,        0.8620   ,               45.0   ,                  8335   ,
2026-08-06 18:57:37 ,        1657.5   ,           1377.0   ,               73.0   ,        87.0   ,              47   ,                   0   ,           1030   ,         95   ,                       93   ,                   0   ,                    0   ,              271.6   ,                  49.1   ,              24.4   ,                11.9   ,             29.5   ,               12.0   ,             43.7   ,               11.9   ,                        35.7   ,              16   ,        0.8620   ,               47.0   ,                  8335   ,
2026-08-06 18:57:38 ,        1657.5   ,           1377.0   ,               73.0   ,        87.0   ,              47   ,                   0   ,           1030   ,         93   ,                       90   ,                   0   ,                    0   ,              221.9   ,                 159.2   ,              35.1   ,                11.9   ,             95.5   ,               11.9   ,             90.6   ,               11.9   ,                        80.7   ,              16   ,        0.8620   ,               46.0   ,                  8335   ,
2026-08-06 18:57:39 ,        1670.5   ,           1377.0   ,               73.3   ,        87.3   ,              47   ,                   0   ,           1030   ,         95   ,                       92   ,                   0   ,                    0   ,              194.4   ,                  68.1   ,              26.3   ,                11.9   ,             40.8   ,               12.0   ,             52.1   ,               11.9   ,                        43.6   ,              16   ,        0.8620   ,               47.0   ,                  8335   ,
2026-08-06 18:57:40 ,        1670.5   ,           1377.0   ,               73.4   ,        87.4   ,              47   ,                   0   ,           1030   ,         96   ,                       94   ,                   0   ,                    0   ,              272.8   ,                 197.4   ,              39.1   ,                11.8   ,            118.5   ,               11.9   ,             57.1   ,               11.9   ,                        47.8   ,              16   ,        0.8620   ,               47.0   ,                  8334   ,
2026-08-06 18:57:41 ,        1645.0   ,           1377.0   ,               73.0   ,        87.0   ,              47   ,                   0   ,           1030   ,         96   ,                       93   ,                   0   ,                    0   ,              261.2   ,                 186.7   ,              25.4   ,                11.9   ,             35.1   ,               12.0   ,             48.3   ,               11.9   ,                        39.8   ,              16   ,        0.8620   ,               39.0   ,                  8334   ,
2026-08-06 18:57:42 ,        1645.0   ,           1377.0   ,               73.2   ,        87.2   ,              48   ,                   0   ,           1030   ,         96   ,                       92   ,                   0   ,                    0   ,              113.9   ,                  62.3   ,              25.8   ,                11.9   ,             37.4   ,               12.0   ,             50.0   ,               11.9   ,                        41.4   ,              16   ,        0.8500   ,               46.0   ,                  8333   ,
2026-08-06 18:57:43 ,        1645.0   ,           1377.0   ,               73.7   ,        87.7   ,              48   ,                   0   ,           1030   ,         96   ,                       92   ,                   0   ,                    0   ,              141.4   ,                  86.1   ,              28.3   ,                11.9   ,             51.7   ,               11.9   ,             60.8   ,               11.9   ,                        51.4   ,              16   ,        0.8500   ,               45.0   ,                  8333   ,
2026-08-06 18:57:44 ,        1670.5   ,           1377.0   ,               74.0   ,        88.0   ,              48   ,                   0   ,           1030   ,         96   ,                       94   ,                   0   ,                    0   ,              204.0   ,                 141.6   ,              33.4   ,                11.9   ,             85.0   ,               11.9   ,             84.9   ,               11.9   ,                        74.2   ,               1   ,        0.8620   ,               47.0   ,                  8334   ,
2026-08-06 18:57:45 ,        1670.5   ,           1377.0   ,               73.7   ,        87.7   ,              48   ,                   0   ,           1030   ,         96   ,                       94   ,                   0   ,                    0   ,              268.0   ,                  60.6   ,              25.5   ,                11.9   ,             36.3   ,               12.0   ,             49.0   ,               11.9   ,                        40.6   ,               1   ,        0.8620   ,               46.0   ,                  8334   ,
2026-08-06 18:57:46 ,        1645.0   ,           1377.0   ,               74.1   ,        88.1   ,              49   ,                   0   ,           1030   ,         96   ,                       92   ,                   0   ,                    0   ,              265.9   ,                 190.5   ,              38.8   ,                11.8   ,            114.3   ,               11.9   ,            112.2   ,               11.9   ,                        32.9   ,              16   ,        0.8500   ,               36.0   ,                  8334   ,
2026-08-06 18:57:47 ,        1670.5   ,           1377.0   ,               74.3   ,        88.3   ,              49   ,                   0   ,           1030   ,         96   ,                       92   ,                   0   ,                    0   ,              154.2   ,                  97.8   ,              29.2   ,                11.9   ,             58.7   ,               11.9   ,             65.7   ,               11.9   ,                        56.1   ,              16   ,        0.8500   ,               46.0   ,                  8333   ,
2026-08-06 18:57:48 ,        1657.5   ,           1377.0   ,               74.5   ,        88.5   ,              49   ,                   0   ,           1030   ,         95   ,                       92   ,                   0   ,                    0   ,              140.3   ,                  85.2   ,              27.9   ,                11.9   ,             74.2   ,               11.9   ,             78.5   ,               11.9   ,                        67.3   ,              16   ,        0.8500   ,               46.0   ,                  8333   ,
2026-08-06 18:57:49 ,        1670.5   ,           1377.0   ,               74.4   ,        88.4   ,              49   ,                   0   ,           1030   ,         95   ,                       93   ,                   0   ,                    0   ,              225.7   ,                 161.0   ,              35.0   ,                11.9   ,             96.6   ,               11.9   ,             93.5   ,               11.9   ,                        82.1   ,               1   ,        0.8620   ,               47.0   ,                  8333   ,
2026-08-06 18:57:50 ,        1645.0   ,           1377.0   ,               74.1   ,        88.1   ,              49   ,                   0   ,           1030   ,         96   ,                       93   ,                   0   ,                    0   ,              161.9   ,                 104.7   ,              30.0   ,                11.9   ,             62.8   ,               11.9   ,             68.5   ,               11.9   ,                        81.8   ,              16   ,        0.8500   ,               46.0   ,                  8333   ,
2026-08-06 18:57:51 ,        1645.0   ,           1377.0   ,               74.4   ,        88.4   ,              50   ,                   0   ,           1030   ,         86   ,                       83   ,                   0   ,                    0   ,              113.4   ,                  62.0   ,              26.0   ,                11.9   ,             37.2   ,               12.0   ,             49.5   ,               11.9   ,                        41.2   ,              16   ,        0.8500   ,               48.0   ,                  8333   ,
2026-08-06 18:57:52 ,        1670.5   ,           1377.0   ,               74.2   ,        88.2   ,              50   ,                   0   ,           1030   ,         81   ,                       80   ,                   0   ,                    0   ,              277.2   ,                 201.9   ,              40.6   ,                11.8   ,            121.1   ,               11.9   ,             49.4   ,               11.9   ,                        41.3   ,              16   ,        0.8500   ,               47.0   ,                  8333   ,
2026-08-06 18:57:53 ,        1645.0   ,           1377.0   ,               74.8   ,        88.8   ,              50   ,                   0   ,           1030   ,         89   ,                       84   ,                   0   ,                    0   ,              213.1   ,                 145.9   ,              34.5   ,                11.9   ,             87.5   ,               11.9   ,             90.3   ,               11.9   ,                        77.5   ,               1   ,        0.8500   ,               47.0   ,                  8333   ,
2026-08-06 18:57:54 ,        1607.0   ,           1377.0   ,               74.8   ,        88.8   ,              50   ,                   0   ,           1030   ,         78   ,                       73   ,                   0   ,                    0   ,              172.0   ,                 114.2   ,              31.6   ,                11.9   ,             68.5   ,               11.9   ,             71.2   ,               11.9   ,                        51.4   ,              16   ,        0.8310   ,               46.0   ,                  8333   ,
2026-08-06 18:57:55 ,        1645.0   ,           1377.0   ,               74.9   ,        88.9   ,              50   ,                   0   ,           1030   ,         96   ,                       94   ,                   0   ,                    0   ,              197.5   ,                 134.4   ,              33.4   ,                11.9   ,             80.6   ,               11.9   ,             82.8   ,               11.9   ,                        51.8   ,              16   ,        0.8500   ,               46.0   ,                  8333   ,
2026-08-06 18:57:56 ,        1670.5   ,           1377.0   ,               74.6   ,        88.6   ,              51   ,                   0   ,           1030   ,         96   ,                       94   ,                   0   ,                    0   ,              264.6   ,                  64.0   ,              25.9   ,                11.9   ,             38.4   ,               11.9   ,             50.9   ,               11.9   ,                        42.1   ,              16   ,        0.8620   ,               47.0   ,                  8332   ,
2026-08-06 18:57:57 ,        1657.5   ,           1377.0   ,               75.1   ,        89.1   ,              51   ,                   0   ,           1030   ,         96   ,                       95   ,                   0   ,                    0   ,              205.7   ,                 137.3   ,              33.6   ,                11.9   ,             82.4   ,               11.9   ,             89.0   ,               11.9   ,                        74.8   ,              16   ,        0.8620   ,               46.0   ,                  8333   ,
2026-08-06 18:57:58 ,        1657.5   ,           1377.0   ,               75.1   ,        89.1   ,              51   ,                   0   ,           1030   ,         96   ,                       93   ,                   0   ,                    0   ,              264.9   ,                 191.3   ,              38.1   ,                11.9   ,            114.7   ,               11.9   ,            111.3   ,               11.9   ,                        96.3   ,              16   ,        0.8620   ,               46.0   ,                  8333   ,
2026-08-06 18:57:59 ,        1670.5   ,           1377.0   ,               75.9   ,        89.9   ,              51   ,                   0   ,           1030   ,         96   ,                       94   ,                   0   ,                    0   ,              149.6   ,                  96.2   ,              28.8   ,                11.9   ,             57.7   ,               11.9   ,             76.9   ,               11.9   ,                        67.2   ,              16   ,        0.8620   ,               46.0   ,                  8333   ,
2026-08-06 18:58:00 ,        1657.5   ,           1377.0   ,               75.7   ,        89.7   ,              52   ,                   0   ,           1030   ,         96   ,                       94   ,                   0   ,                    0   ,              214.2   ,                 152.0   ,              33.9   ,                11.9   ,             91.2   ,               11.9   ,             88.4   ,               11.9   ,                        77.9   ,              16   ,        0.8620   ,               46.0   ,                  8333   ,
2026-08-06 18:58:01 ,        1670.5   ,           1377.0   ,               76.0   ,        90.0   ,              52   ,                   0   ,           1030   ,         94   ,                       91   ,                   0   ,                    0   ,              274.1   ,                 202.2   ,              38.5   ,                11.8   ,            121.3   ,               11.9   ,            113.6   ,               11.9   ,                        99.7   ,               1   ,        0.8620   ,               47.0   ,                  8332   ,
2026-08-06 18:58:02 ,        1657.5   ,           1377.0   ,               76.0   ,        90.0   ,              52   ,                   0   ,           1030   ,         96   ,                       94   ,                   0   ,                    0   ,              259.1   ,                  49.1   ,              23.7   ,                11.9   ,             25.2   ,               12.0   ,             40.7   ,               11.9   ,                        32.8   ,              16   ,        0.8620   ,               46.0   ,                  8332   ,
2026-08-06 18:58:03 ,        1657.5   ,           1377.0   ,               75.8   ,        89.8   ,              52   ,                   0   ,           1030   ,         95   ,                       94   ,                   0   ,                    0   ,              197.8   ,                 136.9   ,              34.5   ,                11.9   ,             90.2   ,               11.9   ,             91.2   ,               11.9   ,                        78.7   ,              16   ,        0.8620   ,               45.0   ,                  8332   ,
2026-08-06 18:58:04 ,        1657.5   ,           1377.0   ,               76.0   ,        90.0   ,              52   ,                   0   ,           1030   ,         95   ,                       93   ,                   0   ,                    0   ,              119.0   ,                  67.4   ,              26.1   ,                11.9   ,             40.4   ,               12.0   ,             51.8   ,               11.9   ,                        43.3   ,               1   ,        0.8620   ,               47.0   ,                  8333   ,
2026-08-06 18:58:05 ,        1645.0   ,           1377.0   ,               76.1   ,        90.1   ,              52   ,                   0   ,           1030   ,         96   ,                       92   ,                   0   ,                    0   ,              271.8   ,                 195.2   ,              39.3   ,                11.8   ,            117.1   ,               11.9   ,            114.6   ,               11.9   ,                        40.4   ,              16   ,        0.8500   ,               47.0   ,                  8332   ,
2026-08-06 18:58:06 ,        1645.0   ,           1377.0   ,               76.0   ,        90.0   ,              52   ,                   0   ,           1030   ,         96   ,                       92   ,                   0   ,                    0   ,              172.5   ,                 112.8   ,              31.1   ,                11.9   ,             67.7   ,               11.9   ,             73.0   ,               11.9   ,                        55.1   ,              16   ,        0.8500   ,               46.0   ,                  8333   ,
2026-08-06 18:58:07 ,        1632.5   ,           1377.0   ,               76.2   ,        90.2   ,              53   ,                   0   ,           1030   ,         96   ,                       92   ,                   0   ,                    0   ,              186.2   ,                  64.7   ,              23.9   ,                11.9   ,             25.4   ,               12.0   ,             40.6   ,               11.9   ,                        32.9   ,              16   ,        0.8500   ,               47.0   ,                  8332   ,
2026-08-06 18:58:08 ,        1645.0   ,           1377.0   ,               76.2   ,        90.2   ,              53   ,                   0   ,           1030   ,         96   ,                       92   ,                   0   ,                    0   ,              216.6   ,                  53.2   ,              26.4   ,                11.9   ,             31.9   ,               12.0   ,             46.1   ,               11.9   ,                        67.3   ,              16   ,        0.8620   ,               46.0   ,                  8332   ,
2026-08-06 18:58:09 ,        1632.5   ,           1377.0   ,               76.6   ,        90.6   ,              53   ,                   0   ,           1030   ,         95   ,                       91   ,                   0   ,                    0   ,              218.8   ,                 150.8   ,              35.3   ,                11.9   ,             90.4   ,               11.9   ,             92.4   ,               11.9   ,                        79.6   ,              16   ,        0.8430   ,               45.0   ,                  8333   ,
2026-08-06 18:58:10 ,        1645.0   ,           1377.0   ,               76.6   ,        90.6   ,              53   ,                   0   ,           1030   ,         96   ,                       93   ,                   0   ,                    0   ,              258.6   ,                 187.4   ,              38.0   ,                11.8   ,            112.5   ,               11.9   ,            107.5   ,               11.9   ,                        35.7   ,              16   ,        0.8500   ,               49.0   ,                  8332   ,
2026-08-06 18:58:11 ,        1670.5   ,           1377.0   ,               76.5   ,        90.5   ,              53   ,                   0   ,           1030   ,         92   ,                       91   ,                   0   ,                    0   ,              131.5   ,                  77.6   ,              27.1   ,                11.9   ,             46.6   ,               12.0   ,             57.1   ,               11.9   ,                        47.8   ,               1   ,        0.8620   ,               48.0   ,                  8333   ,
2026-08-06 18:58:12 ,        1645.0   ,           1377.0   ,               76.8   ,        90.8   ,              53   ,                   0   ,           1030   ,         96   ,                       88   ,                   0   ,                    0   ,              159.3   ,                 102.2   ,              29.7   ,                11.9   ,             61.3   ,               11.9   ,             67.6   ,               11.9   ,                        57.9   ,               1   ,        0.8500   ,               48.0   ,                  8332   ,
2026-08-06 18:58:13 ,        1645.0   ,           1377.0   ,               76.9   ,        90.9   ,              53   ,                   0   ,           1030   ,         96   ,                       91   ,                   0   ,                    0   ,               97.6   ,                  47.5   ,              25.5   ,                11.9   ,             28.5   ,               12.0   ,             42.9   ,               11.9   ,                        35.5   ,               1   ,        0.8500   ,               46.0   ,                  8332   ,
2026-08-06 18:58:14 ,        1645.0   ,           1377.0   ,               77.2   ,        91.2   ,              53   ,                   0   ,           1030   ,         94   ,                       90   ,                   0   ,                    0   ,              179.0   ,                 119.3   ,              31.7   ,                11.9   ,             71.6   ,               11.9   ,             75.1   ,               11.9   ,                        65.1   ,               1   ,        0.8500   ,               47.0   ,                  8332   ,
2026-08-06 18:58:15 ,        1708.5   ,           1377.0   ,               77.1   ,        91.1   ,              54   ,                   0   ,           1030   ,         90   ,                       88   ,                   0   ,                    0   ,              287.8   ,                  57.7   ,              25.0   ,                11.9   ,             34.6   ,               12.0   ,             48.6   ,               11.9   ,                        62.7   ,              16   ,        0.8500   ,               47.0   ,                  8332   ,
2026-08-06 18:58:16 ,        1645.0   ,           1377.0   ,               77.3   ,        91.3   ,              54   ,                   0   ,           1030   ,         96   ,                       90   ,                   0   ,                    0   ,              262.8   ,                  51.7   ,              24.7   ,                11.9   ,             31.0   ,               12.0   ,             44.9   ,               12.0   ,                        36.8   ,              16   ,        0.8500   ,               47.0   ,                  8332   ,
2026-08-06 18:58:17 ,        1657.5   ,           1377.0   ,               77.2   ,        91.2   ,              54   ,                   0   ,           1030   ,         89   ,                       87   ,                   0   ,                    0   ,              140.6   ,                  85.5   ,              28.4   ,                11.9   ,             51.3   ,               11.9   ,             60.2   ,               11.9   ,                        51.1   ,              16   ,        0.8620   ,               46.0   ,                  8332   ,
2026-08-06 18:58:18 ,        1657.5   ,           1377.0   ,               76.9   ,        90.9   ,              54   ,                   0   ,           1030   ,         91   ,                       89   ,                   0   ,                    0   ,              227.7   ,                 158.9   ,              35.4   ,                11.9   ,             95.3   ,               11.9   ,             96.3   ,               11.9   ,                        82.8   ,              16   ,        0.8620   ,               46.0   ,                  8326   ,
2026-08-06 18:58:19 ,        1645.0   ,           1377.0   ,               77.3   ,        91.3   ,              55   ,                   0   ,           1030   ,         85   ,                       85   ,                   0   ,                    0   ,              176.1   ,                 115.9   ,              30.8   ,                11.9   ,             69.6   ,               11.9   ,             75.0   ,               11.9   ,                        83.6   ,              16   ,        0.8620   ,               45.0   ,                  8325   ,
2026-08-06 18:58:20 ,        1645.0   ,           1377.0   ,               76.9   ,        90.9   ,              55   ,                   0   ,           1030   ,         77   ,                       82   ,                   0   ,                    0   ,              204.3   ,                 139.2   ,              32.4   ,                11.9   ,             83.5   ,               11.9   ,             87.7   ,               11.9   ,                        74.3   ,               1   ,        0.8930   ,               48.0   ,                  8323   ,
2026-08-06 18:58:21 ,        1645.0   ,           1377.0   ,               77.9   ,        91.9   ,              55   ,                   0   ,           1029   ,         88   ,                       86   ,                   0   ,                    0   ,              214.0   ,                 144.8   ,              34.4   ,                11.9   ,             86.9   ,               11.9   ,             92.0   ,               11.9   ,                        77.8   ,              16   ,        0.8500   ,               45.0   ,                  8324   ,
2026-08-06 18:58:22 ,        1632.5   ,           1377.0   ,               77.9   ,        91.9   ,              55   ,                   0   ,           1029   ,         95   ,                       90   ,                   0   ,                    0   ,              218.1   ,                 150.9   ,              35.5   ,                11.9   ,             90.5   ,               11.9   ,             91.3   ,               11.9   ,                        79.3   ,              16   ,        0.8620   ,               48.0   ,                  8324   ,
2026-08-06 18:58:23 ,        1645.0   ,           1377.0   ,               78.0   ,        92.0   ,              55   ,                   0   ,           1029   ,         95   ,                       92   ,                   0   ,                    0   ,              108.6   ,                  57.5   ,              25.4   ,                11.9   ,             34.5   ,               12.0   ,             48.0   ,               11.9   ,                        39.5   ,               1   ,        0.8500   ,               49.0   ,                  8324   ,
2026-08-06 18:58:24 ,        1657.5   ,           1377.0   ,               78.1   ,        92.1   ,              56   ,                   0   ,           1029   ,         96   ,                       94   ,                   0   ,                    0   ,              128.9   ,                  74.1   ,              28.5   ,                11.9   ,             44.4   ,               11.9   ,             55.3   ,               11.9   ,                        46.9   ,              16   ,        0.8500   ,               42.0   ,                  8325   ,
2026-08-06 18:58:25 ,        1645.0   ,           1377.0   ,               78.3   ,        92.3   ,              56   ,                   0   ,           1029   ,         96   ,                       93   ,                   0   ,                    0   ,              134.7   ,                  80.9   ,              27.6   ,                11.9   ,             48.5   ,               11.9   ,             57.9   ,               11.9   ,                        49.0   ,              16   ,        0.8500   ,               45.0   ,                  8324   ,
2026-08-06 18:58:26 ,        1632.5   ,           1377.0   ,               78.1   ,        92.1   ,              56   ,                   0   ,           1029   ,         96   ,                       93   ,                   0   ,                    0   ,              263.4   ,                 190.3   ,              38.7   ,                11.8   ,             37.5   ,               12.0   ,             50.0   ,               11.9   ,                        41.6   ,              16   ,        0.8430   ,               41.0   ,                  8324   ,
2026-08-06 18:58:27 ,        1657.5   ,           1377.0   ,               78.3   ,        92.3   ,              56   ,                   0   ,           1029   ,         96   ,                       93   ,                   0   ,                    0   ,              106.5   ,                  56.3   ,              25.2   ,                11.9   ,             33.8   ,               12.0   ,             46.8   ,               11.9   ,                        38.7   ,               1   ,        0.8500   ,               49.0   ,                  8321   ,
2026-08-06 18:58:28 ,        1632.5   ,           1377.0   ,               78.5   ,        92.5   ,              56   ,                   0   ,           1029   ,         88   ,                       84   ,                   0   ,                    0   ,              107.9   ,                  57.1   ,              25.4   ,                11.9   ,             34.2   ,               12.0   ,             47.6   ,               11.9   ,                        39.2   ,               1   ,        0.8430   ,               47.0   ,                  8312   ,
2026-08-06 18:58:29 ,        1645.0   ,           1377.0   ,               78.3   ,        92.3   ,              56   ,                   0   ,           1029   ,         95   ,                       92   ,                   0   ,                    0   ,              273.5   ,                 199.0   ,              40.6   ,                11.8   ,            119.4   ,               11.9   ,            112.8   ,               11.9   ,                        99.4   ,               1   ,        0.8500   ,               48.0   ,                  8311   ,
2026-08-06 18:58:30 ,        1645.0   ,           1377.0   ,               78.4   ,        92.4   ,              56   ,                   0   ,           1029   ,         88   ,                       86   ,                   0   ,                    0   ,              164.0   ,                 106.0   ,              30.4   ,                11.9   ,             63.6   ,               11.9   ,             69.3   ,               11.9   ,                        63.4   ,              16   ,        0.8500   ,               46.0   ,                  8311   ,
2026-08-06 18:58:31 ,        1645.0   ,           1377.0   ,               78.4   ,        92.4   ,              56   ,                   0   ,           1029   ,         96   ,                       94   ,                   0   ,                    0   ,              109.3   ,                  58.4   ,              25.5   ,                11.9   ,             35.0   ,               12.0   ,             48.1   ,               11.9   ,                        39.7   ,               1   ,        0.8500   ,               48.0   ,                  8310   ,
2026-08-06 18:58:32 ,        1645.0   ,           1377.0   ,               78.6   ,        92.6   ,              57   ,                   0   ,           1029   ,         94   ,                       90   ,                   0   ,                    0   ,              266.5   ,                  49.8   ,              24.8   ,                11.9   ,             29.9   ,               12.0   ,             44.2   ,               11.9   ,                        36.2   ,              16   ,        0.8500   ,               47.0   ,                  8310   ,
2026-08-06 18:58:33 ,        1657.5   ,           1377.0   ,               78.9   ,        92.9   ,              57   ,                   0   ,           1029   ,         96   ,                       95   ,                   0   ,                    0   ,              146.3   ,                  90.1   ,              28.5   ,                11.9   ,             54.0   ,               11.9   ,             63.1   ,               11.9   ,                        53.2   ,              16   ,        0.8620   ,               46.0   ,                  8306   ,
2026-08-06 18:58:34 ,        1645.0   ,           1377.0   ,               78.9   ,        92.9   ,              57   ,                   0   ,           1029   ,         95   ,                       93   ,                   0   ,                    0   ,              128.2   ,                  74.4   ,              27.1   ,                11.9   ,             44.7   ,               12.0   ,             55.8   ,               11.9   ,                        46.6   ,              16   ,        0.8500   ,               44.0   ,                  8305   ,
2026-08-06 18:58:35 ,        1632.5   ,           1377.0   ,               79.0   ,        93.0   ,              57   ,                   0   ,           1029   ,         95   ,                       91   ,                   0   ,                    0   ,              253.5   ,                 187.8   ,              38.5   ,                11.9   ,            112.7   ,               11.9   ,            101.7   ,               11.9   ,                        92.2   ,              16   ,        0.8430   ,               48.0   ,                  8305   ,
2026-08-06 18:58:36 ,        1632.5   ,           1377.0   ,               79.1   ,        93.1   ,              57   ,                   0   ,           1029   ,         95   ,                       91   ,                   0   ,                    0   ,              188.6   ,                 127.6   ,              32.5   ,                11.9   ,             76.6   ,               11.9   ,             78.9   ,               11.9   ,                        85.6   ,              16   ,        0.8430   ,               43.0   ,                  8305   ,
2026-08-06 18:58:37 ,        1632.5   ,           1377.0   ,               79.3   ,        93.3   ,              57   ,                   0   ,           1029   ,         90   ,                       87   ,                   0   ,                    0   ,              258.0   ,                 187.7   ,              26.6   ,                11.9   ,             40.8   ,               12.0   ,             51.9   ,               11.9   ,                        43.6   ,              16   ,        0.8430   ,               46.0   ,                  8304   ,
2026-08-06 18:58:38 ,        1645.0   ,           1377.0   ,               79.0   ,        93.0   ,              57   ,                   0   ,           1029   ,         79   ,                       77   ,                   0   ,                    0   ,              151.9   ,                  95.5   ,              29.4   ,                11.9   ,             57.3   ,               11.9   ,             64.5   ,               11.9   ,                        55.2   ,               1   ,        0.8500   ,               47.0   ,                  8304   ,
2026-08-06 18:58:39 ,        1657.5   ,           1377.0   ,               78.2   ,        92.2   ,              58   ,                   0   ,           1029   ,         80   ,                       79   ,                   0   ,                    0   ,              272.6   ,                 199.5   ,              39.0   ,                11.8   ,            119.7   ,               11.9   ,            113.2   ,               11.9   ,                        99.1   ,               1   ,        0.8620   ,               48.0   ,                  8304   ,
2026-08-06 18:58:40 ,        1657.5   ,           1377.0   ,               79.4   ,        93.4   ,              58   ,                   0   ,           1029   ,         90   ,                       89   ,                   0   ,                    0   ,              120.6   ,                  67.9   ,              27.7   ,                11.9   ,             40.7   ,               12.0   ,             51.5   ,               11.9   ,                        67.1   ,              16   ,        0.8500   ,               47.0   ,                  8304   ,
2026-08-06 18:58:41 ,        1670.5   ,           1377.0   ,               79.6   ,        93.6   ,              58   ,                   0   ,           1029   ,         91   ,                       90   ,                   0   ,                    0   ,              127.6   ,                  75.7   ,              26.9   ,                11.9   ,             45.4   ,               11.9   ,             54.6   ,               11.9   ,                        46.4   ,               1   ,        0.8620   ,               48.0   ,                  8304   ,
2026-08-06 18:58:42 ,        1645.0   ,           1377.0   ,               79.0   ,        93.0   ,              58   ,                   0   ,           1029   ,         89   ,                       86   ,                   0   ,                    0   ,              121.8   ,                  68.6   ,              26.6   ,                11.9   ,             41.2   ,               11.9   ,             53.4   ,               11.9   ,                        44.3   ,              16   ,        0.8500   ,               47.0   ,                  8304   ,
2026-08-06 18:58:43 ,        1645.0   ,           1377.0   ,               79.3   ,        93.3   ,              58   ,                   0   ,           1029   ,         96   ,                       94   ,                   0   ,                    0   ,              177.9   ,                  82.0   ,              27.9   ,                11.9   ,             49.2   ,               11.9   ,             58.3   ,               11.9   ,                        49.5   ,              16   ,        0.8500   ,               47.0   ,                  8302   ,
2026-08-06 18:58:44 ,        1645.0   ,           1377.0   ,               79.8   ,        93.8   ,              58   ,                   0   ,           1029   ,         94   ,                       91   ,                   0   ,                    0   ,              120.3   ,                  67.6   ,              26.6   ,                11.9   ,             40.5   ,               12.0   ,             52.5   ,               11.9   ,                        43.7   ,              16   ,        0.8500   ,               48.0   ,                  8304   ,
2026-08-06 18:58:45 ,        1632.5   ,           1377.0   ,               80.0   ,        94.0   ,              58   ,                   0   ,           1029   ,         96   ,                       92   ,                   0   ,                    0   ,              269.5   ,                 193.2   ,              40.9   ,                11.8   ,            115.9   ,               11.9   ,             49.6   ,               11.9   ,                        41.7   ,               1   ,        0.8430   ,               41.0   ,                  8304   ,
2026-08-06 18:58:46 ,        1645.0   ,           1377.0   ,               80.1   ,        94.1   ,              59   ,                   0   ,           1029   ,         96   ,                       94   ,                   0   ,                    0   ,              265.3   ,                 190.5   ,              38.8   ,                11.9   ,            114.3   ,               11.9   ,            111.5   ,               11.9   ,                        34.6   ,               1   ,        0.8430   ,               47.0   ,                  8304   ,
2026-08-06 18:58:47 ,        1645.0   ,           1377.0   ,               79.9   ,        93.9   ,              59   ,                   0   ,           1029   ,         95   ,                       93   ,                   0   ,                    0   ,              148.9   ,                  92.5   ,              28.9   ,                11.9   ,             55.5   ,               11.9   ,             63.8   ,               11.9   ,                        54.1   ,               1   ,        0.8500   ,               49.0   ,                  8304   ,
2026-08-06 18:58:48 ,        1632.5   ,           1377.0   ,               80.3   ,        94.3   ,              59   ,                   0   ,           1029   ,         96   ,                       93   ,                   0   ,                    0   ,              112.2   ,                  60.9   ,              25.8   ,                11.9   ,             36.5   ,               12.0   ,             49.2   ,               11.9   ,                        40.8   ,               1   ,        0.8430   ,               47.0   ,                  8304   ,
2026-08-06 18:58:49 ,        1645.0   ,           1377.0   ,               80.2   ,        94.2   ,              59   ,                   0   ,           1029   ,         96   ,                       94   ,                   0   ,                    0   ,              140.2   ,                  86.0   ,              28.2   ,                11.9   ,             51.6   ,               11.9   ,             59.8   ,               11.9   ,                        51.0   ,              16   ,        0.8500   ,               47.0   ,                  8304   ,
2026-08-06 18:58:50 ,        1632.5   ,           1377.0   ,               80.3   ,        94.3   ,              59   ,                   0   ,           1029   ,         96   ,                       93   ,                   0   ,                    0   ,              132.7   ,                  78.0   ,              27.6   ,                11.9   ,             46.8   ,               11.9   ,             57.6   ,               11.9   ,                        48.2   ,               1   ,        0.8430   ,               43.0   ,                  8304   ,
2026-08-06 18:58:51 ,        1645.0   ,           1377.0   ,               80.2   ,        94.2   ,              59   ,                   0   ,           1029   ,         96   ,                       93   ,                   0   ,                    0   ,              176.2   ,                 162.1   ,              35.9   ,                11.9   ,             97.3   ,               11.9   ,             99.1   ,               11.9   ,                        84.7   ,              16   ,        0.8500   ,               49.0   ,                  8303   ,
2026-08-06 18:58:52 ,        1645.0   ,           1377.0   ,               80.4   ,        94.4   ,              59   ,                   0   ,           1029   ,         96   ,                       94   ,                   0   ,                    0   ,              182.4   ,                 122.2   ,              32.1   ,                11.9   ,             88.7   ,               11.9   ,             87.2   ,               11.9   ,                        76.7   ,              16   ,        0.8500   ,               47.0   ,                  8304   ,
2026-08-06 18:58:53 ,        1607.0   ,           1377.0   ,               80.4   ,        94.4   ,              60   ,                   0   ,           1029   ,         96   ,                       91   ,                   0   ,                    0   ,              164.2   ,                 104.8   ,              30.3   ,                11.9   ,             62.9   ,               11.9   ,             70.3   ,               11.9   ,                        59.7   ,              16   ,        0.8430   ,               44.0   ,                  8304   ,
2026-08-06 18:58:54 ,        1632.5   ,           1377.0   ,               80.5   ,        94.5   ,              60   ,                   0   ,           1029   ,         96   ,                       92   ,                   0   ,                    0   ,              263.9   ,                 190.1   ,              39.2   ,                11.8   ,            114.1   ,               11.9   ,            109.9   ,               11.9   ,                        36.4   ,              16   ,        0.8500   ,               48.0   ,                  8304   ,
2026-08-06 18:58:55 ,        1645.0   ,           1377.0   ,               80.5   ,        94.5   ,              60   ,                   0   ,           1029   ,         96   ,                       94   ,                   0   ,                    0   ,              113.1   ,                  61.7   ,              25.8   ,                11.9   ,             37.0   ,               12.0   ,             49.6   ,               11.9   ,                        41.1   ,               1   ,        0.8500   ,               49.0   ,                  8304   ,
2026-08-06 18:58:56 ,        1632.5   ,           1377.0   ,               80.6   ,        94.6   ,              60   ,                   0   ,           1029   ,         96   ,                       92   ,                   0   ,                    0   ,              157.7   ,                  97.9   ,              31.7   ,                11.9   ,             58.7   ,               11.9   ,             66.6   ,               11.9   ,                        57.3   ,               1   ,        0.8930   ,               50.0   ,                  8304   ,
2026-08-06 18:58:57 ,        1632.5   ,           1377.0   ,               80.6   ,        94.6   ,              60   ,                   0   ,           1029   ,         96   ,                       92   ,                   0   ,                    0   ,              255.6   ,                  52.8   ,              25.0   ,                11.9   ,             31.7   ,               12.0   ,             45.5   ,               11.9   ,                        37.4   ,              16   ,        0.8430   ,               47.0   ,                  8304   ,
2026-08-06 18:58:58 ,        1632.5   ,           1377.0   ,               80.6   ,        94.6   ,              60   ,                   0   ,           1029   ,         96   ,                       93   ,                   0   ,                    0   ,              265.9   ,                 189.8   ,              39.4   ,                11.8   ,            113.9   ,               11.9   ,            111.9   ,               11.9   ,                        96.7   ,              16   ,        0.8430   ,               50.0   ,                  8304   ,
2026-08-06 18:58:59 ,        1645.0   ,           1377.0   ,               80.9   ,        94.9   ,              60   ,                   0   ,           1029   ,         96   ,                       93   ,                   0   ,                    0   ,              267.9   ,                 193.2   ,              39.3   ,                11.8   ,            115.9   ,               11.9   ,            112.0   ,               11.9   ,                        97.4   ,               1   ,        0.8500   ,               48.0   ,                  8303   ,
2026-08-06 18:59:00 ,        1645.0   ,           1377.0   ,               81.2   ,        95.2   ,              60   ,                   0   ,           1029   ,         93   ,                       87   ,                   0   ,                    0   ,              113.3   ,                  45.1   ,              24.2   ,                11.9   ,             27.1   ,               12.0   ,             41.9   ,               11.9   ,                        34.1   ,              16   ,        0.8430   ,               49.0   ,                  8303   ,
2026-08-06 18:59:01 ,        1645.0   ,           1377.0   ,               80.8   ,        94.8   ,              61   ,                   0   ,           1029   ,         87   ,                       86   ,                   0   ,                    0   ,              265.3   ,                 189.4   ,              40.4   ,                11.8   ,            113.6   ,               11.9   ,            110.7   ,               11.9   ,                        40.6   ,               1   ,        0.8500   ,               47.0   ,                  8304   ,
2026-08-06 18:59:02 ,        1645.0   ,           1377.0   ,               80.8   ,        94.8   ,              61   ,                   0   ,           1029   ,         80   ,                       78   ,                   0   ,                    0   ,              217.7   ,                 150.7   ,              34.9   ,                11.9   ,             90.4   ,               11.9   ,             91.7   ,               11.9   ,                        79.2   ,               1   ,        0.8500   ,               47.0   ,                  8305   ,
2026-08-06 18:59:03 ,        1645.0   ,           1377.0   ,               80.6   ,        94.6   ,              61   ,                   0   ,           1029   ,         85   ,                       83   ,                   0   ,                    0   ,              142.7   ,                  86.7   ,              28.4   ,                11.9   ,             52.0   ,               11.9   ,             75.2   ,               11.9   ,                        65.4   ,              16   ,        0.8430   ,               47.0   ,                  8304   ,
2026-08-06 18:59:04 ,        1683.0   ,           1377.0   ,               80.9   ,        94.9   ,              61   ,                   0   ,           1029   ,         89   ,                       89   ,                   0   ,                    0   ,              166.7   ,                 109.3   ,              29.8   ,                11.9   ,             65.6   ,               11.9   ,             70.7   ,               11.9   ,                        60.6   ,               1   ,        0.8750   ,               49.0   ,                  8305   ,
2026-08-06 18:59:05 ,        1645.0   ,           1377.0   ,               81.4   ,        95.4   ,              61   ,                   0   ,           1029   ,         89   ,                       87   ,                   0   ,                    0   ,              221.0   ,                 183.0   ,              38.3   ,                11.9   ,             77.4   ,               11.9   ,             81.2   ,               11.9   ,                        69.9   ,              16   ,        0.8500   ,               45.0   ,                  8305   ,
2026-08-06 18:59:06 ,        1645.0   ,           1377.0   ,               81.6   ,        95.6   ,              61   ,                   0   ,           1029   ,         96   ,                       93   ,                   0   ,                    0   ,              118.4   ,                  66.0   ,              26.3   ,                11.9   ,             39.6   ,               12.0   ,             51.9   ,               11.9   ,                        43.1   ,              16   ,        0.8500   ,               42.0   ,                  8302   ,
2026-08-06 18:59:07 ,        1645.0   ,           1377.0   ,               81.4   ,        95.4   ,              62   ,                   0   ,           1029   ,         92   ,                       89   ,                   0   ,                    0   ,              268.8   ,                  58.5   ,              25.5   ,                11.9   ,             35.1   ,               12.0   ,             47.5   ,               11.9   ,                        39.6   ,               1   ,        0.8500   ,               46.0   ,                  8303   ,
2026-08-06 18:59:08 ,        1632.5   ,           1377.0   ,               81.7   ,        95.7   ,              62   ,                   0   ,           1029   ,         96   ,                       93   ,                   0   ,                    0   ,               98.1   ,                  48.6   ,              24.6   ,                11.9   ,             29.2   ,               12.0   ,             43.7   ,               11.9   ,                        35.7   ,              16   ,        0.8500   ,               49.0   ,                  8304   ,
2026-08-06 18:59:09 ,        1632.5   ,           1377.0   ,               81.7   ,        95.7   ,              62   ,                   0   ,           1029   ,         93   ,                       89   ,                   0   ,                    0   ,              119.2   ,                  67.8   ,              26.6   ,                11.9   ,             40.7   ,               12.0   ,             51.3   ,               11.9   ,                        43.3   ,              16   ,        0.8430   ,               42.0   ,                  8305   ,
2026-08-06 18:59:10 ,        1620.0   ,           1377.0   ,               81.8   ,        95.8   ,              62   ,                   0   ,           1029   ,         95   ,                       92   ,                   0   ,                    0   ,              128.2   ,                  75.1   ,              27.1   ,                11.9   ,             45.0   ,               12.0   ,             55.4   ,               11.9   ,                        46.6   ,              16   ,        0.8430   ,               43.0   ,                  8305   ,
2026-08-06 18:59:11 ,        1645.0   ,           1377.0   ,               81.9   ,        96.1   ,              62   ,                   0   ,           1029   ,         93   ,                       90   ,                   0   ,                    0   ,              276.0   ,                 201.2   ,              39.7   ,                11.8   ,            120.7   ,               11.9   ,            114.8   ,               11.9   ,                       100.4   ,               1   ,        0.8500   ,               49.0   ,                  8305   ,
2026-08-06 18:59:12 ,        1632.5   ,           1377.0   ,               82.0   ,        96.0   ,              62   ,                   0   ,           1029   ,         96   ,                       93   ,                   0   ,                    0   ,              128.3   ,                  75.1   ,              28.0   ,                11.9   ,             45.0   ,               12.0   ,             54.6   ,               11.9   ,                        46.7   ,              16   ,        0.8430   ,               47.0   ,                  8306   ,
2026-08-06 18:59:13 ,        1632.5   ,           1377.0   ,               82.2   ,        96.2   ,              62   ,                   0   ,           1029   ,         96   ,                       93   ,                   0   ,                    0   ,              234.8   ,                 166.7   ,              36.8   ,                11.9   ,            100.0   ,               11.9   ,             97.4   ,               11.9   ,                        34.9   ,              16   ,        0.8430   ,               48.0   ,                  8306   ,
2026-08-06 18:59:14 ,        1645.0   ,           1377.0   ,               82.4   ,        96.4   ,              62   ,                   0   ,           1029   ,         96   ,                       93   ,                   0   ,                    0   ,              152.2   ,                  95.5   ,              29.2   ,                11.9   ,             57.3   ,               11.9   ,             65.0   ,               11.9   ,                        55.4   ,               1   ,        0.8500   ,               49.0   ,                  8306   ,
2026-08-06 18:59:15 ,        1632.5   ,           1377.0   ,               82.2   ,        96.2   ,              63   ,                   0   ,           1029   ,         95   ,                       92   ,                   0   ,                    0   ,              104.8   ,                  54.5   ,              25.2   ,                11.9   ,             32.7   ,               12.0   ,             46.2   ,               11.9   ,                        38.1   ,              16   ,        0.8430   ,               40.0   ,                  8306   ,
2026-08-06 18:59:16 ,        1632.5   ,           1377.0   ,               82.0   ,        96.0   ,              63   ,                   0   ,           1029   ,         90   ,                       87   ,                   0   ,                    0   ,              209.6   ,                 145.0   ,              34.5   ,                11.9   ,             87.0   ,               11.9   ,             87.4   ,               11.9   ,                        76.2   ,              16   ,        0.8430   ,               48.0   ,                  8306   ,
2026-08-06 18:59:17 ,        1632.5   ,           1377.0   ,               82.2   ,        96.2   ,              63   ,                   0   ,           1029   ,         96   ,                       93   ,                   0   ,                    0   ,              175.0   ,                 112.6   ,              33.2   ,                11.9   ,             67.6   ,               11.9   ,             73.6   ,               11.9   ,                        63.7   ,              16   ,        0.8430   ,               48.0   ,                  8308   ,
2026-08-06 18:59:18 ,        1632.5   ,           1377.0   ,               82.2   ,        96.2   ,              63   ,                   0   ,           1029   ,         93   ,                       90   ,                   0   ,                    0   ,              257.8   ,                  44.7   ,              24.2   ,                11.9   ,             26.8   ,               12.0   ,             41.9   ,               11.9   ,                        34.0   ,               1   ,        0.8430   ,               48.0   ,                  8311   ,
2026-08-06 18:59:19 ,        1632.5   ,           1377.0   ,               82.2   ,        96.2   ,              63   ,                   0   ,           1029   ,         91   ,                       88   ,                   0   ,                    0   ,              265.5   ,                  41.5   ,              23.8   ,                11.9   ,             24.9   ,               12.0   ,             40.2   ,               12.0   ,                        32.6   ,              16   ,        0.8430   ,               48.0   ,                  8310   ,
2026-08-06 18:59:20 ,        1632.5   ,           1377.0   ,               82.3   ,        96.3   ,              63   ,                   0   ,           1029   ,         96   ,                       93   ,                   0   ,                    0   ,              269.8   ,                 199.0   ,              26.8   ,                11.9   ,             42.0   ,               12.0   ,             52.5   ,               11.9   ,                        44.3   ,              16   ,        0.8430   ,               48.0   ,                  8310   ,
2026-08-06 18:59:21 ,        1632.5   ,           1377.0   ,               82.7   ,        96.7   ,              63   ,                   0   ,           1029   ,         96   ,                       93   ,                   0   ,                    0   ,              133.3   ,                  79.5   ,              27.7   ,                11.9   ,             47.7   ,               12.0   ,             57.3   ,               11.9   ,                        77.2   ,              16   ,        0.8430   ,               45.0   ,                  8310   ,
2026-08-06 18:59:22 ,        1632.5   ,           1377.0   ,               82.5   ,        96.5   ,              63   ,                   0   ,           1029   ,         96   ,                       92   ,                   0   ,                    0   ,              143.3   ,                  89.0   ,              28.6   ,                11.9   ,             53.4   ,               11.9   ,             60.7   ,               11.9   ,                        52.1   ,               1   ,        0.8430   ,               47.0   ,                  8310   ,
2026-08-06 18:59:23 ,        1683.0   ,           1377.0   ,               82.4   ,        96.4   ,              63   ,                   0   ,           1029   ,         92   ,                       89   ,                   0   ,                    0   ,              201.2   ,                 135.2   ,              32.9   ,                11.9   ,             81.1   ,               11.9   ,             86.5   ,               11.9   ,                        73.2   ,              16   ,        0.8500   ,               48.0   ,                  8310   ,
2026-08-06 18:59:24 ,        1645.0   ,           1377.0   ,               82.8   ,        96.8   ,              63   ,                   0   ,           1029   ,         96   ,                       94   ,                   0   ,                    0   ,              175.4   ,                 114.8   ,              31.4   ,                11.9   ,             68.8   ,               11.9   ,             74.5   ,               11.9   ,                        57.9   ,              16   ,        0.8500   ,               48.0   ,                  8311   ,
2026-08-06 18:59:25 ,        1645.0   ,           1377.0   ,               83.0   ,        97.0   ,              64   ,                   0   ,           1029   ,         93   ,                       91   ,                   0   ,                    0   ,              158.9   ,                 103.0   ,              30.1   ,                11.9   ,             61.8   ,               11.9   ,             66.4   ,               11.9   ,                        57.8   ,               1   ,        0.8500   ,               47.0   ,                  8310   ,
2026-08-06 18:59:26 ,        1645.0   ,           1377.0   ,               82.5   ,        96.5   ,              64   ,                   0   ,           1029   ,         95   ,                       94   ,                   0   ,                    0   ,              141.8   ,                  87.3   ,              28.3   ,                11.9   ,             52.4   ,               11.9   ,             60.4   ,               11.9   ,                        51.5   ,               1   ,        0.8500   ,               48.0   ,                  8311   ,
2026-08-06 18:59:27 ,        1632.5   ,           1377.0   ,               82.2   ,        96.2   ,              64   ,                   0   ,           1029   ,         92   ,                       90   ,                   0   ,                    0   ,              238.2   ,                 166.8   ,              37.9   ,                11.9   ,            100.1   ,               11.9   ,             99.6   ,               11.9   ,                        86.6   ,              16   ,        0.8430   ,               48.0   ,                  8310   ,
2026-08-06 18:59:28 ,        1632.5   ,           1377.0   ,               83.0   ,        97.0   ,              64   ,                   0   ,           1029   ,         94   ,                       91   ,                   0   ,                    0   ,              242.5   ,                 108.5   ,              26.0   ,                11.9   ,             37.5   ,               11.9   ,             50.7   ,               11.9   ,                        41.8   ,              16   ,        0.8810   ,               46.0   ,                  8311   ,
2026-08-06 18:59:29 ,        1607.0   ,           1377.0   ,               83.2   ,        97.2   ,              64   ,                   0   ,           1029   ,         96   ,                       81   ,                   0   ,                    0   ,              189.0   ,                 108.2   ,              31.1   ,                11.9   ,             64.9   ,               11.9   ,             69.9   ,               11.9   ,                        60.6   ,              16   ,        0.8430   ,               49.0   ,                  8311   ,
2026-08-06 18:59:30 ,        1620.0   ,           1377.0   ,               83.2   ,        97.2   ,              64   ,                   0   ,           1029   ,         95   ,                       92   ,                   0   ,                    0   ,              137.9   ,                  83.0   ,              28.1   ,                11.9   ,             49.8   ,               11.9   ,             59.4   ,               11.9   ,                        50.1   ,              16   ,        0.8430   ,               49.0   ,                  8311   ,
2026-08-06 18:59:31 ,        1607.0   ,           1377.0   ,               83.3   ,        97.3   ,              64   ,                   0   ,           1029   ,         96   ,                       91   ,                   0   ,                    0   ,              152.3   ,                  94.9   ,              30.0   ,                11.9   ,             56.9   ,               11.9   ,             64.7   ,               11.9   ,                        55.4   ,               1   ,        0.8310   ,               45.0   ,                  8312   ,
2026-08-06 18:59:32 ,        1645.0   ,           1377.0   ,               83.2   ,        97.2   ,              64   ,                   0   ,           1029   ,         95   ,                       93   ,                   0   ,                    0   ,              177.6   ,                 117.6   ,              31.5   ,                11.9   ,             70.6   ,               11.9   ,             74.9   ,               11.9   ,                        64.6   ,              16   ,        0.8500   ,               46.0   ,                  8312   ,
2026-08-06 18:59:33 ,        1607.0   ,           1377.0   ,               83.2   ,        97.2   ,              65   ,                   0   ,           1029   ,         96   ,                       93   ,                   0   ,                    0   ,              260.6   ,                 186.6   ,              40.9   ,                11.8   ,            112.0   ,               11.9   ,            107.2   ,               11.9   ,                        40.8   ,              16   ,        0.8310   ,               48.0   ,                  8314   ,
2026-08-06 18:59:34 ,        1645.0   ,           1377.0   ,               83.7   ,        97.7   ,              65   ,                   0   ,           1029   ,         96   ,                       93   ,                   0   ,                    0   ,              121.3   ,                  69.0   ,              26.6   ,                11.9   ,             41.4   ,               12.0   ,             52.6   ,               11.9   ,                        44.1   ,               1   ,        0.8500   ,               49.0   ,                  8313   ,
2026-08-06 18:59:35 ,        1632.5   ,           1377.0   ,               83.4   ,        97.4   ,              65   ,                   0   ,           1029   ,         94   ,                       91   ,                   0   ,                    0   ,              237.2   ,                 170.7   ,              37.1   ,                11.9   ,            102.4   ,               11.9   ,             97.0   ,               11.9   ,                        86.3   ,              16   ,        0.8430   ,               48.0   ,                  8315   ,
2026-08-06 18:59:36 ,        1632.5   ,           1377.0   ,               83.6   ,        97.6   ,              65   ,                   0   ,           1029   ,         90   ,                       87   ,                   0   ,                    0   ,              228.3   ,                 160.8   ,              36.2   ,                11.9   ,             96.5   ,               11.9   ,             95.0   ,               11.9   ,                        83.0   ,              16   ,        0.8430   ,               48.0   ,                  8316   ,
2026-08-06 18:59:37 ,        1632.5   ,           1377.0   ,               83.4   ,        97.4   ,              65   ,                   0   ,           1029   ,         96   ,                       94   ,                   0   ,                    0   ,              263.7   ,                  41.9   ,              24.0   ,                11.9   ,             25.2   ,               12.0   ,             40.6   ,               12.0   ,                        32.9   ,               1   ,        0.8430   ,               50.0   ,                  8317   ,
2026-08-06 18:59:38 ,        1632.5   ,           1377.0   ,               83.7   ,        97.7   ,              65   ,                   0   ,           1029   ,         95   ,                       93   ,                   0   ,                    0   ,              265.7   ,                  61.2   ,              25.8   ,                11.9   ,             36.7   ,               12.0   ,             48.6   ,               11.9   ,                        40.7   ,              16   ,        0.8430   ,               50.0   ,                  8317   ,
2026-08-06 18:59:39 ,        1632.5   ,           1377.0   ,               83.6   ,        97.6   ,              65   ,                   0   ,           1029   ,         96   ,                       93   ,                   0   ,                    0   ,              109.9   ,                  59.0   ,              25.7   ,                11.9   ,             35.4   ,               12.0   ,             48.1   ,               11.9   ,                        40.0   ,               1   ,        0.8430   ,               48.0   ,                  8317   ,
2026-08-06 18:59:40 ,        1645.0   ,           1377.0   ,               83.7   ,        97.7   ,              65   ,                   0   ,           1029   ,         96   ,                       92   ,                   0   ,                    0   ,              275.1   ,                 198.2   ,              40.1   ,                11.8   ,             45.0   ,               12.0   ,             55.9   ,               11.9   ,                        46.9   ,              16   ,        0.8430   ,               50.0   ,                  8316   ,
2026-08-06 18:59:41 ,        1632.5   ,           1377.0   ,               83.9   ,        97.9   ,              65   ,                   0   ,           1029   ,         96   ,                       92   ,                   0   ,                    0   ,              105.9   ,                  55.5   ,              25.3   ,                11.9   ,             33.3   ,               12.0   ,             46.6   ,               11.9   ,                        38.5   ,               1   ,        0.8430   ,               49.0   ,                  8317   ,
2026-08-06 18:59:42 ,        1620.0   ,           1377.0   ,               83.9   ,        97.9   ,              65   ,                   0   ,           1029   ,         96   ,                       93   ,                   0   ,                    0   ,              224.2   ,                 157.0   ,              35.6   ,                11.9   ,             94.2   ,               11.9   ,             93.8   ,               11.9   ,                        46.1   ,              16   ,        0.8430   ,               48.0   ,                  8317   ,
2026-08-06 18:59:43 ,        1632.5   ,           1377.0   ,               84.0   ,        98.0   ,              65   ,                   0   ,           1029   ,         93   ,                       91   ,                   0   ,                    0   ,              112.2   ,                  60.7   ,              26.1   ,                11.9   ,             36.4   ,               12.0   ,             49.0   ,               11.9   ,                        40.8   ,               1   ,        0.8430   ,               50.0   ,                  8317   ,
2026-08-06 18:59:44 ,        1632.5   ,           1377.0   ,               83.9   ,        97.9   ,              66   ,                   0   ,           1029   ,         96   ,                       93   ,                   0   ,                    0   ,              171.1   ,                 112.4   ,              31.0   ,                11.9   ,             67.5   ,               11.9   ,             72.0   ,               11.9   ,                        62.2   ,               1   ,        0.8430   ,               49.0   ,                  8317   ,
2026-08-06 18:59:45 ,        1632.5   ,           1377.0   ,               84.1   ,        98.1   ,              66   ,                   0   ,           1029   ,         95   ,                       92   ,                   0   ,                    0   ,               89.0   ,                  41.0   ,              23.9   ,                11.9   ,             24.6   ,               12.0   ,             39.8   ,               11.9   ,                        32.4   ,               1   ,        0.8430   ,               49.0   ,                  8317   ,
2026-08-06 18:59:46 ,        1632.5   ,           1377.0   ,               84.1   ,        98.1   ,              66   ,                   0   ,           1029   ,         96   ,                       93   ,                   0   ,                    0   ,               97.8   ,                  48.5   ,              24.6   ,                11.9   ,             29.1   ,               12.0   ,             43.5   ,               11.9   ,                        35.6   ,               1   ,        0.8430   ,               48.0   ,                  8317   ,
2026-08-06 18:59:47 ,        1632.5   ,           1377.0   ,               83.7   ,        97.7   ,              66   ,                   0   ,           1029   ,         76   ,                       90   ,                   0   ,                    0   ,              141.6   ,                  86.3   ,              28.4   ,                11.9   ,             51.8   ,               11.9   ,             60.7   ,               11.9   ,                        51.5   ,               1   ,        0.8500   ,               49.0   ,                  8314   ,
2026-08-06 18:59:48 ,        1645.0   ,           1377.0   ,               84.1   ,        98.1   ,              66   ,                   0   ,           1029   ,         70   ,                       69   ,                   0   ,                    0   ,              273.9   ,                 199.0   ,              39.9   ,                11.8   ,            119.4   ,               11.9   ,            113.9   ,               11.9   ,                        99.6   ,               1   ,        0.8620   ,               49.0   ,                  8317   ,
2026-08-06 18:59:49 ,        1620.0   ,           1377.0   ,               83.8   ,        97.8   ,              66   ,                   0   ,           1029   ,         72   ,                       70   ,                   0   ,                    0   ,              269.0   ,                 194.3   ,              40.7   ,                11.9   ,             26.5   ,               12.0   ,             41.6   ,               11.9   ,                        34.3   ,               1   ,        0.8430   ,               48.0   ,                  8317   ,
2026-08-06 18:59:50 ,        1632.5   ,           1377.0   ,               84.1   ,        98.1   ,              66   ,                   0   ,           1029   ,         86   ,                       83   ,                   0   ,                    0   ,              132.8   ,                  78.5   ,              27.7   ,                11.9   ,             47.1   ,               11.9   ,             57.3   ,               11.9   ,                        48.3   ,               1   ,        0.8430   ,               49.0   ,                  8315   ,
2026-08-06 18:59:51 ,        1632.5   ,           1377.0   ,               84.3   ,        98.3   ,              66   ,                   0   ,           1029   ,         84   ,                       81   ,                   0   ,                    0   ,              206.8   ,                 141.5   ,              34.0   ,                11.9   ,             37.4   ,               12.0   ,             49.7   ,               11.9   ,                        41.4   ,              16   ,        0.8430   ,               50.0   ,                  8316   ,
2026-08-06 18:59:52 ,        1620.0   ,           1377.0   ,               83.7   ,        97.7   ,              66   ,                   0   ,           1029   ,         96   ,                       93   ,                   0   ,                    0   ,              166.3   ,                 107.9   ,              30.7   ,                11.9   ,             64.7   ,               11.9   ,             70.1   ,               11.9   ,                        60.5   ,               1   ,        0.8310   ,               50.0   ,                  8317   ,
2026-08-06 18:59:53 ,        1607.0   ,           1377.0   ,               84.7   ,        98.7   ,              66   ,                   0   ,           1029   ,         96   ,                       91   ,                   0   ,                    0   ,               95.3   ,                  46.2   ,              24.6   ,                11.9   ,             27.7   ,               12.0   ,             42.3   ,               12.0   ,                        34.6   ,              16   ,        0.8310   ,               48.0   ,                  8316   ,
2026-08-06 18:59:54 ,        1632.5   ,           1377.0   ,               84.7   ,        98.7   ,              67   ,                   0   ,           1029   ,         95   ,                       92   ,                   0   ,                    0   ,              266.4   ,                 191.4   ,              40.4   ,                11.9   ,            114.8   ,               11.9   ,            110.5   ,               11.9   ,                        96.9   ,               2   ,        0.8430   ,               48.0   ,                  8317   ,
2026-08-06 18:59:55 ,        1569.0   ,           1377.0   ,               83.9   ,        97.9   ,              67   ,                   0   ,           1029   ,         96   ,                       91   ,                   0   ,                    0   ,              180.1   ,                 109.7   ,              31.9   ,                11.9   ,             65.8   ,               11.9   ,             69.8   ,               11.9   ,                        61.2   ,              16   ,        0.8120   ,               47.0   ,                  8317   ,
2026-08-06 18:59:56 ,        1582.0   ,           1377.0   ,               84.3   ,        98.3   ,              67   ,                   0   ,           1029   ,         96   ,                       92   ,                   0   ,                    0   ,              216.1   ,                 144.4   ,              35.6   ,                11.9   ,             86.6   ,               12.0   ,             41.5   ,               11.9   ,                        33.8   ,              16   ,        0.8250   ,               47.0   ,                  8315   ,
2026-08-06 18:59:57 ,        1582.0   ,           1377.0   ,               84.3   ,        98.3   ,              67   ,                   0   ,           1029   ,         96   ,                       92   ,                   0   ,                    0   ,               93.8   ,                  44.8   ,              24.5   ,                11.9   ,             26.9   ,               12.0   ,             41.8   ,               12.0   ,                        34.1   ,               2   ,        0.8250   ,               50.0   ,                  8317   ,
2026-08-06 18:59:58 ,        1607.0   ,           1377.0   ,               84.8   ,        98.8   ,              67   ,                   0   ,           1029   ,         96   ,                       92   ,                   0   ,                    0   ,              144.3   ,                  88.2   ,              28.9   ,                11.9   ,             52.9   ,               11.9   ,             61.8   ,               11.9   ,                        52.5   ,               3   ,        0.8310   ,               49.0   ,                  8316   ,
2026-08-06 18:59:59 ,        1620.0   ,           1377.0   ,               84.8   ,        98.8   ,              67   ,                   0   ,           1029   ,         96   ,                       93   ,                   0   ,                    0   ,               96.1   ,                  46.9   ,              24.5   ,                11.9   ,             28.1   ,               12.0   ,             42.8   ,               12.0   ,                        35.0   ,              16   ,        0.8430   ,               50.0   ,                  8316   ,
2026-08-06 19:00:00 ,        1632.5   ,           1377.0   ,               84.5   ,        98.5   ,              67   ,                   0   ,           1029   ,         95   ,                       93   ,                   0   ,                    0   ,               86.2   ,                  38.4   ,              23.7   ,                11.9   ,             23.1   ,               12.0   ,             38.8   ,               11.9   ,                        31.4   ,               1   ,        0.8430   ,               50.0   ,                  8316   ,
2026-08-06 19:00:01 ,        1632.5   ,           1377.0   ,               84.9   ,        98.9   ,              67   ,                   0   ,           1029   ,         96   ,                       94   ,                   0   ,                    0   ,              201.2   ,                 136.9   ,              33.3   ,                11.9   ,             26.8   ,               12.0   ,             41.9   ,               11.9   ,                        34.0   ,              16   ,        0.8430   ,               48.0   ,                  8316   ,
2026-08-06 19:00:02 ,        1632.5   ,           1377.0   ,               84.8   ,        98.8   ,              67   ,                   0   ,           1029   ,         95   ,                       92   ,                   0   ,                    0   ,              109.5   ,                  58.7   ,              25.7   ,                11.9   ,             35.2   ,               12.0   ,             47.9   ,               11.9   ,                        39.8   ,              16   ,        0.8430   ,               49.0   ,                  8317   ,
2026-08-06 19:00:03 ,        1632.5   ,           1377.0   ,               85.1   ,        99.1   ,              67   ,                   0   ,           1029   ,         96   ,                       93   ,                   0   ,                    0   ,              270.1   ,                 196.0   ,              39.4   ,                11.8   ,             22.7   ,               12.0   ,             38.7   ,               12.0   ,                        31.2   ,               1   ,        0.8430   ,               49.0   ,                  8317   ,
2026-08-06 19:00:04 ,        1632.5   ,           1377.0   ,               84.6   ,        98.6   ,              67   ,                   0   ,           1029   ,         96   ,                       95   ,                   0   ,                    0   ,              185.0   ,                 123.5   ,              31.8   ,                11.9   ,             74.1   ,               11.9   ,             78.4   ,               11.9   ,                        74.7   ,              16   ,        0.8430   ,               47.0   ,                  8317   ,
2026-08-06 19:00:05 ,        1645.0   ,           1377.0   ,               84.9   ,        98.9   ,              67   ,                   0   ,           1029   ,         92   ,                       90   ,                   0   ,                    0   ,              118.3   ,                  66.3   ,              26.5   ,                11.9   ,             39.8   ,               12.0   ,             51.4   ,               11.9   ,                        43.0   ,               1   ,        0.8430   ,               50.0   ,                  8316   ,
2026-08-06 19:00:06 ,        1632.5   ,           1377.0   ,               84.6   ,        98.6   ,              67   ,                   0   ,           1029   ,         92   ,                       88   ,                   0   ,                    0   ,              109.5   ,                  58.3   ,              25.8   ,                11.9   ,             35.0   ,               12.0   ,             48.1   ,               11.9   ,                        39.8   ,               1   ,        0.8430   ,               49.0   ,                  8316   ,
2026-08-06 19:00:07 ,        1645.0   ,           1377.0   ,               84.9   ,        98.9   ,              67   ,                   0   ,           1029   ,         93   ,                       91   ,                   0   ,                    0   ,              265.2   ,                 191.4   ,              39.5   ,                11.8   ,            114.8   ,               11.9   ,            110.1   ,               11.9   ,                        96.4   ,              16   ,        0.8500   ,               47.0   ,                  8315   ,
2026-08-06 19:00:08 ,        1632.5   ,           1377.0   ,               85.2   ,        99.2   ,              67   ,                   0   ,           1029   ,         96   ,                       92   ,                   0   ,                    0   ,               90.3   ,                  41.9   ,              24.0   ,                11.9   ,             59.6   ,               11.9   ,             67.8   ,               11.9   ,                        57.5   ,              16   ,        0.8430   ,               46.0   ,                  8315   ,
2026-08-06 19:00:09 ,        1632.5   ,           1377.0   ,               85.3   ,        99.3   ,              68   ,                   0   ,           1029   ,         95   ,                       92   ,                   0   ,                    0   ,              186.8   ,                 126.8   ,              32.2   ,                11.9   ,             76.1   ,               11.9   ,             77.8   ,               11.9   ,                        67.9   ,               1   ,        0.8430   ,               49.0   ,                  8315   ,
2026-08-06 19:00:10 ,        1620.0   ,           1377.0   ,               84.7   ,        98.7   ,              68   ,                   0   ,           1029   ,         96   ,                       94   ,                   0   ,                    0   ,              217.9   ,                 154.9   ,              36.6   ,                11.9   ,             92.9   ,               11.9   ,             87.6   ,               11.9   ,                        79.2   ,              16   ,        0.8430   ,               48.0   ,                  8315   ,
2026-08-06 19:00:11 ,        1645.0   ,           1377.0   ,               85.0   ,        99.0   ,              68   ,                   0   ,           1029   ,         94   ,                       90   ,                   0   ,                    0   ,              229.7   ,                  59.0   ,              25.7   ,                11.9   ,             35.4   ,               12.0   ,             77.0   ,               11.9   ,                        64.8   ,              16   ,        0.8430   ,               49.0   ,                  8315   ,
2026-08-06 19:00:12 ,        1607.0   ,           1377.0   ,               85.4   ,        99.4   ,              68   ,                   0   ,           1029   ,         82   ,                       78   ,                   0   ,                    0   ,              258.7   ,                 185.5   ,              39.0   ,                11.9   ,            111.3   ,               12.0   ,             39.3   ,               11.9   ,                        31.8   ,              16   ,        0.8310   ,               51.0   ,                  8314   ,
2026-08-06 19:00:13 ,        1632.5   ,           1377.0   ,               85.3   ,        99.3   ,              68   ,                   0   ,           1029   ,         80   ,                       77   ,                   0   ,                    0   ,              227.6   ,                 159.4   ,              36.3   ,                11.9   ,             95.6   ,               11.9   ,             95.0   ,               11.9   ,                        82.8   ,               1   ,        0.8430   ,               50.0   ,                  8314   ,
2026-08-06 19:00:14 ,        1632.5   ,           1377.0   ,               84.9   ,        98.9   ,              68   ,                   0   ,           1029   ,         87   ,                       84   ,                   0   ,                    0   ,              266.7   ,                 193.7   ,              38.9   ,                11.8   ,            116.2   ,               11.9   ,            110.9   ,               11.9   ,                        97.0   ,              16   ,        0.8430   ,               49.0   ,                  8314   ,
2026-08-06 19:00:15 ,        1632.5   ,           1377.0   ,               85.2   ,        99.2   ,              68   ,                   0   ,           1029   ,         82   ,                       79   ,                   0   ,                    0   ,              164.4   ,                 105.4   ,              30.4   ,                11.9   ,             63.2   ,               11.9   ,             70.1   ,               11.9   ,                        59.8   ,               1   ,        0.8430   ,               50.0   ,                  8314   ,
2026-08-06 19:00:16 ,        1632.5   ,           1377.0   ,               85.1   ,        99.1   ,              68   ,                   0   ,           1029   ,         96   ,                       93   ,                   0   ,                    0   ,              146.8   ,                  90.7   ,              29.0   ,                11.9   ,             54.4   ,               11.9   ,             62.7   ,               11.9   ,                        53.4   ,              16   ,        0.8430   ,               48.0   ,                  8315   ,
2026-08-06 19:00:17 ,        1607.0   ,           1377.0   ,               85.8   ,        99.8   ,              68   ,                   0   ,           1029   ,         96   ,                       93   ,                   0   ,                    0   ,               91.7   ,                  43.1   ,              24.2   ,                11.9   ,             25.8   ,               12.0   ,             41.0   ,               11.9   ,                        33.3   ,              16   ,        0.8310   ,               50.0   ,                  8311   ,
2026-08-06 19:00:18 ,        1620.0   ,           1377.0   ,               85.8   ,        99.8   ,              69   ,                   0   ,           1029   ,         96   ,                       93   ,                   0   ,                    0   ,               97.1   ,                  47.8   ,              24.6   ,                11.9   ,             28.7   ,               12.0   ,             43.1   ,               12.0   ,                        35.3   ,              16   ,        0.8430   ,               47.0   ,                  8313   ,
2026-08-06 19:00:19 ,        1620.0   ,           1377.0   ,               85.7   ,        99.7   ,              69   ,                   0   ,           1029   ,         95   ,                       92   ,                   0   ,                    0   ,               87.6   ,                  39.6   ,              23.8   ,                11.9   ,             23.7   ,               12.0   ,             39.4   ,               11.9   ,                        31.8   ,               2   ,        0.8430   ,               48.0   ,                  8311   ,
2026-08-06 19:00:20 ,        1620.0   ,           1377.0   ,               85.9   ,        99.9   ,              69   ,                   0   ,           1029   ,         95   ,                       93   ,                   0   ,                    0   ,              139.4   ,                  83.9   ,              28.4   ,                11.9   ,             50.4   ,               11.9   ,             60.0   ,               11.9   ,                        50.7   ,               2   ,        0.8430   ,               49.0   ,                  8313   ,
2026-08-06 19:00:21 ,        1632.5   ,           1377.0   ,               85.7   ,        99.7   ,              69   ,                   0   ,           1029   ,         95   ,                       93   ,                   0   ,                    0   ,              175.3   ,                 114.3   ,              31.4   ,                11.9   ,             68.6   ,               11.9   ,             74.7   ,               11.9   ,                        63.7   ,               1   ,        0.8430   ,               50.0   ,                  8313   ,
2026-08-06 19:00:22 ,        1582.0   ,           1377.0   ,               85.7   ,        99.7   ,              69   ,                   0   ,           1029   ,         96   ,                       91   ,                   0   ,                    0   ,              236.3   ,                 162.6   ,              38.8   ,                11.9   ,             97.6   ,               12.0   ,             40.1   ,               12.0   ,                        32.6   ,              16   ,        0.8250   ,               48.0   ,                  8313   ,
2026-08-06 19:00:23 ,        1645.0   ,           1377.0   ,               86.1   ,       100.1   ,              69   ,                   0   ,           1029   ,         95   ,                       94   ,                   0   ,                    0   ,               89.2   ,                  40.7   ,              23.8   ,                11.9   ,             24.4   ,               12.0   ,             40.3   ,               11.9   ,                        62.1   ,              16   ,        0.8310   ,               47.0   ,                  8313   ,
2026-08-06 19:00:24 ,        1632.5   ,           1377.0   ,               86.2   ,       100.2   ,              69   ,                   0   ,           1029   ,         96   ,                       93   ,                   0   ,                    0   ,              111.6   ,                  43.5   ,              24.2   ,                11.9   ,             26.1   ,               12.0   ,             41.4   ,               11.9   ,                        33.6   ,              16   ,        0.8430   ,               49.0   ,                  8313   ,
2026-08-06 19:00:25 ,        1632.5   ,           1377.0   ,               86.2   ,       100.2   ,              69   ,                   0   ,           1029   ,         96   ,                       93   ,                   0   ,                    0   ,              269.2   ,                 193.6   ,              39.7   ,                11.9   ,            116.2   ,               11.9   ,            112.6   ,               11.9   ,                        97.9   ,               1   ,        0.8430   ,               47.0   ,                  8313   ,
2026-08-06 19:00:26 ,        1632.5   ,           1377.0   ,               85.8   ,        99.8   ,              69   ,                   0   ,           1029   ,         95   ,                       94   ,                   0   ,                    0   ,              255.4   ,                 178.0   ,              39.9   ,                11.9   ,            106.8   ,               11.9   ,            108.0   ,               11.9   ,                        92.9   ,              16   ,        0.8430   ,               49.0   ,                  8313   ,
2026-08-06 19:00:27 ,        1607.0   ,           1377.0   ,               86.2   ,       100.2   ,              69   ,                   0   ,           1028   ,         94   ,                       89   ,                   0   ,                    0   ,              143.5   ,                  88.2   ,              28.8   ,                11.9   ,             52.9   ,               11.9   ,             61.1   ,               11.9   ,                        52.2   ,               1   ,        0.8310   ,               50.0   ,                  8313   ,
2026-08-06 19:00:28 ,        1620.0   ,           1377.0   ,               86.3   ,       100.3   ,              70   ,                   0   ,           1028   ,         95   ,                       92   ,                   0   ,                    0   ,              141.9   ,                  58.8   ,              25.7   ,                11.9   ,             35.3   ,               12.0   ,             48.6   ,               11.9   ,                        40.1   ,              16   ,        0.8430   ,               50.0   ,                  8313   ,
2026-08-06 19:00:29 ,        1632.5   ,           1377.0   ,               86.3   ,       100.3   ,              70   ,                   0   ,           1028   ,         95   ,                       93   ,                   0   ,                    0   ,              271.8   ,                 196.3   ,              40.1   ,                11.8   ,            117.8   ,               11.9   ,             39.8   ,               11.9   ,                        32.2   ,               1   ,        0.8430   ,               50.0   ,                  8312   ,
2026-08-06 19:00:30 ,        1632.5   ,           1377.0   ,               86.3   ,       100.3   ,              70   ,                   0   ,           1028   ,         96   ,                       93   ,                   0   ,                    0   ,               99.6   ,                  49.6   ,              24.8   ,                11.9   ,             29.8   ,               12.0   ,             44.4   ,               11.9   ,                        36.2   ,               1   ,        0.8430   ,               48.0   ,                  8312   ,
2026-08-06 19:00:31 ,        1632.5   ,           1377.0   ,               86.4   ,       100.4   ,              70   ,                   0   ,           1028   ,         96   ,                       92   ,                   0   ,                    0   ,              272.8   ,                  44.0   ,              25.5   ,                11.9   ,             26.4   ,               12.0   ,             41.6   ,               11.9   ,                        34.2   ,               1   ,        0.8310   ,               50.0   ,                  8311   ,
2026-08-06 19:00:32 ,        1632.5   ,           1377.0   ,               86.5   ,       100.5   ,              70   ,                   0   ,           1028   ,         96   ,                       93   ,                   0   ,                    0   ,               95.3   ,                  46.2   ,              24.5   ,                11.9   ,             27.7   ,               12.0   ,             42.4   ,               11.9   ,                        34.7   ,               1   ,        0.8430   ,               49.0   ,                  8310   ,
2026-08-06 19:00:33 ,        1632.5   ,           1377.0   ,               86.3   ,       100.3   ,              70   ,                   0   ,           1028   ,         80   ,                       78   ,                   0   ,                    0   ,              275.9   ,                 200.9   ,              40.1   ,                11.8   ,            120.6   ,               11.9   ,            114.6   ,               11.9   ,                       100.3   ,              16   ,        0.8500   ,               51.0   ,                  8312   ,
2026-08-06 19:00:34 ,        1607.0   ,           1377.0   ,               86.0   ,       100.0   ,              70   ,                   0   ,           1028   ,         75   ,                       72   ,                   0   ,                    0   ,              249.4   ,                 176.5   ,              39.6   ,                11.9   ,            105.9   ,               11.9   ,            103.2   ,               11.9   ,                        90.7   ,              16   ,        0.8310   ,               49.0   ,                  8311   ,
2026-08-06 19:00:35 ,        1607.0   ,           1377.0   ,               86.4   ,       100.4   ,              70   ,                   0   ,           1028   ,         95   ,                       91   ,                   0   ,                    0   ,              247.3   ,                 178.1   ,              38.3   ,                11.9   ,            106.9   ,               11.9   ,            101.5   ,               11.9   ,                        89.9   ,               2   ,        0.8310   ,               49.0   ,                  8312   ,
2026-08-06 19:00:36 ,        1683.0   ,           1377.0   ,               85.9   ,        99.9   ,              70   ,                   0   ,           1028   ,         59   ,                       58   ,                   0   ,                    0   ,              197.8   ,                 132.8   ,              33.2   ,                11.9   ,             79.7   ,               11.9   ,             84.2   ,               11.9   ,                        31.8   ,               2   ,        0.8120   ,               47.0   ,                  8311   ,
2026-08-06 19:00:37 ,        1632.5   ,           1377.0   ,               85.3   ,        99.3   ,              70   ,                   0   ,           1028   ,         79   ,                       76   ,                   0   ,                    0   ,               88.7   ,                  40.3   ,              23.9   ,                11.9   ,             24.2   ,               12.0   ,             39.9   ,               11.9   ,                        32.3   ,              16   ,        0.8430   ,               49.0   ,                  8311   ,
2026-08-06 19:00:38 ,        1632.5   ,           1377.0   ,               86.3   ,       100.3   ,              70   ,                   0   ,           1028   ,         94   ,                       91   ,                   0   ,                    0   ,              266.2   ,                  40.7   ,              23.9   ,                11.9   ,             24.4   ,               12.0   ,             40.2   ,               11.9   ,                        32.4   ,               1   ,        0.8430   ,               49.0   ,                  8309   ,
2026-08-06 19:00:39 ,        1607.0   ,           1377.0   ,               86.7   ,       100.7   ,              70   ,                   0   ,           1028   ,         96   ,                       93   ,                   0   ,                    0   ,              116.9   ,                  52.5   ,              25.2   ,                11.9   ,             31.5   ,               12.0   ,             45.5   ,               11.9   ,                        37.4   ,              16   ,        0.8310   ,               46.0   ,                  8330   ,
2026-08-06 19:00:40 ,        1607.0   ,           1377.0   ,               86.7   ,       100.7   ,              70   ,                   0   ,           1028   ,         96   ,                       93   ,                   0   ,                    0   ,               94.0   ,                  44.8   ,              24.5   ,                11.9   ,             26.9   ,               12.0   ,             42.0   ,               12.0   ,                        34.2   ,               1   ,        0.8310   ,               41.0   ,                  8330   ,
2026-08-06 19:00:41 ,        1607.0   ,           1377.0   ,               86.8   ,       100.8   ,              70   ,                   0   ,           1028   ,         96   ,                       93   ,                   0   ,                    0   ,              145.1   ,                  88.7   ,              29.0   ,                11.9   ,             53.2   ,               11.9   ,             62.2   ,               11.9   ,                        52.8   ,              16   ,        0.8310   ,               46.0   ,                  8330   ,
2026-08-06 19:00:42 ,        1620.0   ,           1377.0   ,               87.0   ,       101.0   ,              70   ,                   0   ,           1028   ,         95   ,                       93   ,                   0   ,                    0   ,              273.6   ,                 197.1   ,              41.7   ,                11.8   ,            118.3   ,               11.9   ,            113.0   ,               11.8   ,                        99.5   ,               3   ,        0.8430   ,               49.0   ,                  8329   ,
2026-08-06 19:00:43 ,        1569.0   ,           1377.0   ,               86.6   ,       100.6   ,              70   ,                   0   ,           1028   ,         96   ,                       91   ,                   0   ,                    0   ,               95.3   ,                  45.6   ,              24.8   ,                11.9   ,             27.4   ,               12.0   ,             42.5   ,               11.9   ,                        34.7   ,               2   ,        0.8120   ,               49.0   ,                  8328   ,
2026-08-06 19:00:44 ,        1607.0   ,           1377.0   ,               86.8   ,       100.8   ,              70   ,                   0   ,           1028   ,         95   ,                       91   ,                   0   ,                    0   ,              141.9   ,                  85.7   ,              28.9   ,                11.9   ,             51.4   ,               11.9   ,             60.9   ,               11.9   ,                        51.6   ,               2   ,        0.8310   ,               50.0   ,                  8329   ,
2026-08-06 19:00:45 ,        1620.0   ,           1377.0   ,               86.8   ,       100.8   ,              70   ,                   0   ,           1028   ,         95   ,                       93   ,                   0   ,                    0   ,              247.5   ,                 182.4   ,              38.2   ,                11.9   ,            109.5   ,               11.9   ,             99.2   ,               11.9   ,                        55.2   ,              16   ,        0.8430   ,               45.0   ,                  8316   ,
2026-08-06 19:00:46 ,        1607.0   ,           1377.0   ,               86.9   ,       100.9   ,              71   ,                   0   ,           1028   ,         96   ,                       93   ,                   0   ,                    0   ,              191.1   ,                 127.3   ,              33.5   ,                11.9   ,             76.4   ,               11.9   ,             80.5   ,               11.9   ,                        69.5   ,               1   ,        0.8310   ,               48.0   ,                  8316   ,
2026-08-06 19:00:47 ,        1620.0   ,           1377.0   ,               87.3   ,       101.3   ,              71   ,                   0   ,           1028   ,         96   ,                       93   ,                   0   ,                    0   ,               88.8   ,                  86.8   ,              30.0   ,                11.9   ,             52.1   ,               11.9   ,             63.1   ,               11.9   ,                        53.1   ,              16   ,        0.8430   ,               49.0   ,                  8314   ,
2026-08-06 19:00:48 ,        1632.5   ,           1377.0   ,               87.1   ,       101.1   ,              71   ,                   0   ,           1028   ,         93   ,                       91   ,                   0   ,                    0   ,              103.0   ,                  52.5   ,              25.1   ,                11.9   ,             31.5   ,               12.0   ,             45.7   ,               11.9   ,                        37.4   ,               1   ,        0.8430   ,               49.0   ,                  8315   ,
2026-08-06 19:00:49 ,        1607.0   ,           1377.0   ,               87.2   ,       101.2   ,              71   ,                   0   ,           1028   ,         96   ,                       92   ,                   0   ,                    0   ,               90.8   ,                  42.4   ,              24.2   ,                11.9   ,             25.5   ,               12.0   ,             40.5   ,               11.9   ,                        33.0   ,               3   ,        0.8310   ,               51.0   ,                  8315   ,
2026-08-06 19:00:50 ,        1607.0   ,           1377.0   ,               87.0   ,       101.0   ,              71   ,                   0   ,           1028   ,         94   ,                       89   ,                   0   ,                    0   ,              249.3   ,                  45.1   ,              24.5   ,                11.9   ,             27.1   ,               12.0   ,             41.8   ,               11.9   ,                        34.2   ,               2   ,        0.8310   ,               51.0   ,                  8314   ,
2026-08-06 19:00:51 ,        1607.0   ,           1377.0   ,               87.0   ,       101.0   ,              71   ,                   0   ,           1028   ,         94   ,                       87   ,                   0   ,                    0   ,               93.9   ,                  44.8   ,              24.5   ,                11.9   ,             26.9   ,               12.0   ,             41.9   ,               11.9   ,                        34.1   ,              16   ,        0.8310   ,               50.0   ,                  8315   ,
2026-08-06 19:00:52 ,        1645.0   ,           1377.0   ,               87.5   ,       101.5   ,              71   ,                   0   ,           1028   ,         93   ,                       90   ,                   0   ,                    0   ,              273.7   ,                 197.1   ,              39.9   ,                11.9   ,            118.3   ,               11.9   ,            114.8   ,               12.0   ,                        35.9   ,              16   ,        0.8430   ,               48.0   ,                  8314   ,
2026-08-06 19:00:53 ,        1607.0   ,           1377.0   ,               86.9   ,       100.9   ,              71   ,                   0   ,           1028   ,         96   ,                       92   ,                   0   ,                    0   ,               97.7   ,                  48.0   ,              24.8   ,                11.9   ,             28.8   ,               12.0   ,             43.5   ,               11.9   ,                        35.5   ,               1   ,        0.8310   ,               50.0   ,                  8314   ,
2026-08-06 19:00:54 ,        1607.0   ,           1377.0   ,               87.2   ,       101.2   ,              71   ,                   0   ,           1028   ,         93   ,                       90   ,                   0   ,                    0   ,              263.1   ,                 187.3   ,              39.8   ,                11.8   ,            112.4   ,               12.0   ,             42.8   ,               11.9   ,                        35.0   ,              16   ,        0.8310   ,               48.0   ,                  8315   ,
2026-08-06 19:00:55 ,        1657.5   ,           1377.0   ,               86.5   ,       100.5   ,              71   ,                   0   ,           1028   ,         70   ,                       69   ,                   0   ,                    0   ,              217.4   ,                  51.2   ,              24.9   ,                11.9   ,             30.7   ,               12.0   ,             46.3   ,               11.9   ,                        37.3   ,              16   ,        0.8620   ,               48.0   ,                  8312   ,
2026-08-06 19:00:56 ,        1657.5   ,           1377.0   ,               86.1   ,       100.1   ,              71   ,                   0   ,           1028   ,         73   ,                       69   ,                   0   ,                    0   ,              143.9   ,                  87.5   ,              27.0   ,                11.9   ,             39.9   ,               11.9   ,             52.2   ,               11.9   ,                        43.6   ,              16   ,        0.8250   ,               50.0   ,                  8315   ,
2026-08-06 19:00:57 ,        1620.0   ,           1377.0   ,               86.6   ,       100.6   ,              71   ,                   0   ,           1028   ,         80   ,                       79   ,                   0   ,                    0   ,              146.7   ,                  88.3   ,              29.4   ,                11.9   ,             53.0   ,               11.9   ,             63.6   ,               11.9   ,                        68.3   ,              16   ,        0.8430   ,               44.0   ,                  8312   ,
2026-08-06 19:00:58 ,        1607.0   ,           1377.0   ,               87.0   ,       101.0   ,              71   ,                   0   ,           1028   ,         95   ,                       92   ,                   0   ,                    0   ,              219.3   ,                 149.8   ,              37.0   ,                11.9   ,             89.9   ,               11.9   ,             91.7   ,               11.9   ,                        79.7   ,              16   ,        0.8310   ,               46.0   ,                  8313   ,
2026-08-06 19:00:59 ,        1620.0   ,           1377.0   ,               87.6   ,       101.6   ,              71   ,                   0   ,           1028   ,         95   ,                       93   ,                   0   ,                    0   ,              252.4   ,                 179.9   ,              38.0   ,                11.9   ,            108.0   ,               11.9   ,            105.7   ,               11.9   ,                        91.8   ,              16   ,        0.8430   ,               49.0   ,                  8313   ,
2026-08-06 19:01:00 ,        1594.5   ,           1377.0   ,               87.6   ,       101.6   ,              72   ,                   0   ,           1028   ,         95   ,                       92   ,                   0   ,                    0   ,              185.8   ,                 123.0   ,              32.6   ,                11.9   ,             73.8   ,               11.9   ,             78.7   ,               11.9   ,                        67.6   ,               2   ,        0.8310   ,               48.0   ,                  8314   ,
2026-08-06 19:01:01 ,        1594.5   ,           1377.0   ,               87.6   ,       101.6   ,              72   ,                   0   ,           1028   ,         96   ,                       93   ,                   0   ,                    0   ,              264.7   ,                 186.7   ,              40.1   ,                11.9   ,            112.0   ,               11.9   ,            111.9   ,               11.9   ,                        34.2   ,              16   ,        0.8250   ,               50.0   ,                  8313   ,
2026-08-06 19:01:02 ,        1569.0   ,           1377.0   ,               86.9   ,       100.9   ,              72   ,                   0   ,           1028   ,         95   ,                       90   ,                   0   ,                    0   ,              157.5   ,                  99.2   ,              30.7   ,                11.9   ,             59.5   ,               11.9   ,             66.7   ,               11.9   ,                        57.3   ,               2   ,        0.8120   ,               50.0   ,                  8313   ,
2026-08-06 19:01:03 ,        1620.0   ,           1377.0   ,               87.7   ,       101.7   ,              72   ,                   0   ,           1028   ,         96   ,                       93   ,                   0   ,                    0   ,              121.7   ,                  67.3   ,              28.2   ,                11.9   ,             66.9   ,               11.9   ,             74.4   ,               11.9   ,                        63.5   ,              16   ,        0.8310   ,               50.0   ,                  8313   ,
2026-08-06 19:01:04 ,        1607.0   ,           1377.0   ,               87.5   ,       101.5   ,              72   ,                   0   ,           1028   ,         96   ,                       93   ,                   0   ,                    0   ,               87.2   ,                  39.1   ,              23.9   ,                11.9   ,             23.4   ,               12.0   ,             39.2   ,               11.9   ,                        31.7   ,               1   ,        0.8310   ,               49.0   ,                  8313   ,
2026-08-06 19:01:05 ,        1632.5   ,           1377.0   ,               87.7   ,       101.7   ,              72   ,                   0   ,           1028   ,         95   ,                       92   ,                   0   ,                    0   ,               88.3   ,                  39.9   ,              23.9   ,                11.9   ,             23.9   ,               12.0   ,             39.8   ,               11.9   ,                        32.1   ,               1   ,        0.8310   ,               49.0   ,                  8313   ,
2026-08-06 19:01:06 ,        1607.0   ,           1377.0   ,               87.6   ,       101.6   ,              72   ,                   0   ,           1028   ,         96   ,                       92   ,                   0   ,                    0   ,              220.1   ,                 151.2   ,              36.0   ,                11.9   ,             90.7   ,               11.9   ,             92.8   ,               11.9   ,                        80.0   ,              16   ,        0.8310   ,               46.0   ,                  8313   ,
2026-08-06 19:01:07 ,        1607.0   ,           1377.0   ,               88.2   ,       102.2   ,              72   ,                   0   ,           1028   ,         96   ,                       93   ,                   0   ,                    0   ,              120.2   ,                  67.4   ,              26.9   ,                11.9   ,             40.4   ,               11.9   ,             52.1   ,               11.9   ,                        43.7   ,              16   ,        0.8310   ,               47.0   ,                  8313   ,
2026-08-06 19:01:08 ,        1569.0   ,           1377.0   ,               87.2   ,       101.2   ,              72   ,                   0   ,           1028   ,         82   ,                       78   ,                   0   ,                    0   ,              127.6   ,                  72.8   ,              27.8   ,                11.9   ,             43.7   ,               11.9   ,             55.5   ,               11.9   ,                        46.4   ,               2   ,        0.8120   ,               49.0   ,                  8312   ,
2026-08-06 19:01:09 ,        1594.5   ,           1377.0   ,               87.6   ,       101.6   ,              72   ,                   0   ,           1028   ,         96   ,                       93   ,                   0   ,                    0   ,              152.9   ,                  95.9   ,              29.7   ,                11.9   ,             57.5   ,               11.9   ,             65.0   ,               11.9   ,                        55.6   ,              16   ,        0.8310   ,               49.0   ,                  8313   ,
2026-08-06 19:01:10 ,        1632.5   ,           1377.0   ,               87.7   ,       101.7   ,              72   ,                   0   ,           1028   ,         92   ,                       88   ,                   0   ,                    0   ,              111.0   ,                  49.9   ,              24.9   ,                11.9   ,             29.9   ,               12.0   ,             43.8   ,               11.9   ,                        36.1   ,              16   ,        0.8310   ,               50.0   ,                  8311   ,
2026-08-06 19:01:11 ,        1607.0   ,           1377.0   ,               87.8   ,       101.8   ,              72   ,                   0   ,           1028   ,         96   ,                       93   ,                   0   ,                    0   ,              181.2   ,                 116.3   ,              32.0   ,                11.9   ,             69.8   ,               11.9   ,             78.8   ,               11.9   ,                        65.9   ,              16   ,        0.8310   ,               48.0   ,                  8312   ,
2026-08-06 19:01:12 ,        1607.0   ,           1377.0   ,               87.2   ,       101.2   ,              72   ,                   0   ,           1028   ,         73   ,                       71   ,                   0   ,                    0   ,              171.2   ,                 109.7   ,              31.2   ,                11.9   ,             65.8   ,               11.9   ,             73.5   ,               11.9   ,                        62.3   ,              16   ,        0.8310   ,               50.0   ,                  8313   ,
2026-08-06 19:01:13 ,        1607.0   ,           1377.0   ,               86.8   ,       100.8   ,              72   ,                   0   ,           1028   ,         71   ,                       72   ,                   0   ,                    0   ,              111.3   ,                  58.9   ,              24.8   ,                11.9   ,             35.3   ,               11.9   ,             50.4   ,               11.9   ,                        44.7   ,              16   ,        0.8430   ,               49.0   ,                  8312   ,
2026-08-06 19:01:14 ,        1607.0   ,           1377.0   ,               87.5   ,       101.5   ,              72   ,                   0   ,           1028   ,         92   ,                       88   ,                   0   ,                    0   ,              233.4   ,                 158.5   ,              38.3   ,                11.9   ,             95.1   ,               11.9   ,             99.3   ,               11.9   ,                        41.6   ,               1   ,        0.8930   ,               44.0   ,                  8313   ,
2026-08-06 19:01:15 ,        1620.0   ,           1377.0   ,               88.0   ,       102.0   ,              72   ,                   0   ,           1028   ,         79   ,                       77   ,                   0   ,                    0   ,              189.4   ,                 124.2   ,              33.0   ,                11.9   ,             74.5   ,               11.9   ,             81.2   ,               11.9   ,                        68.9   ,              16   ,        0.8430   ,               48.0   ,                  8313   ,
2026-08-06 19:01:16 ,        1607.0   ,           1377.0   ,               87.7   ,       101.7   ,              72   ,                   0   ,           1028   ,         96   ,                       93   ,                   0   ,                    0   ,              100.9   ,                  50.6   ,              25.1   ,                11.9   ,             30.3   ,               12.0   ,             44.7   ,               12.0   ,                        63.3   ,              16   ,        0.8310   ,               48.0   ,                  8311   ,
2026-08-06 19:01:17 ,        1607.0   ,           1377.0   ,               88.0   ,       102.0   ,              73   ,                   0   ,           1028   ,         96   ,                       93   ,                   0   ,                    0   ,              262.2   ,                 186.9   ,              39.8   ,                11.9   ,             28.2   ,               12.0   ,             43.0   ,               12.0   ,                        35.1   ,               1   ,        0.8430   ,               47.0   ,                  8312   ,
2026-08-06 19:01:18 ,        1607.0   ,           1377.0   ,               88.3   ,       102.3   ,              73   ,                   0   ,           1028   ,         94   ,                       90   ,                   0   ,                    0   ,              270.5   ,                 193.6   ,              40.3   ,                11.8   ,            116.2   ,               11.9   ,            113.3   ,               11.9   ,                        98.4   ,              16   ,        0.8310   ,               50.0   ,                  8312   ,
2026-08-06 19:01:19 ,        1582.0   ,           1377.0   ,               88.1   ,       102.1   ,              73   ,                   0   ,           1028   ,         96   ,                       92   ,                   0   ,                    0   ,              103.5   ,                  51.6   ,              26.6   ,                11.9   ,             31.0   ,               12.0   ,             45.2   ,               11.9   ,                        37.6   ,              16   ,        0.8120   ,               49.0   ,                  8313   ,
2026-08-06 19:01:20 ,        1607.0   ,           1377.0   ,               88.3   ,       102.3   ,              73   ,                   0   ,           1028   ,         96   ,                       93   ,                   0   ,                    0   ,              198.8   ,                 134.4   ,              34.4   ,                11.9   ,             80.6   ,               11.9   ,             83.1   ,               11.9   ,                        66.0   ,              16   ,        0.8310   ,               50.0   ,                  8313   ,
2026-08-06 19:01:21 ,        1632.5   ,           1377.0   ,               88.7   ,       102.7   ,              73   ,                   0   ,           1028   ,         95   ,                       92   ,                   0   ,                    0   ,              128.4   ,                  74.4   ,              27.3   ,                11.9   ,             44.6   ,               11.9   ,             55.8   ,               11.9   ,                        46.7   ,               3   ,        0.8430   ,               50.0   ,                  8313   ,
2026-08-06 19:01:22 ,        1645.0   ,           1377.0   ,               88.6   ,       102.6   ,              73   ,                   0   ,           1028   ,         93   ,                       91   ,                   0   ,                    0   ,               98.6   ,                  48.3   ,              24.7   ,                11.9   ,             29.0   ,               12.0   ,             44.2   ,               11.9   ,                        35.8   ,               1   ,        0.8310   ,               51.0   ,                  8311   ,
2026-08-06 19:01:23 ,        1607.0   ,           1377.0   ,               88.6   ,       102.5   ,              73   ,                   0   ,           1028   ,         96   ,                       93   ,                   0   ,                    0   ,               94.1   ,                  45.0   ,              24.5   ,                11.9   ,             27.0   ,               12.0   ,             41.9   ,               11.9   ,                        34.2   ,               1   ,        0.8310   ,               50.0   ,                  8313   ,
2026-08-06 19:01:24 ,        1632.5   ,           1377.0   ,               88.7   ,       102.7   ,              73   ,                   0   ,           1028   ,         96   ,                       93   ,                   0   ,                    0   ,              235.0   ,                 167.7   ,              36.6   ,                11.9   ,             44.0   ,               12.0   ,             54.3   ,               11.9   ,                        46.0   ,              16   ,        0.8310   ,               51.0   ,                  8313   ,
2026-08-06 19:01:25 ,        1607.0   ,           1377.0   ,               89.0   ,       103.0   ,              73   ,                   0   ,           1028   ,         96   ,                       92   ,                   0   ,                    0   ,              109.5   ,                  58.1   ,              26.0   ,                11.9   ,             34.8   ,               12.0   ,             48.0   ,               11.9   ,                        39.8   ,              16   ,        0.8310   ,               50.0   ,                  8313   ,
2026-08-06 19:01:26 ,        1645.0   ,           1377.0   ,               88.6   ,       102.6   ,              74   ,                   0   ,           1028   ,         94   ,                       91   ,                   0   ,                    0   ,              199.9   ,                 131.9   ,              34.1   ,                11.9   ,             79.1   ,               11.9   ,             86.0   ,               11.9   ,                        72.7   ,              16   ,        0.8310   ,               50.0   ,                  8313   ,
2026-08-06 19:01:27 ,        1620.0   ,           1377.0   ,               88.7   ,       102.7   ,              74   ,                   0   ,           1028   ,         96   ,                       92   ,                   0   ,                    0   ,              183.1   ,                 119.2   ,              32.4   ,                11.9   ,             71.5   ,               11.9   ,             78.5   ,               11.9   ,                        66.6   ,              16   ,        0.8310   ,               48.0   ,                  8313   ,
2026-08-06 19:01:28 ,        1607.0   ,           1377.0   ,               88.7   ,       102.7   ,              74   ,                   0   ,           1028   ,         93   ,                       89   ,                   0   ,                    0   ,              263.5   ,                  40.0   ,              23.9   ,                11.9   ,             23.3   ,               12.0   ,             39.1   ,               12.0   ,                        31.6   ,              16   ,        0.8310   ,               50.0   ,                  8313   ,
2026-08-06 19:01:29 ,        1632.5   ,           1377.0   ,               88.7   ,       102.7   ,              74   ,                   0   ,           1028   ,         93   ,                       88   ,                   0   ,                    0   ,              128.9   ,                  74.1   ,              27.6   ,                11.9   ,             44.4   ,               11.9   ,             56.1   ,               11.9   ,                        46.9   ,              16   ,        0.8310   ,               46.0   ,                  8312   ,
2026-08-06 19:01:30 ,        1607.0   ,           1377.0   ,               88.4   ,       102.4   ,              74   ,                   0   ,           1028   ,         96   ,                       91   ,                   0   ,                    0   ,              257.2   ,                  45.1   ,              24.5   ,                11.9   ,             27.1   ,               12.0   ,             42.0   ,               11.9   ,                        34.3   ,              16   ,        0.8430   ,               49.0   ,                  8314   ,
2026-08-06 19:01:31 ,        1607.0   ,           1377.0   ,               88.3   ,       102.3   ,              74   ,                   0   ,           1028   ,         86   ,                       73   ,                   0   ,                    0   ,               92.9   ,                  44.0   ,              24.4   ,                11.9   ,             26.4   ,               12.0   ,             41.5   ,               11.9   ,                        63.9   ,              16   ,        0.8310   ,               50.0   ,                  8315   ,
2026-08-06 19:01:32 ,        1645.0   ,           1377.0   ,               88.4   ,       102.4   ,              74   ,                   0   ,           1028   ,         88   ,                       86   ,                   0   ,                    0   ,              244.0   ,                  52.8   ,              25.1   ,                11.9   ,             31.6   ,               12.0   ,             45.5   ,               11.9   ,                        37.4   ,               2   ,        0.9310   ,               51.0   ,                  8314   ,
2026-08-06 19:01:33 ,        1632.5   ,           1377.0   ,               88.8   ,       102.8   ,              74   ,                   0   ,           1028   ,         72   ,                       71   ,                   0   ,                    0   ,              186.1   ,                 120.7   ,              32.1   ,                11.9   ,             39.2   ,               11.9   ,             51.7   ,               11.9   ,                        42.9   ,              16   ,        0.9120   ,               48.0   ,                  8328   ,
2026-08-06 19:01:34 ,        1607.0   ,           1377.0   ,               87.5   ,       101.5   ,              74   ,                   0   ,           1028   ,         82   ,                       79   ,                   0   ,                    0   ,              144.8   ,                  88.5   ,              29.0   ,                11.9   ,             53.1   ,               11.9   ,             62.0   ,               11.9   ,                        52.6   ,              16   ,        0.8310   ,               50.0   ,                  8330   ,
2026-08-06 19:01:35 ,        1569.0   ,           1377.0   ,               87.9   ,       101.9   ,              74   ,                   0   ,           1028   ,         96   ,                       91   ,                   0   ,                    0   ,              216.7   ,                 144.5   ,              37.3   ,                11.8   ,             86.7   ,               11.9   ,             92.1   ,               11.9   ,                        78.8   ,              16   ,        0.8120   ,               48.0   ,                  8329   ,
2026-08-06 19:01:36 ,        1594.5   ,           1377.0   ,               88.8   ,       102.8   ,              74   ,                   0   ,           1028   ,         95   ,                       92   ,                   0   ,                    0   ,               96.0   ,                  46.6   ,              24.8   ,                11.9   ,             27.9   ,               12.0   ,             42.6   ,               12.0   ,                        34.9   ,              16   ,        0.8310   ,               39.0   ,                  8329   ,
2026-08-06 19:01:37 ,        1607.0   ,           1377.0   ,               89.0   ,       103.0   ,              74   ,                   0   ,           1028   ,         96   ,                       92   ,                   0   ,                    0   ,              268.7   ,                 194.1   ,              40.2   ,                11.8   ,            116.4   ,               11.9   ,            111.4   ,               11.9   ,                        97.7   ,               2   ,        0.8310   ,               50.0   ,                  8329   ,
2026-08-06 19:01:38 ,        1607.0   ,           1377.0   ,               89.1   ,       103.1   ,              74   ,                   0   ,           1028   ,         96   ,                       93   ,                   0   ,                    0   ,              181.3   ,                 119.0   ,              32.3   ,                11.9   ,             71.4   ,               11.9   ,             76.9   ,               11.9   ,                        65.9   ,               3   ,        0.8310   ,               49.0   ,                  8328   ,
2026-08-06 19:01:39 ,        1607.0   ,           1377.0   ,               88.9   ,       102.9   ,              74   ,                   0   ,           1028   ,         96   ,                       93   ,                   0   ,                    0   ,              241.0   ,                 169.0   ,              38.8   ,                11.9   ,             39.9   ,               12.0   ,             52.1   ,               11.9   ,                        43.5   ,              16   ,        0.8310   ,               46.0   ,                  8327   ,
2026-08-06 19:01:40 ,        1607.0   ,           1377.0   ,               89.3   ,       103.3   ,              74   ,                   0   ,           1028   ,         96   ,                       92   ,                   0   ,                    0   ,              215.4   ,                  45.3   ,              24.6   ,                11.9   ,             27.2   ,               12.0   ,             41.9   ,               11.9   ,                        34.3   ,              16   ,        0.8310   ,               51.0   ,                  8327   ,
2026-08-06 19:01:41 ,        1607.0   ,           1377.0   ,               89.2   ,       103.2   ,              74   ,                   0   ,           1028   ,         96   ,                       93   ,                   0   ,                    0   ,              184.9   ,                 122.2   ,              32.0   ,                11.9   ,             73.3   ,               11.9   ,             78.9   ,               11.9   ,                        67.2   ,              16   ,        0.8310   ,               49.0   ,                  8327   ,
2026-08-06 19:01:42 ,        1607.0   ,           1377.0   ,               89.2   ,       103.2   ,              74   ,                   0   ,           1028   ,         96   ,                       93   ,                   0   ,                    0   ,              100.4   ,                  50.4   ,              25.0   ,                11.9   ,             30.2   ,               12.0   ,             44.4   ,               11.9   ,                        63.1   ,              16   ,        0.8250   ,               48.0   ,                  8326   ,
2026-08-06 19:01:43 ,        1632.5   ,           1377.0   ,               89.2   ,       103.2   ,              74   ,                   0   ,           1028   ,         95   ,                       93   ,                   0   ,                    0   ,              123.6   ,                  70.9   ,              27.0   ,                11.9   ,             42.5   ,               12.0   ,             53.4   ,               11.9   ,                        45.0   ,              16   ,        0.8430   ,               50.0   ,                  8324   ,
2026-08-06 19:01:44 ,        1582.0   ,           1377.0   ,               89.2   ,       103.2   ,              74   ,                   0   ,           1028   ,         96   ,                       92   ,                   0   ,                    0   ,              211.7   ,                 143.6   ,              28.3   ,                11.9   ,             46.5   ,               12.0   ,             55.8   ,               11.9   ,                        47.7   ,              16   ,        0.8120   ,               46.0   ,                  8325   ,
2026-08-06 19:01:45 ,        1582.0   ,           1377.0   ,               88.9   ,       102.9   ,              74   ,                   0   ,           1028   ,         95   ,                       90   ,                   0   ,                    0   ,              100.9   ,                  50.6   ,              25.2   ,                11.9   ,             30.3   ,               12.0   ,             44.6   ,               11.9   ,                        36.7   ,              16   ,        0.8120   ,               50.0   ,                  8324   ,
2026-08-06 19:01:46 ,        1607.0   ,           1377.0   ,               88.9   ,       102.9   ,              75   ,                   0   ,           1028   ,         76   ,                       74   ,                   0   ,                    0   ,              235.3   ,                 166.8   ,              37.2   ,                11.9   ,            100.0   ,               11.9   ,             97.4   ,               11.9   ,                        45.6   ,              16   ,        0.8310   ,               44.0   ,                  8324   ,
2026-08-06 19:01:47 ,        1607.0   ,           1377.0   ,               89.0   ,       103.0   ,              75   ,                   0   ,           1028   ,         83   ,                       79   ,                   0   ,                    0   ,              268.6   ,                 191.6   ,              40.6   ,                11.8   ,            115.0   ,               11.9   ,            112.4   ,               11.9   ,                        97.7   ,               1   ,        0.8310   ,               51.0   ,                  8324   ,
2026-08-06 19:01:48 ,        1582.0   ,           1377.0   ,               88.9   ,       102.9   ,              75   ,                   0   ,           1028   ,         85   ,                       81   ,                   0   ,                    0   ,              198.3   ,                 133.3   ,              34.3   ,                11.9   ,             80.0   ,               11.9   ,             83.3   ,               11.9   ,                        72.1   ,              16   ,        0.8250   ,               51.0   ,                  8322   ,
2026-08-06 19:01:49 ,        1607.0   ,           1377.0   ,               89.3   ,       103.3   ,              75   ,                   0   ,           1028   ,         91   ,                       86   ,                   0   ,                    0   ,              100.2   ,                  50.2   ,              25.0   ,                11.9   ,             65.2   ,               11.9   ,             73.9   ,               11.9   ,                        62.3   ,              16   ,        0.8620   ,               52.0   ,                  8323   ,
2026-08-06 19:01:50 ,        1607.0   ,           1377.0   ,               89.6   ,       103.6   ,              75   ,                   0   ,           1028   ,         95   ,                       87   ,                   0   ,                    0   ,              139.2   ,                  84.4   ,              28.8   ,                11.9   ,             50.6   ,               11.9   ,             59.1   ,               11.9   ,                        50.6   ,              16   ,        0.8310   ,               51.0   ,                  8321   ,
2026-08-06 19:01:51 ,        1607.0   ,           1377.0   ,               88.8   ,       102.9   ,              75   ,                   0   ,           1028   ,         80   ,                       78   ,                   0   ,                    0   ,              178.4   ,                 117.6   ,              33.3   ,                11.9   ,             37.2   ,               11.9   ,             49.9   ,               11.9   ,                        42.0   ,              16   ,        0.8310   ,               49.0   ,                  8323   ,
2026-08-06 19:01:52 ,        1645.0   ,           1377.0   ,               89.2   ,       103.2   ,              75   ,                   0   ,           1028   ,         85   ,                       83   ,                   0   ,                    0   ,               96.1   ,                  46.6   ,              24.6   ,                11.9   ,             27.9   ,               12.0   ,             42.9   ,               11.9   ,                        34.9   ,               1   ,        0.8310   ,               52.0   ,                  8323   ,
2026-08-06 19:01:53 ,        1670.5   ,           1377.0   ,               89.1   ,       103.1   ,              75   ,                   0   ,           1028   ,         76   ,                       77   ,                   0   ,                    0   ,              211.7   ,                 142.7   ,              33.2   ,                11.9   ,             85.6   ,               11.9   ,             92.2   ,               11.9   ,                        41.7   ,              16   ,        0.8750   ,               50.0   ,                  8323   ,
2026-08-06 19:01:54 ,        1607.0   ,           1377.0   ,               88.3   ,       102.3   ,              75   ,                   0   ,           1028   ,         65   ,                       63   ,                   0   ,                    0   ,              183.8   ,                 121.8   ,              33.2   ,                11.9   ,             73.1   ,               11.9   ,             76.8   ,               11.9   ,                        51.0   ,              16   ,        0.8310   ,               49.0   ,                  8323   ,
2026-08-06 19:01:55 ,        1594.5   ,           1377.0   ,               89.6   ,       103.6   ,              75   ,                   0   ,           1028   ,         96   ,                       93   ,                   0   ,                    0   ,              195.2   ,                 128.0   ,              33.1   ,                11.9   ,             76.8   ,               11.9   ,             84.5   ,               11.9   ,                        71.0   ,              16   ,        0.8310   ,               49.0   ,                  8322   ,
2026-08-06 19:01:56 ,        1607.0   ,           1377.0   ,               89.7   ,       103.7   ,              75   ,                   0   ,           1028   ,         96   ,                       93   ,                   0   ,                    0   ,              263.8   ,                 188.8   ,              39.7   ,                11.8   ,            113.3   ,               11.9   ,            110.1   ,               11.9   ,                        34.0   ,               3   ,        0.8310   ,               50.0   ,                  8319   ,
2026-08-06 19:01:57 ,        1607.0   ,           1377.0   ,               89.6   ,       103.6   ,              75   ,                   0   ,           1028   ,         95   ,                       92   ,                   0   ,                    0   ,              119.4   ,                  66.5   ,              26.8   ,                11.9   ,             39.9   ,               12.0   ,             52.1   ,               11.9   ,                        43.4   ,               3   ,        0.8310   ,               52.0   ,                  8322   ,
2026-08-06 19:01:58 ,        1582.0   ,           1377.0   ,               89.7   ,       103.7   ,              75   ,                   0   ,           1028   ,         94   ,                       90   ,                   0   ,                    0   ,               94.8   ,                  45.6   ,              24.6   ,                11.9   ,             27.4   ,               12.0   ,             42.2   ,               12.0   ,                        34.5   ,              16   ,        0.8250   ,               51.0   ,                  8322   ,
2026-08-06 19:01:59 ,        1594.5   ,           1377.0   ,               89.8   ,       103.8   ,              75   ,                   0   ,           1028   ,         88   ,                       85   ,                   0   ,                    0   ,              117.7   ,                  65.8   ,              26.6   ,                11.9   ,             39.5   ,               12.0   ,             50.8   ,               11.9   ,                        42.8   ,              16   ,        0.8310   ,               51.0   ,                  8321   ,
2026-08-06 19:02:00 ,        1569.0   ,           1377.0   ,               89.6   ,       103.6   ,              75   ,                   0   ,           1028   ,         96   ,                       91   ,                   0   ,                    0   ,               93.2   ,                  44.0   ,              24.6   ,                11.9   ,             61.8   ,               11.9   ,             73.4   ,               11.9   ,                        60.7   ,              16   ,        0.8250   ,               48.0   ,                  8322   ,
2026-08-06 19:02:01 ,        1582.0   ,           1377.0   ,               89.7   ,       103.7   ,              75   ,                   0   ,           1028   ,         96   ,                       92   ,                   0   ,                    0   ,               92.7   ,                  39.1   ,              24.0   ,                11.9   ,             23.4   ,               12.0   ,             39.2   ,               12.0   ,                        31.8   ,              16   ,        0.8310   ,               44.0   ,                  8322   ,
2026-08-06 19:02:02 ,        1582.0   ,           1377.0   ,               89.6   ,       103.6   ,              75   ,                   0   ,           1028   ,         92   ,                       87   ,                   0   ,                    0   ,              110.7   ,                  59.2   ,              26.1   ,                11.9   ,             35.5   ,               12.0   ,             48.4   ,               12.0   ,                        40.2   ,              16   ,        0.8250   ,               52.0   ,                  8321   ,
2026-08-06 19:02:03 ,        1594.5   ,           1377.0   ,               89.8   ,       103.8   ,              75   ,                   0   ,           1028   ,         96   ,                       93   ,                   0   ,                    0   ,               92.8   ,                  43.9   ,              24.4   ,                11.9   ,             26.3   ,               12.0   ,             41.4   ,               12.0   ,                        33.7   ,              16   ,        0.8310   ,               53.0   ,                  8320   ,
2026-08-06 19:02:04 ,        1607.0   ,           1377.0   ,               89.7   ,       103.7   ,              75   ,                   0   ,           1028   ,         96   ,                       93   ,                   0   ,                    0   ,              110.0   ,                  58.6   ,              26.1   ,                11.9   ,             35.2   ,               12.0   ,             48.0   ,               11.9   ,                        40.0   ,               1   ,        0.8310   ,               50.0   ,                  8321   ,
2026-08-06 19:02:05 ,        1607.0   ,           1377.0   ,               89.8   ,       103.8   ,              76   ,                   0   ,           1028   ,         96   ,                       92   ,                   0   ,                    0   ,              268.1   ,                 192.8   ,              39.6   ,                11.8   ,            115.7   ,               11.9   ,            112.2   ,               11.9   ,                        97.5   ,               1   ,        0.8310   ,               50.0   ,                  8320   ,
2026-08-06 19:02:06 ,        1569.0   ,           1377.0   ,               89.7   ,       103.7   ,              76   ,                   0   ,           1028   ,         95   ,                       90   ,                   0   ,                    0   ,              113.4   ,                  60.6   ,              26.7   ,                11.9   ,             36.4   ,               12.0   ,             49.7   ,               11.9   ,                        41.2   ,               2   ,        0.8120   ,               51.0   ,                  8321   ,
2026-08-06 19:02:07 ,        1569.0   ,           1377.0   ,               89.5   ,       103.5   ,              76   ,                   0   ,           1028   ,         96   ,                       92   ,                   0   ,                    0   ,               96.2   ,                  45.3   ,              26.2   ,                11.9   ,             27.2   ,               12.0   ,             42.2   ,               11.9   ,                        35.0   ,               2   ,        0.8120   ,               52.0   ,                  8321   ,
2026-08-06 19:02:08 ,        1594.5   ,           1377.0   ,               90.1   ,       104.1   ,              76   ,                   0   ,           1028   ,         96   ,                       92   ,                   0   ,                    0   ,              179.8   ,                 119.1   ,              32.3   ,                11.9   ,             71.5   ,               11.9   ,             75.3   ,               11.9   ,                        45.7   ,              16   ,        0.8250   ,               50.0   ,                  8320   ,
2026-08-06 19:02:09 ,        1607.0   ,           1377.0   ,               90.2   ,       104.2   ,              76   ,                   0   ,           1028   ,         96   ,                       93   ,                   0   ,                    0   ,              128.1   ,                  74.1   ,              27.7   ,                11.9   ,             44.5   ,               12.0   ,             55.3   ,               11.9   ,                        46.6   ,               3   ,        0.8310   ,               50.0   ,                  8320   ,
2026-08-06 19:02:10 ,        1582.0   ,           1377.0   ,               90.2   ,       104.2   ,              76   ,                   0   ,           1028   ,         96   ,                       92   ,                   0   ,                    0   ,              262.6   ,                  40.5   ,              24.1   ,                11.9   ,             24.3   ,               12.0   ,             39.9   ,               11.9   ,                        32.4   ,               2   ,        0.8250   ,               51.0   ,                  8320   ,
2026-08-06 19:02:11 ,        1607.0   ,           1377.0   ,               89.2   ,       103.2   ,              76   ,                   0   ,           1028   ,         62   ,                       61   ,                   0   ,                    0   ,              176.2   ,                  50.9   ,              29.1   ,                11.9   ,             51.8   ,               11.9   ,             66.3   ,               11.9   ,                        53.7   ,              16   ,        0.8310   ,               50.0   ,                  8320   ,
2026-08-06 19:02:12 ,        1607.0   ,           1377.0   ,               89.9   ,       103.9   ,              76   ,                   0   ,           1028   ,         88   ,                       85   ,                   0   ,                    0   ,              107.8   ,                  55.5   ,              26.9   ,                11.9   ,             33.3   ,               12.0   ,             46.9   ,               11.9   ,                        39.2   ,               1   ,        0.8310   ,               50.0   ,                  8319   ,
2026-08-06 19:02:13 ,        1582.0   ,           1377.0   ,               90.0   ,       104.0   ,              76   ,                   0   ,           1028   ,         74   ,                       71   ,                   0   ,                    0   ,              217.8   ,                  57.4   ,              25.9   ,                11.9   ,             34.4   ,               12.0   ,             47.6   ,               11.9   ,                        64.5   ,              16   ,        0.8250   ,               49.0   ,                  8316   ,
2026-08-06 19:02:14 ,        1607.0   ,           1377.0   ,               90.1   ,       104.1   ,              76   ,                   0   ,           1028   ,         96   ,                       93   ,                   0   ,                    0   ,              186.5   ,                 122.5   ,              32.5   ,                11.9   ,             73.5   ,               11.9   ,             59.7   ,               11.9   ,                        42.2   ,              16   ,        0.8310   ,               49.0   ,                  8319   ,
2026-08-06 19:02:15 ,        1594.5   ,           1377.0   ,               89.3   ,       103.3   ,              76   ,                   0   ,           1027   ,         94   ,                       91   ,                   0   ,                    0   ,              125.4   ,                  71.6   ,              27.3   ,                11.9   ,             43.0   ,               11.9   ,             54.5   ,               11.9   ,                        45.6   ,              16   ,        0.8310   ,               50.0   ,                  8371   ,
2026-08-06 19:02:16 ,        1607.0   ,           1377.0   ,               89.3   ,       103.3   ,              76   ,                   0   ,           1027   ,         92   ,                       89   ,                   0   ,                    0   ,              219.4   ,                 151.3   ,              35.7   ,                11.9   ,             90.8   ,               11.9   ,             92.3   ,               11.9   ,                        79.8   ,              16   ,        0.8310   ,               53.0   ,                  8485   ,
2026-08-06 19:02:17 ,        1569.0   ,           1377.0   ,               89.5   ,       103.5   ,              76   ,                   0   ,           1019   ,         96   ,                       91   ,                   0   ,                    0   ,               87.6   ,                  39.2   ,              24.1   ,                11.9   ,             23.5   ,               12.0   ,             39.4   ,               11.9   ,                        31.9   ,              16   ,        0.8120   ,               51.0   ,                  8503   ,
2026-08-06 19:02:18 ,        1607.0   ,           1377.0   ,               89.5   ,       103.5   ,              76   ,                   0   ,           1019   ,         88   ,                       85   ,                   0   ,                    0   ,              194.3   ,                 129.7   ,              33.5   ,                11.9   ,             77.8   ,               11.9   ,             82.3   ,               11.9   ,                        70.6   ,               1   ,        0.8310   ,               51.0   ,                  8533   ,
2026-08-06 19:02:19 ,        1569.0   ,           1377.0   ,               89.5   ,       103.5   ,              76   ,                   0   ,           1019   ,         96   ,                       91   ,                   0   ,                    0   ,              258.6   ,                 182.4   ,              40.1   ,                11.8   ,            109.4   ,               11.9   ,            108.5   ,               11.9   ,                        33.4   ,               2   ,        0.8120   ,               52.0   ,                  8487   ,
2026-08-06 19:02:20 ,        1607.0   ,           1377.0   ,               90.2   ,       104.2   ,              76   ,                   0   ,           1019   ,         94   ,                       90   ,                   0   ,                    0   ,               96.2   ,                  46.7   ,              24.7   ,                11.9   ,             28.0   ,               12.0   ,             42.8   ,               12.0   ,                        35.0   ,               1   ,        0.8310   ,               50.0   ,                  8484   ,
2026-08-06 19:02:21 ,        1607.0   ,           1377.0   ,               90.1   ,       104.1   ,              76   ,                   0   ,           1019   ,         96   ,                       93   ,                   0   ,                    0   ,               94.8   ,                  45.6   ,              24.6   ,                11.9   ,             60.7   ,               11.9   ,             70.6   ,               11.9   ,                        59.2   ,              16   ,        0.8310   ,               40.0   ,                  8484   ,
2026-08-06 19:02:22 ,        1607.0   ,           1377.0   ,               90.1   ,       104.1   ,              76   ,                   0   ,           1019   ,         93   ,                       90   ,                   0   ,                    0   ,              269.0   ,                 193.5   ,              40.1   ,                11.8   ,            116.1   ,               11.9   ,            112.2   ,               11.9   ,                        97.8   ,               1   ,        0.8310   ,               49.0   ,                  8480   ,
2026-08-06 19:02:23 ,        1569.0   ,           1377.0   ,               90.2   ,       104.2   ,              76   ,                   0   ,           1019   ,         95   ,                       90   ,                   0   ,                    0   ,              111.6   ,                  49.4   ,              26.6   ,                11.9   ,             29.7   ,               12.0   ,             44.0   ,               11.9   ,                        36.7   ,              16   ,        0.8120   ,               51.0   ,                  8478   ,
2026-08-06 19:02:24 ,        1607.0   ,           1377.0   ,               90.1   ,       104.1   ,              76   ,                   0   ,           1019   ,         96   ,                       92   ,                   0   ,                    0   ,              272.6   ,                 197.0   ,              40.5   ,                11.9   ,             28.4   ,               12.0   ,             43.2   ,               11.9   ,                        35.3   ,               1   ,        0.8310   ,               39.0   ,                  8477   ,
2026-08-06 19:02:25 ,        1594.5   ,           1377.0   ,               90.2   ,       104.2   ,              76   ,                   0   ,           1019   ,         96   ,                       93   ,                   0   ,                    0   ,              111.0   ,                  59.1   ,              26.2   ,                11.9   ,             35.5   ,               12.0   ,             48.7   ,               11.9   ,                        40.4   ,               1   ,        0.8310   ,               51.0   ,                  8470   ,
2026-08-06 19:02:26 ,        1607.0   ,           1377.0   ,               90.2   ,       104.2   ,              76   ,                   0   ,           1019   ,         96   ,                       93   ,                   0   ,                    0   ,              254.2   ,                 183.1   ,              40.2   ,                11.9   ,            109.9   ,               11.9   ,            103.4   ,               11.9   ,                        92.4   ,               3   ,        0.8310   ,               52.0   ,                  8472   ,
2026-08-06 19:02:27 ,        1594.5   ,           1377.0   ,               90.2   ,       104.2   ,              76   ,                   0   ,           1019   ,         95   ,                       91   ,                   0   ,                    0   ,              191.1   ,                 129.1   ,              33.3   ,                11.9   ,             77.5   ,               11.9   ,             79.6   ,               11.9   ,                        69.5   ,              16   ,        0.8310   ,               51.0   ,                  8471   ,
2026-08-06 19:02:28 ,        1569.0   ,           1377.0   ,               89.9   ,       103.9   ,              76   ,                   0   ,           1019   ,         92   ,                       87   ,                   0   ,                    0   ,              251.7   ,                 179.0   ,              40.9   ,                11.8   ,            107.4   ,               11.9   ,            102.8   ,               11.9   ,                        91.5   ,               2   ,        0.8120   ,               51.0   ,                  8470   ,
2026-08-06 19:02:29 ,        1607.0   ,           1377.0   ,               90.1   ,       104.1   ,              76   ,                   0   ,           1019   ,         94   ,                       89   ,                   0   ,                    0   ,               93.0   ,                  43.8   ,              24.5   ,                11.9   ,             26.3   ,               12.0   ,             41.6   ,               11.9   ,                        33.8   ,               1   ,        0.8310   ,               50.0   ,                  8471   ,
2026-08-06 19:02:30 ,        1607.0   ,           1377.0   ,               89.7   ,       103.7   ,              76   ,                   0   ,           1019   ,         96   ,                       93   ,                   0   ,                    0   ,              192.4   ,                 128.7   ,              33.5   ,                11.9   ,             77.2   ,               11.9   ,             81.1   ,               11.9   ,                        70.0   ,              16   ,        0.8310   ,               51.0   ,                  8469   ,
2026-08-06 19:02:31 ,        1582.0   ,           1377.0   ,               90.3   ,       104.3   ,              77   ,                   0   ,           1019   ,         96   ,                       91   ,                   0   ,                    0   ,              111.2   ,                  59.5   ,              26.1   ,                11.9   ,             35.7   ,               12.0   ,             48.7   ,               11.9   ,                        40.4   ,               2   ,        0.8250   ,               44.0   ,                  8470   ,
2026-08-06 19:02:32 ,        1607.0   ,           1377.0   ,               90.5   ,       104.5   ,              77   ,                   0   ,           1019   ,         94   ,                       91   ,                   0   ,                    0   ,               95.1   ,                  45.9   ,              24.7   ,                11.9   ,             27.6   ,               12.0   ,             42.2   ,               11.9   ,                        34.6   ,               2   ,        0.8310   ,               52.0   ,                  8470   ,
2026-08-06 19:02:33 ,        1607.0   ,           1377.0   ,               90.0   ,       104.0   ,              77   ,                   0   ,           1018   ,         73   ,                       69   ,                   0   ,                    0   ,              153.6   ,                 152.3   ,              36.4   ,                11.9   ,             91.4   ,               11.9   ,             92.3   ,               11.9   ,                        80.3   ,              16   ,        0.8250   ,               46.0   ,                  8470   ,
2026-08-06 19:02:34 ,        1683.0   ,           1377.0   ,               90.2   ,       104.2   ,              77   ,                   0   ,           1018   ,         72   ,                       72   ,                   0   ,                    0   ,              129.9   ,                  73.9   ,              27.0   ,                11.9   ,             44.3   ,               11.9   ,             57.8   ,               11.9   ,                        47.2   ,              16   ,        0.8750   ,               47.0   ,                  8470   ,
2026-08-06 19:02:35 ,        1594.5   ,           1377.0   ,               89.8   ,       103.8   ,              77   ,                   0   ,           1018   ,         80   ,                       78   ,                   0   ,                    0   ,              152.9   ,                  96.7   ,              29.2   ,                11.9   ,             58.0   ,               11.9   ,             65.0   ,               11.9   ,                        55.6   ,              16   ,        0.8310   ,               50.0   ,                  8470   ,
2026-08-06 19:02:36 ,        1594.5   ,           1377.0   ,               90.1   ,       104.1   ,              77   ,                   0   ,           1018   ,         95   ,                       92   ,                   0   ,                    0   ,               96.7   ,                  47.1   ,              24.8   ,                11.9   ,             28.2   ,               12.0   ,             43.0   ,               11.9   ,                        34.8   ,              16   ,        0.8310   ,               47.0   ,                  8470   ,
2026-08-06 19:02:37 ,        1607.0   ,           1377.0   ,               90.4   ,       104.4   ,              77   ,                   0   ,           1018   ,         96   ,                       92   ,                   0   ,                    0   ,              156.4   ,                  97.8   ,              30.1   ,                11.9   ,             58.7   ,               11.9   ,             66.9   ,               11.9   ,                        56.9   ,              16   ,        0.8310   ,               50.0   ,                  8470   ,
2026-08-06 19:02:38 ,        1582.0   ,           1377.0   ,               90.4   ,       104.4   ,              77   ,                   0   ,           1018   ,         96   ,                       92   ,                   0   ,                    0   ,               90.0   ,                  41.3   ,              24.3   ,                11.9   ,             24.8   ,               12.0   ,             40.3   ,               11.9   ,                        32.7   ,               2   ,        0.8120   ,               51.0   ,                  8470   ,
2026-08-06 19:02:39 ,        1569.0   ,           1377.0   ,               90.1   ,       104.1   ,              77   ,                   0   ,           1018   ,         96   ,                       91   ,                   0   ,                    0   ,               88.8   ,                  92.0   ,              31.2   ,                11.9   ,             55.2   ,               11.9   ,             67.1   ,               11.9   ,                        56.0   ,              16   ,        0.8120   ,               49.0   ,                  8470   ,
2026-08-06 19:02:40 ,        1607.0   ,           1377.0   ,               90.6   ,       104.6   ,              77   ,                   0   ,           1018   ,         96   ,                       92   ,                   0   ,                    0   ,              204.4   ,                 140.3   ,              34.6   ,                11.9   ,             84.1   ,               11.9   ,             84.9   ,               11.9   ,                        74.3   ,               1   ,        0.8310   ,               51.0   ,                  8470   ,
2026-08-06 19:02:41 ,        1607.0   ,           1377.0   ,               90.2   ,       104.2   ,              77   ,                   0   ,           1018   ,         96   ,                       93   ,                   0   ,                    0   ,              175.9   ,                 111.7   ,              31.2   ,                11.9   ,             67.0   ,               11.9   ,             49.2   ,               11.9   ,                        40.9   ,              16   ,        0.8310   ,               51.0   ,                  8470   ,
2026-08-06 19:02:42 ,        1607.0   ,           1377.0   ,               90.8   ,       104.8   ,              77   ,                   0   ,           1018   ,         96   ,                       93   ,                   0   ,                    0   ,              191.5   ,                  51.8   ,              25.2   ,                11.9   ,             31.1   ,               12.0   ,             45.4   ,               11.9   ,                        37.2   ,              16   ,        0.8310   ,               52.0   ,                  8470   ,
2026-08-06 19:02:43 ,        1607.0   ,           1377.0   ,               90.8   ,       104.8   ,              77   ,                   0   ,           1018   ,         96   ,                       91   ,                   0   ,                    0   ,              243.1   ,                 171.4   ,              37.8   ,                11.9   ,            102.8   ,               11.9   ,            101.9   ,               11.9   ,                        88.4   ,               1   ,        0.8310   ,               52.0   ,                  8469   ,
2026-08-06 19:02:44 ,        1569.0   ,           1377.0   ,               90.5   ,       104.5   ,              77   ,                   0   ,           1018   ,         96   ,                       90   ,                   0   ,                    0   ,              254.9   ,                 175.8   ,              41.1   ,                11.8   ,            105.4   ,               11.9   ,            107.7   ,               11.9   ,                        92.7   ,               2   ,        0.8120   ,               49.0   ,                  8469   ,
2026-08-06 19:02:45 ,        1607.0   ,           1377.0   ,               90.8   ,       104.8   ,              77   ,                   0   ,           1018   ,         96   ,                       93   ,                   0   ,                    0   ,               99.7   ,                  49.9   ,              25.0   ,                11.9   ,             29.9   ,               12.0   ,             44.0   ,               11.9   ,                        36.2   ,               1   ,        0.8310   ,               51.0   ,                  8469   ,
2026-08-06 19:02:46 ,        1582.0   ,           1377.0   ,               90.8   ,       104.8   ,              77   ,                   0   ,           1018   ,         96   ,                       91   ,                   0   ,                    0   ,              220.0   ,                 153.3   ,              36.7   ,                11.9   ,             92.0   ,               11.9   ,             90.6   ,               11.9   ,                        80.0   ,               2   ,        0.8250   ,               52.0   ,                  8449   ,
2026-08-06 19:02:47 ,        1582.0   ,           1377.0   ,               90.7   ,       104.7   ,              77   ,                   0   ,           1018   ,         94   ,                       90   ,                   0   ,                    0   ,               96.6   ,                  47.0   ,              24.8   ,                11.9   ,             28.2   ,               12.0   ,             42.9   ,               11.9   ,                        35.1   ,              16   ,        0.8250   ,               50.0   ,                  8324   ,
2026-08-06 19:02:48 ,        1607.0   ,           1377.0   ,               90.7   ,       104.7   ,              77   ,                   0   ,           1018   ,         96   ,                       93   ,                   0   ,                    0   ,              267.6   ,                  41.6   ,              24.2   ,                11.9   ,             25.0   ,               12.0   ,             40.5   ,               11.9   ,                        32.8   ,               1   ,        0.8310   ,               52.0   ,                  8320   ,
2026-08-06 19:02:49 ,        1607.0   ,           1377.0   ,               90.8   ,       104.8   ,              77   ,                   0   ,           1018   ,         96   ,                       92   ,                   0   ,                    0   ,              141.9   ,                  84.8   ,              29.4   ,                11.9   ,             50.9   ,               11.9   ,             61.0   ,               11.9   ,                        51.6   ,              16   ,        0.8310   ,               50.0   ,                  8322   ,
2026-08-06 19:02:50 ,        1620.0   ,           1377.0   ,               91.0   ,       105.0   ,              77   ,                   0   ,           1018   ,         94   ,                       89   ,                   0   ,                    0   ,              262.1   ,                 190.9   ,              39.0   ,                11.9   ,            114.5   ,               11.9   ,            107.9   ,               11.9   ,                        95.3   ,               1   ,        0.8310   ,               51.0   ,                  8321   ,
2026-08-06 19:02:51 ,        1594.5   ,           1377.0   ,               90.7   ,       104.7   ,              77   ,                   0   ,           1018   ,         96   ,                       93   ,                   0   ,                    0   ,              166.5   ,                 108.2   ,              31.0   ,                11.9   ,             64.9   ,               11.9   ,             69.9   ,               11.9   ,                        60.5   ,              16   ,        0.8310   ,               51.0   ,                  8321   ,
2026-08-06 19:02:52 ,        1569.0   ,           1377.0   ,               90.5   ,       104.5   ,              77   ,                   0   ,           1018   ,         96   ,                       91   ,                   0   ,                    0   ,              189.0   ,                 124.4   ,              33.3   ,                11.9   ,             74.6   ,               11.9   ,             80.4   ,               11.9   ,                        68.7   ,               2   ,        0.8120   ,               53.0   ,                  8321   ,
2026-08-06 19:02:53 ,        1569.0   ,           1377.0   ,               90.4   ,       104.4   ,              77   ,                   0   ,           1018   ,         91   ,                       87   ,                   0   ,                    0   ,               99.6   ,                  49.4   ,              25.2   ,                11.9   ,             29.6   ,               12.0   ,             44.0   ,               11.9   ,                        36.2   ,               2   ,        0.8120   ,               53.0   ,                  8320   ,
2026-08-06 19:02:54 ,        1569.0   ,           1377.0   ,               89.4   ,       103.4   ,              77   ,                   0   ,           1018   ,         96   ,                       91   ,                   0   ,                    0   ,               94.3   ,                  65.6   ,              26.8   ,                11.9   ,             39.3   ,               11.9   ,             54.6   ,               11.9   ,                        44.2   ,              16   ,        0.8310   ,               52.0   ,                  8320   ,
2026-08-06 19:02:55 ,        1569.0   ,           1377.0   ,               89.3   ,       103.3   ,              77   ,                   0   ,           1018   ,         96   ,                       91   ,                   0   ,                    0   ,              135.0   ,                  79.6   ,              28.6   ,                11.9   ,             47.7   ,               11.9   ,             57.9   ,               11.9   ,                        49.1   ,               1   ,        0.9000   ,               51.0   ,                  8319   ,
2026-08-06 19:02:56 ,        1582.0   ,           1377.0   ,               90.7   ,       104.7   ,              78   ,                   0   ,           1018   ,         91   ,                       88   ,                   0   ,                    0   ,              202.9   ,                 136.3   ,              34.3   ,                11.9   ,             81.7   ,               11.9   ,             86.3   ,               11.9   ,                        73.8   ,              16   ,        0.8310   ,               50.0   ,                  8321   ,
2026-08-06 19:02:57 ,        1607.0   ,           1377.0   ,               91.0   ,       105.0   ,              78   ,                   0   ,           1018   ,         78   ,                       76   ,                   0   ,                    0   ,              220.1   ,                 151.5   ,              35.9   ,                11.9   ,             90.9   ,               11.9   ,             92.6   ,               11.9   ,                        80.0   ,              16   ,        0.8310   ,               51.0   ,                  8320   ,
2026-08-06 19:02:58 ,        1556.5   ,           1377.0   ,               90.8   ,       104.8   ,              78   ,                   0   ,           1018   ,         96   ,                       92   ,                   0   ,                    0   ,              198.6   ,                 128.4   ,              34.7   ,                11.9   ,             77.0   ,               11.9   ,             86.2   ,               11.9   ,                        72.2   ,               2   ,        0.8120   ,               50.0   ,                  8321   ,
2026-08-06 19:02:59 ,        1544.0   ,           1377.0   ,               90.7   ,       104.7   ,              78   ,                   0   ,           1018   ,         96   ,                       89   ,                   0   ,                    0   ,               85.2   ,                  36.8   ,              24.1   ,                11.9   ,             52.8   ,               11.9   ,             64.5   ,               11.9   ,                        53.9   ,              16   ,        0.8000   ,               48.0   ,                  8321   ,
2026-08-06 19:03:00 ,        1594.5   ,           1377.0   ,               90.7   ,       104.7   ,              78   ,                   0   ,           1018   ,         96   ,                       93   ,                   0   ,                    0   ,              176.6   ,                 112.1   ,              32.8   ,                11.9   ,             67.2   ,               11.9   ,             75.8   ,               11.9   ,                        64.2   ,              16   ,        0.8310   ,               52.0   ,                  8321   ,
2026-08-06 19:03:01 ,        1531.0   ,           1377.0   ,               90.8   ,       104.8   ,              78   ,                   0   ,           1018   ,         96   ,                       88   ,                   0   ,                    0   ,               87.3   ,                  38.8   ,              24.3   ,                11.9   ,             23.3   ,               12.0   ,             39.1   ,               11.9   ,                        31.7   ,               2   ,        0.7930   ,               51.0   ,                  8320   ,
2026-08-06 19:03:02 ,        1569.0   ,           1377.0   ,               90.6   ,       104.6   ,              78   ,                   0   ,           1018   ,         96   ,                       90   ,                   0   ,                    0   ,               91.3   ,                  42.4   ,              24.6   ,                11.9   ,             25.4   ,               12.0   ,             40.6   ,               11.9   ,                        33.2   ,               2   ,        0.8120   ,               50.0   ,                  8320   ,
2026-08-06 19:03:03 ,        1607.0   ,           1377.0   ,               90.9   ,       104.9   ,              78   ,                   0   ,           1018   ,         96   ,                       93   ,                   0   ,                    0   ,               88.3   ,                  40.0   ,              24.1   ,                11.9   ,             24.0   ,               12.0   ,             39.6   ,               11.9   ,                        32.1   ,               1   ,        0.8310   ,               52.0   ,                  8321   ,
2026-08-06 19:03:04 ,        1607.0   ,           1377.0   ,               90.9   ,       104.9   ,              78   ,                   0   ,           1018   ,         96   ,                       92   ,                   0   ,                    0   ,              100.9   ,                  45.9   ,              24.6   ,                11.9   ,             27.6   ,               12.0   ,             42.3   ,               11.9   ,                        34.6   ,              16   ,        0.8310   ,               50.0   ,                  8321   ,
2026-08-06 19:03:05 ,        1506.0   ,           1377.0   ,               88.7   ,       102.7   ,              78   ,                   0   ,           1018   ,         96   ,                       90   ,                   0   ,                    0   ,              156.2   ,                  95.5   ,              31.4   ,                11.9   ,             57.3   ,               11.9   ,             66.8   ,               11.9   ,                        56.8   ,              16   ,        0.7810   ,               50.0   ,                  8320   ,
2026-08-06 19:03:06 ,        1569.0   ,           1377.0   ,               89.7   ,       103.7   ,              78   ,                   0   ,           1018   ,         96   ,                       92   ,                   0   ,                    0   ,               89.7   ,                  41.0   ,              24.4   ,                11.9   ,             24.6   ,               12.0   ,             40.1   ,               11.9   ,                        32.6   ,               2   ,        0.8120   ,               52.0   ,                  8320   ,
2026-08-06 19:03:07 ,        1569.0   ,           1377.0   ,               90.2   ,       104.2   ,              78   ,                   0   ,           1018   ,         95   ,                       90   ,                   0   ,                    0   ,              201.0   ,                 134.0   ,              34.8   ,                11.9   ,             80.4   ,               11.9   ,             85.2   ,               11.9   ,                        73.1   ,               2   ,        0.8120   ,               52.0   ,                  8319   ,
2026-08-06 19:03:08 ,        1645.0   ,           1377.0   ,               89.8   ,       103.8   ,              78   ,                   0   ,           1018   ,         90   ,                       87   ,                   0   ,                    0   ,              174.5   ,                 111.7   ,              31.5   ,                11.9   ,             67.0   ,               11.9   ,             75.3   ,               11.9   ,                        63.5   ,              16   ,        0.8310   ,               51.0   ,                  8319   ,
2026-08-06 19:03:09 ,        1594.5   ,           1377.0   ,               90.3   ,       104.3   ,              78   ,                   0   ,           1018   ,         76   ,                       74   ,                   0   ,                    0   ,               93.8   ,                  44.3   ,              24.5   ,                11.9   ,             26.6   ,               12.0   ,             42.0   ,               11.9   ,                        34.1   ,               1   ,        0.8430   ,               51.0   ,                  8320   ,
2026-08-06 19:03:10 ,        1594.5   ,           1377.0   ,               89.9   ,       103.9   ,              78   ,                   0   ,           1018   ,         78   ,                       76   ,                   0   ,                    0   ,              197.7   ,                 133.8   ,              32.9   ,                11.9   ,             80.3   ,               11.9   ,             83.8   ,               11.9   ,                        71.9   ,              16   ,        0.8430   ,               50.0   ,                  8319   ,
2026-08-06 19:03:11 ,        1594.5   ,           1377.0   ,               89.9   ,       103.9   ,              78   ,                   0   ,           1018   ,         96   ,                       92   ,                   0   ,                    0   ,              148.5   ,                  92.6   ,              29.5   ,                11.9   ,             55.5   ,               11.9   ,             62.8   ,               11.9   ,                        54.0   ,              16   ,        0.8310   ,               49.0   ,                  8320   ,
2026-08-06 19:03:12 ,        1569.0   ,           1377.0   ,               90.7   ,       104.7   ,              78   ,                   0   ,           1018   ,         91   ,                       87   ,                   0   ,                    0   ,              159.5   ,                  97.5   ,              31.2   ,                11.9   ,             30.8   ,               12.0   ,             44.8   ,               11.9   ,                        37.0   ,              16   ,        0.8120   ,               52.0   ,                  8320   ,
2026-08-06 19:03:13 ,        1582.0   ,           1377.0   ,               90.9   ,       104.9   ,              78   ,                   0   ,           1018   ,         96   ,                       91   ,                   0   ,                    0   ,               90.1   ,                  41.5   ,              24.4   ,                11.9   ,             24.9   ,               12.0   ,             40.2   ,               11.9   ,                        61.4   ,              16   ,        0.8120   ,               50.0   ,                  8320   ,
2026-08-06 19:03:14 ,        1569.0   ,           1377.0   ,               90.6   ,       104.6   ,              78   ,                   0   ,           1018   ,         96   ,                       91   ,                   0   ,                    0   ,               94.6   ,                  45.1   ,              24.8   ,                11.9   ,             27.1   ,               12.0   ,             42.0   ,               11.9   ,                        34.4   ,               2   ,        0.8120   ,               52.0   ,                  8321   ,
2026-08-06 19:03:15 ,        1531.0   ,           1377.0   ,               90.4   ,       104.4   ,              78   ,                   0   ,           1018   ,         96   ,                       89   ,                   0   ,                    0   ,              249.6   ,                  35.9   ,              24.0   ,                11.9   ,             21.5   ,               12.0   ,             37.8   ,               11.9   ,                        30.5   ,              16   ,        0.8000   ,               51.0   ,                  8321   ,
2026-08-06 19:03:16 ,        1594.5   ,           1377.0   ,               90.3   ,       104.3   ,              78   ,                   0   ,           1018   ,         96   ,                       92   ,                   0   ,                    0   ,              154.6   ,                  90.4   ,              31.0   ,                11.9   ,             54.2   ,               11.9   ,             68.7   ,               11.9   ,                        56.2   ,               3   ,        0.8250   ,               48.0   ,                  8321   ,
2026-08-06 19:03:17 ,        1582.0   ,           1377.0   ,               90.8   ,       104.8   ,              78   ,                   0   ,           1018   ,         96   ,                       91   ,                   0   ,                    0   ,              201.3   ,                 136.3   ,              33.6   ,                11.9   ,             81.7   ,               11.9   ,             85.3   ,               11.9   ,                        73.2   ,              16   ,        0.8250   ,               51.0   ,                  8320   ,
2026-08-06 19:03:18 ,        1493.0   ,           1377.0   ,               90.7   ,       104.7   ,              78   ,                   0   ,           1018   ,         96   ,                       86   ,                   0   ,                    0   ,               82.8   ,                  34.6   ,              24.1   ,                11.9   ,             20.8   ,               12.0   ,             37.3   ,               11.9   ,                        30.1   ,              16   ,        0.7750   ,               49.0   ,                  8320   ,
2026-08-06 19:03:19 ,        1569.0   ,           1377.0   ,               89.9   ,       103.9   ,              78   ,                   0   ,           1018   ,         96   ,                       91   ,                   0   ,                    0   ,              258.3   ,                 182.1   ,              40.3   ,                11.8   ,            109.2   ,               11.9   ,            108.1   ,               11.9   ,                        93.9   ,               2   ,        0.8120   ,               53.0   ,                  8320   ,
2026-08-06 19:03:20 ,        1607.0   ,           1377.0   ,               90.8   ,       104.8   ,              78   ,                   0   ,           1018   ,         96   ,                       92   ,                   0   ,                    0   ,               89.6   ,                  41.1   ,              24.2   ,                11.9   ,             24.7   ,               12.0   ,             40.0   ,               11.9   ,                        32.6   ,               1   ,        0.8310   ,               51.0   ,                  8320   ,
2026-08-06 19:03:21 ,        1607.0   ,           1377.0   ,               91.1   ,       105.1   ,              78   ,                   0   ,           1018   ,         95   ,                       90   ,                   0   ,                    0   ,              263.6   ,                 188.1   ,              40.0   ,                11.8   ,            112.8   ,               11.9   ,            110.1   ,               11.9   ,                        95.9   ,               2   ,        0.8120   ,               52.0   ,                  8321   ,
2026-08-06 19:03:22 ,        1569.0   ,           1377.0   ,               90.8   ,       104.8   ,              78   ,                   0   ,           1018   ,         93   ,                       88   ,                   0   ,                    0   ,              102.7   ,                 100.0   ,              30.3   ,                11.9   ,             60.0   ,               11.9   ,             70.6   ,               11.9   ,                        58.7   ,              16   ,        0.8120   ,               52.0   ,                  8318   ,
2026-08-06 19:03:23 ,        1556.5   ,           1377.0   ,               90.6   ,       104.6   ,              78   ,                   0   ,           1018   ,         94   ,                       89   ,                   0   ,                    0   ,               97.6   ,                  48.0   ,              25.0   ,                11.9   ,             28.8   ,               11.9   ,             73.3   ,               11.9   ,                        61.7   ,              16   ,        0.8120   ,               43.0   ,                  8319   ,
2026-08-06 19:03:24 ,        1607.0   ,           1377.0   ,               90.8   ,       104.8   ,              78   ,                   0   ,           1018   ,         66   ,                       64   ,                   0   ,                    0   ,               94.8   ,                  45.4   ,              24.6   ,                11.9   ,             27.3   ,               12.0   ,             42.2   ,               11.9   ,                        34.5   ,               1   ,        0.8310   ,               51.0   ,                  8335   ,
2026-08-06 19:03:25 ,        1569.0   ,           1377.0   ,               89.1   ,       103.3   ,              78   ,                   0   ,           1018   ,         87   ,                       84   ,                   0   ,                    0   ,              251.8   ,                 175.1   ,              39.6   ,                11.8   ,            105.1   ,               11.9   ,            106.5   ,               11.9   ,                        91.6   ,              16   ,        0.8120   ,               49.0   ,                  8334   ,
2026-08-06 19:03:26 ,        1480.5   ,           1377.0   ,               89.3   ,       103.3   ,              78   ,                   0   ,           1018   ,         62   ,                       56   ,                   0   ,                    0   ,              158.6   ,                  95.3   ,              31.7   ,                11.9   ,             57.2   ,               11.9   ,             69.1   ,               11.9   ,                        34.9   ,              16   ,        0.7810   ,               49.0   ,                  8334   ,
2026-08-06 19:03:27 ,        1556.5   ,           1377.0   ,               88.6   ,       102.6   ,              78   ,                   0   ,           1018   ,         96   ,                       92   ,                   0   ,                    0   ,               96.9   ,                  47.3   ,              25.1   ,                11.9   ,             28.4   ,               12.0   ,             42.7   ,               11.9   ,                        35.2   ,              16   ,        0.8120   ,               50.0   ,                  8333   ,
2026-08-06 19:03:28 ,        1569.0   ,           1377.0   ,               90.4   ,       104.4   ,              78   ,                   0   ,           1018   ,         96   ,                       92   ,                   0   ,                    0   ,              121.4   ,                  67.8   ,              27.4   ,                11.9   ,             40.7   ,               11.9   ,             52.6   ,               11.9   ,                        44.1   ,              16   ,        0.8120   ,               45.0   ,                  8330   ,
2026-08-06 19:03:29 ,        1607.0   ,           1377.0   ,               89.9   ,       103.9   ,              78   ,                   0   ,           1018   ,         81   ,                       79   ,                   0   ,                    0   ,               94.6   ,                  45.3   ,              24.6   ,                11.9   ,             63.5   ,               11.9   ,             74.8   ,               11.9   ,                        61.8   ,               3   ,        0.9430   ,               52.0   ,                  8333   ,
2026-08-06 19:03:30 ,        1569.0   ,           1377.0   ,               90.1   ,       104.1   ,              78   ,                   0   ,           1018   ,         95   ,                       90   ,                   0   ,                    0   ,              141.1   ,                  85.2   ,              29.5   ,                11.9   ,             51.1   ,               11.9   ,             59.9   ,               11.9   ,                        52.4   ,              16   ,        0.8120   ,               51.0   ,                  8333   ,
2026-08-06 19:03:31 ,        1569.0   ,           1377.0   ,               90.7   ,       104.7   ,              78   ,                   0   ,           1018   ,         95   ,                       91   ,                   0   ,                    0   ,              239.7   ,                 167.2   ,              38.2   ,                11.8   ,            100.3   ,               11.9   ,            100.6   ,               11.9   ,                        32.5   ,               2   ,        0.8120   ,               52.0   ,                  8331   ,
2026-08-06 19:03:32 ,        1569.0   ,           1377.0   ,               90.5   ,       104.5   ,              78   ,                   0   ,           1018   ,         96   ,                       91   ,                   0   ,                    0   ,               88.7   ,                  38.9   ,              25.5   ,                11.9   ,             23.3   ,               12.0   ,             39.1   ,               11.9   ,                        61.1   ,              16   ,        0.8120   ,               50.0   ,                  8333   ,
2026-08-06 19:03:33 ,        1531.0   ,           1377.0   ,               90.7   ,       104.7   ,              78   ,                   0   ,           1018   ,         96   ,                       90   ,                   0   ,                    0   ,               88.1   ,                  39.6   ,              24.4   ,                11.9   ,             23.7   ,               12.0   ,             39.4   ,               11.9   ,                        32.1   ,               2   ,        0.7930   ,               51.0   ,                  8332   ,
2026-08-06 19:03:34 ,        1582.0   ,           1377.0   ,               91.0   ,       105.0   ,              78   ,                   0   ,           1018   ,         96   ,                       91   ,                   0   ,                    0   ,              130.7   ,                  75.6   ,              28.0   ,                11.9   ,             45.4   ,               11.9   ,             56.7   ,               11.9   ,                        47.5   ,               2   ,        0.8250   ,               53.0   ,                  8332   ,
2026-08-06 19:03:35 ,        1556.5   ,           1377.0   ,               90.7   ,       104.7   ,              78   ,                   0   ,           1018   ,         96   ,                       92   ,                   0   ,                    0   ,              253.8   ,                 178.1   ,              40.1   ,                11.8   ,            106.9   ,               11.9   ,            106.1   ,               11.9   ,                        92.3   ,              16   ,        0.8120   ,               52.0   ,                  8332   ,
2026-08-06 19:03:36 ,        1607.0   ,           1377.0   ,               90.3   ,       104.3   ,              78   ,                   0   ,           1018   ,         90   ,                       87   ,                   0   ,                    0   ,              123.2   ,                  66.8   ,              27.3   ,                11.9   ,             40.1   ,               11.9   ,             55.2   ,               11.9   ,                        44.8   ,               1   ,        0.8310   ,               52.0   ,                  8332   ,
2026-08-06 19:03:37 ,        1544.0   ,           1377.0   ,               90.5   ,       104.5   ,              78   ,                   0   ,           1018   ,         96   ,                       91   ,                   0   ,                    0   ,               89.2   ,                  39.2   ,              25.7   ,                11.9   ,             23.5   ,               12.0   ,             39.3   ,               11.9   ,                        32.4   ,               2   ,        0.8120   ,               44.0   ,                  8331   ,
2026-08-06 19:03:38 ,        1531.0   ,           1377.0   ,               91.2   ,       105.2   ,              78   ,                   0   ,           1018   ,         96   ,                       87   ,                   0   ,                    0   ,               90.4   ,                  41.3   ,              24.7   ,                11.9   ,             24.8   ,               12.0   ,             40.2   ,               11.9   ,                        32.9   ,               2   ,        0.7810   ,               45.0   ,                  8332   ,
2026-08-06 19:03:39 ,        1569.0   ,           1377.0   ,               90.2   ,       104.2   ,              78   ,                   0   ,           1018   ,         94   ,                       88   ,                   0   ,                    0   ,               88.6   ,                  40.2   ,              24.3   ,                11.9   ,             24.1   ,               12.0   ,             39.6   ,               11.9   ,                        32.2   ,               2   ,        0.8120   ,               51.0   ,                  8332   ,
2026-08-06 19:03:40 ,        1569.0   ,           1377.0   ,               90.8   ,       104.8   ,              78   ,                   0   ,           1018   ,         96   ,                       90   ,                   0   ,                    0   ,              202.6   ,                 136.9   ,              35.2   ,                11.9   ,             82.1   ,               11.9   ,             84.6   ,               11.9   ,                        73.7   ,               2   ,        0.8120   ,               48.0   ,                  8332   ,
2026-08-06 19:03:41 ,        1607.0   ,           1377.0   ,               90.6   ,       104.6   ,              78   ,                   0   ,           1018   ,         96   ,                       93   ,                   0   ,                    0   ,               91.9   ,                  43.1   ,              24.4   ,                11.9   ,             25.8   ,               12.0   ,             41.0   ,               11.9   ,                        33.4   ,               1   ,        0.8310   ,               53.0   ,                  8332   ,
2026-08-06 19:03:42 ,        1544.0   ,           1377.0   ,               90.1   ,       104.1   ,              78   ,                   0   ,           1018   ,         66   ,                       63   ,                   0   ,                    0   ,               94.1   ,                  44.5   ,              24.9   ,                11.9   ,             26.7   ,               12.0   ,             41.8   ,               11.9   ,                        34.2   ,              16   ,        0.8000   ,               50.0   ,                  8331   ,
2026-08-06 19:03:43 ,        1556.5   ,           1377.0   ,               90.9   ,       104.9   ,              78   ,                   0   ,           1018   ,         95   ,                       90   ,                   0   ,                    0   ,               99.7   ,                  49.6   ,              25.3   ,                11.9   ,             29.7   ,               12.0   ,             43.9   ,               11.9   ,                        36.2   ,               2   ,        0.8120   ,               51.0   ,                  8330   ,
2026-08-06 19:03:44 ,        1607.0   ,           1377.0   ,               90.4   ,       104.4   ,              78   ,                   0   ,           1018   ,         72   ,                       70   ,                   0   ,                    0   ,              165.4   ,                 104.8   ,              31.3   ,                11.9   ,             48.8   ,               11.9   ,             58.1   ,               11.9   ,                        49.5   ,               2   ,        0.8750   ,               41.0   ,                  8331   ,
2026-08-06 19:03:45 ,        1556.5   ,           1377.0   ,               89.4   ,       103.4   ,              78   ,                   0   ,           1018   ,         66   ,                       63   ,                   0   ,                    0   ,              253.0   ,                 179.0   ,              39.8   ,                11.8   ,            107.4   ,               11.9   ,             38.3   ,               11.9   ,                        31.0   ,              16   ,        0.8120   ,               49.0   ,                  8330   ,
2026-08-06 19:03:46 ,        1594.5   ,           1377.0   ,               90.4   ,       104.4   ,              78   ,                   0   ,           1018   ,         96   ,                       92   ,                   0   ,                    0   ,               90.6   ,                  41.9   ,              24.3   ,                11.9   ,             25.1   ,               12.0   ,             40.5   ,               11.9   ,                        32.9   ,               2   ,        0.8310   ,               50.0   ,                  8331   ,
2026-08-06 19:03:47 ,        1493.0   ,           1377.0   ,               90.8   ,       104.8   ,              78   ,                   0   ,           1018   ,         96   ,                       87   ,                   0   ,                    0   ,               93.0   ,                  43.4   ,              25.0   ,                11.9   ,             26.0   ,               12.0   ,             41.3   ,               11.9   ,                        33.8   ,               2   ,        0.7810   ,               51.0   ,                  8331   ,
2026-08-06 19:03:48 ,        1569.0   ,           1377.0   ,               90.5   ,       104.5   ,              78   ,                   0   ,           1018   ,         96   ,                       92   ,                   0   ,                    0   ,               91.0   ,                  41.9   ,              24.7   ,                11.9   ,             25.1   ,               12.0   ,             40.4   ,               11.9   ,                        33.1   ,               2   ,        0.8120   ,               53.0   ,                  8330   ,
2026-08-06 19:03:49 ,        1569.0   ,           1377.0   ,               90.8   ,       104.8   ,              78   ,                   0   ,           1018   ,         96   ,                       91   ,                   0   ,                    0   ,              228.3   ,                 158.9   ,              37.8   ,                11.9   ,             95.4   ,               11.9   ,             94.4   ,               11.9   ,                        83.0   ,               2   ,        0.8120   ,               52.0   ,                  8331   ,
2026-08-06 19:03:50 ,        1569.0   ,           1377.0   ,               90.8   ,       104.8   ,              78   ,                   0   ,           1018   ,         96   ,                       91   ,                   0   ,                    0   ,              254.8   ,                 180.8   ,              39.9   ,                11.8   ,            108.5   ,               11.9   ,            105.8   ,               11.9   ,                        92.6   ,               2   ,        0.8120   ,               51.0   ,                  8331   ,
2026-08-06 19:03:51 ,        1620.0   ,           1377.0   ,               91.3   ,       105.3   ,              78   ,                   0   ,           1018   ,         93   ,                       91   ,                   0   ,                    0   ,              167.0   ,                 108.0   ,              30.6   ,                11.9   ,             64.8   ,               11.9   ,             70.9   ,               11.9   ,                        60.7   ,               2   ,        0.8000   ,               54.0   ,                  8331   ,
2026-08-06 19:03:52 ,        1569.0   ,           1377.0   ,               90.5   ,       104.5   ,              78   ,                   0   ,           1018   ,         95   ,                       89   ,                   0   ,                    0   ,               91.1   ,                  40.2   ,              24.3   ,                11.9   ,             24.1   ,               12.0   ,             39.8   ,               11.9   ,                        32.3   ,              16   ,        0.8120   ,               46.0   ,                  8331   ,
2026-08-06 19:03:53 ,        1607.0   ,           1377.0   ,               90.9   ,       104.9   ,              78   ,                   0   ,           1018   ,         96   ,                       92   ,                   0   ,                    0   ,              158.1   ,                  98.0   ,              32.0   ,                11.9   ,             58.8   ,               11.9   ,             66.7   ,               11.9   ,                        57.5   ,               1   ,        0.8310   ,               51.0   ,                  8331   ,
2026-08-06 19:03:54 ,        1556.5   ,           1377.0   ,               90.7   ,       104.7   ,              78   ,                   0   ,           1018   ,         96   ,                       92   ,                   0   ,                    0   ,              164.1   ,                 102.3   ,              31.9   ,                11.9   ,             61.4   ,               11.9   ,             70.1   ,               11.9   ,                        39.4   ,              16   ,        0.8120   ,               50.0   ,                  8331   ,
2026-08-06 19:03:55 ,        1607.0   ,           1377.0   ,               91.0   ,       105.0   ,              78   ,                   0   ,           1018   ,         96   ,                       92   ,                   0   ,                    0   ,               89.5   ,                  41.0   ,              24.2   ,                11.9   ,             24.6   ,               12.0   ,             40.0   ,               11.9   ,                        32.5   ,               1   ,        0.8310   ,               51.0   ,                  8330   ,
2026-08-06 19:03:56 ,        1569.0   ,           1377.0   ,               90.7   ,       104.7   ,              78   ,                   0   ,           1018   ,         96   ,                       91   ,                   0   ,                    0   ,               92.7   ,                  43.7   ,              24.6   ,                11.9   ,             26.2   ,               12.0   ,             41.2   ,               11.9   ,                        33.7   ,               2   ,        0.8120   ,               53.0   ,                  8331   ,
2026-08-06 19:03:57 ,        1506.0   ,           1377.0   ,               90.4   ,       104.4   ,              78   ,                   0   ,           1018   ,         94   ,                       86   ,                   0   ,                    0   ,              166.6   ,                 103.3   ,              32.7   ,                11.9   ,             62.0   ,               11.9   ,             71.2   ,               11.9   ,                        36.6   ,              16   ,        0.7930   ,               45.0   ,                  8331   ,
2026-08-06 19:03:58 ,        1607.0   ,           1377.0   ,               90.5   ,       104.5   ,              78   ,                   0   ,           1018   ,         96   ,                       93   ,                   0   ,                    0   ,              163.8   ,                 102.1   ,              30.8   ,                11.9   ,             61.2   ,               11.9   ,             71.1   ,               11.9   ,                        67.3   ,              16   ,        0.8310   ,               47.0   ,                  8330   ,
2026-08-06 19:03:59 ,        1569.0   ,           1377.0   ,               90.6   ,       104.6   ,              78   ,                   0   ,           1018   ,         96   ,                       91   ,                   0   ,                    0   ,              194.2   ,                 129.3   ,              34.0   ,                11.9   ,             77.6   ,               11.9   ,             81.9   ,               11.9   ,                        70.6   ,              16   ,        0.8120   ,               52.0   ,                  8328   ,
2026-08-06 19:04:00 ,        1620.0   ,           1377.0   ,               90.8   ,       104.8   ,              78   ,                   0   ,           1018   ,         80   ,                       77   ,                   0   ,                    0   ,              175.1   ,                 114.4   ,              31.2   ,                11.9   ,             68.7   ,               11.9   ,             52.8   ,               11.9   ,                        44.8   ,              16   ,        0.8250   ,               52.0   ,                  8331   ,
2026-08-06 19:04:01 ,        1620.0   ,           1377.0   ,               90.9   ,       104.9   ,              78   ,                   0   ,           1018   ,         92   ,                       88   ,                   0   ,                    0   ,              106.4   ,                  78.8   ,              28.1   ,                11.9   ,             47.3   ,               11.9   ,             61.7   ,               11.9   ,                        50.1   ,              16   ,        0.8310   ,               51.0   ,                  8331   ,
2026-08-06 19:04:02 ,        1569.0   ,           1377.0   ,               89.2   ,       103.2   ,              78   ,                   0   ,           1018   ,         57   ,                       56   ,                   0   ,                    0   ,              255.7   ,                 179.7   ,              39.9   ,                11.8   ,            107.8   ,               11.9   ,            107.3   ,               11.9   ,                        30.7   ,               2   ,        0.8120   ,               53.0   ,                  8331   ,
2026-08-06 19:04:03 ,        1569.0   ,           1377.0   ,               89.7   ,       103.7   ,              78   ,                   0   ,           1018   ,         87   ,                       81   ,                   0   ,                    0   ,              101.5   ,                  51.0   ,              25.5   ,                11.9   ,             62.4   ,               11.9   ,             71.6   ,               11.9   ,                        60.5   ,              16   ,        0.8120   ,               51.0   ,                  8449   ,
2026-08-06 19:04:04 ,        1582.0   ,           1377.0   ,               91.0   ,       105.0   ,              78   ,                   0   ,           1018   ,         96   ,                       88   ,                   0   ,                    0   ,               95.0   ,                  45.9   ,              24.8   ,                11.9   ,             27.6   ,               12.0   ,             42.0   ,               11.9   ,                        47.2   ,              16   ,        0.7930   ,               51.0   ,                  8512   ,
2026-08-06 19:04:05 ,        1594.5   ,           1377.0   ,               90.7   ,       104.7   ,              78   ,                   0   ,           1018   ,         96   ,                       93   ,                   0   ,                    0   ,              195.7   ,                 129.7   ,              33.5   ,                11.9   ,             77.8   ,               11.9   ,             83.7   ,               11.9   ,                        33.2   ,              16   ,        0.8310   ,               50.0   ,                  8510   ,
2026-08-06 19:04:06 ,        1569.0   ,           1377.0   ,               91.3   ,       105.3   ,              78   ,                   0   ,           1018   ,         96   ,                       91   ,                   0   ,                    0   ,              164.2   ,                 104.2   ,              31.4   ,                11.9   ,             62.5   ,               11.9   ,             69.7   ,               11.9   ,                        59.7   ,               2   ,        0.8000   ,               51.0   ,                  8582   ,
2026-08-06 19:04:07 ,        1569.0   ,           1377.0   ,               90.6   ,       104.6   ,              78   ,                   0   ,           1018   ,         96   ,                       91   ,                   0   ,                    0   ,              196.9   ,                 134.0   ,              34.8   ,                11.9   ,             80.4   ,               11.9   ,             81.0   ,               11.9   ,                        71.6   ,              16   ,        0.8120   ,               51.0   ,                  8500   ,
2026-08-06 19:04:08 ,        1582.0   ,           1377.0   ,               90.6   ,       104.6   ,              78   ,                   0   ,           1018   ,         96   ,                       91   ,                   0   ,                    0   ,              135.1   ,                  77.5   ,              27.8   ,                11.9   ,             46.5   ,               11.9   ,             60.1   ,               11.9   ,                        49.1   ,               2   ,        0.8250   ,               53.0   ,                  8496   ,
2026-08-06 19:04:09 ,        1506.0   ,           1377.0   ,               90.4   ,       104.4   ,              78   ,                   0   ,           1018   ,         76   ,                       69   ,                   0   ,                    0   ,              119.0   ,                  64.0   ,              28.7   ,                11.9   ,             38.4   ,               11.9   ,             51.2   ,               11.9   ,                        64.8   ,              16   ,        0.8000   ,               49.0   ,                  8492   ,
2026-08-06 19:04:10 ,        1569.0   ,           1377.0   ,               90.5   ,       104.5   ,              78   ,                   0   ,           1018   ,         96   ,                       92   ,                   0   ,                    0   ,              254.0   ,                 179.3   ,              40.1   ,                11.8   ,            107.6   ,               11.9   ,            105.7   ,               11.9   ,                        92.4   ,               1   ,        0.8310   ,               51.0   ,                  8491   ,
2026-08-06 19:04:11 ,        1556.5   ,           1377.0   ,               90.8   ,       104.8   ,              78   ,                   0   ,           1018   ,         96   ,                       91   ,                   0   ,                    0   ,              130.2   ,                  76.1   ,              28.2   ,                11.9   ,             45.7   ,               11.9   ,             55.7   ,               11.9   ,                        47.4   ,               2   ,        0.8120   ,               52.0   ,                  8491   ,
2026-08-06 19:04:12 ,        1607.0   ,           1377.0   ,               91.3   ,       105.3   ,              78   ,                   0   ,           1018   ,         96   ,                       87   ,                   0   ,                    0   ,              203.1   ,                 135.8   ,              34.5   ,                11.9   ,             81.5   ,               11.9   ,             86.4   ,               11.9   ,                        33.7   ,              16   ,        0.8120   ,               51.0   ,                  8487   ,
2026-08-06 19:04:13 ,        1607.0   ,           1377.0   ,               91.1   ,       105.1   ,              79   ,                   0   ,           1018   ,         85   ,                       82   ,                   0   ,                    0   ,              263.9   ,                 187.3   ,              39.8   ,                11.8   ,            112.4   ,               11.9   ,            111.0   ,               11.9   ,                        32.7   ,               2   ,        0.8120   ,               45.0   ,                  8479   ,
2026-08-06 19:04:14 ,        1582.0   ,           1377.0   ,               90.8   ,       104.8   ,              79   ,                   0   ,           1018   ,         88   ,                       84   ,                   0   ,                    0   ,               88.4   ,                  53.5   ,              26.2   ,                11.9   ,             32.1   ,               11.9   ,             48.0   ,               11.9   ,                        38.9   ,              16   ,        0.8310   ,               53.0   ,                  8480   ,
2026-08-06 19:04:15 ,        1544.0   ,           1377.0   ,               90.7   ,       104.7   ,              79   ,                   0   ,           1018   ,         94   ,                       87   ,                   0   ,                    0   ,               88.8   ,                  37.9   ,              24.3   ,                11.9   ,             22.8   ,               12.0   ,             38.8   ,               11.9   ,                        31.5   ,              16   ,        0.7930   ,               53.0   ,                  8479   ,
2026-08-06 19:04:16 ,        1620.0   ,           1377.0   ,               89.9   ,       103.9   ,              79   ,                   0   ,           1018   ,         86   ,                       84   ,                   0   ,                    0   ,              273.2   ,                  40.3   ,              24.2   ,                11.9   ,             24.2   ,               12.0   ,             40.0   ,               11.9   ,                        32.4   ,               1   ,        0.8310   ,               50.0   ,                  8480   ,
2026-08-06 19:04:17 ,        1506.0   ,           1377.0   ,               90.4   ,       104.4   ,              79   ,                   0   ,           1018   ,         96   ,                       88   ,                   0   ,                    0   ,               83.4   ,                  34.8   ,              24.1   ,                11.9   ,             20.9   ,               12.0   ,             37.2   ,               11.9   ,                        30.1   ,              16   ,        0.7930   ,               51.0   ,                  8479   ,
2026-08-06 19:04:18 ,        1569.0   ,           1377.0   ,               91.0   ,       105.0   ,              79   ,                   0   ,           1018   ,         96   ,                       91   ,                   0   ,                    0   ,              256.5   ,                 177.9   ,              40.2   ,                11.8   ,            106.7   ,               11.9   ,            108.9   ,               11.9   ,                        93.3   ,               2   ,        0.8000   ,               51.0   ,                  8478   ,
2026-08-06 19:04:19 ,        1569.0   ,           1377.0   ,               91.0   ,       105.0   ,              79   ,                   0   ,           1018   ,         95   ,                       90   ,                   0   ,                    0   ,               97.6   ,                  47.7   ,              25.2   ,                11.9   ,             28.6   ,               12.0   ,             43.2   ,               11.9   ,                        35.5   ,               2   ,        0.8120   ,               53.0   ,                  8479   ,
2026-08-06 19:04:20 ,        1569.0   ,           1377.0   ,               88.9   ,       102.9   ,              79   ,                   0   ,           1018   ,         68   ,                       66   ,                   0   ,                    0   ,              247.4   ,                 172.4   ,              39.2   ,                11.8   ,            103.4   ,               12.0   ,             38.7   ,               11.9   ,                        31.5   ,               2   ,        0.8120   ,               51.0   ,                  8479   ,
2026-08-06 19:04:21 ,        1582.0   ,           1377.0   ,               89.2   ,       103.2   ,              79   ,                   0   ,           1018   ,         54   ,                       53   ,                   0   ,                    0   ,              264.5   ,                 189.0   ,              40.4   ,                11.8   ,            113.4   ,               11.9   ,            110.0   ,               11.9   ,                        96.2   ,              16   ,        0.8250   ,               49.0   ,                  8479   ,
2026-08-06 19:04:22 ,        1493.0   ,           1377.0   ,               89.2   ,       103.2   ,              79   ,                   0   ,           1018   ,         95   ,                       90   ,                   0   ,                    0   ,               89.7   ,                  40.5   ,              24.8   ,                11.9   ,             24.3   ,               12.0   ,             39.9   ,               11.9   ,                        32.6   ,              16   ,        0.7810   ,               53.0   ,                  8479   ,
2026-08-06 19:04:23 ,        1569.0   ,           1377.0   ,               90.4   ,       104.4   ,              79   ,                   0   ,           1018   ,         94   ,                       89   ,                   0   ,                    0   ,               90.0   ,                  41.1   ,              24.5   ,                11.9   ,             24.7   ,               12.0   ,             40.2   ,               11.9   ,                        32.7   ,               2   ,        0.8120   ,               50.0   ,                  8479   ,
2026-08-06 19:04:24 ,        1569.0   ,           1377.0   ,               90.8   ,       104.8   ,              79   ,                   0   ,           1018   ,         96   ,                       91   ,                   0   ,                    0   ,              237.0   ,                 161.6   ,              39.9   ,                11.9   ,             96.9   ,               11.9   ,             99.5   ,               11.9   ,                        86.2   ,               2   ,        0.8120   ,               52.0   ,                  8479   ,
2026-08-06 19:04:25 ,        1569.0   ,           1377.0   ,               90.8   ,       104.8   ,              79   ,                   0   ,           1018   ,         94   ,                       90   ,                   0   ,                    0   ,              235.7   ,                 161.7   ,              39.7   ,                11.8   ,             97.0   ,               11.9   ,             98.2   ,               11.9   ,                        85.7   ,               3   ,        0.8120   ,               54.0   ,                  8480   ,
2026-08-06 19:04:26 ,        1518.5   ,           1377.0   ,               90.4   ,       104.4   ,              79   ,                   0   ,           1018   ,         96   ,                       91   ,                   0   ,                    0   ,              190.6   ,                  37.0   ,              24.2   ,                11.9   ,             22.2   ,               12.0   ,             38.2   ,               11.9   ,                        31.0   ,              16   ,        0.7930   ,               54.0   ,                  8479   ,
2026-08-06 19:04:27 ,        1594.5   ,           1377.0   ,               91.0   ,       105.0   ,              79   ,                   0   ,           1018   ,         96   ,                       93   ,                   0   ,                    0   ,              259.0   ,                 184.1   ,              39.5   ,                11.8   ,            110.5   ,               11.9   ,            108.3   ,               11.9   ,                        94.2   ,              16   ,        0.8310   ,               53.0   ,                  8480   ,
2026-08-06 19:04:28 ,        1569.0   ,           1377.0   ,               90.5   ,       104.5   ,              79   ,                   0   ,           1018   ,         95   ,                       92   ,                   0   ,                    0   ,              176.2   ,                  61.0   ,              26.8   ,                11.9   ,             36.6   ,               12.0   ,             49.6   ,               11.9   ,                        41.4   ,              16   ,        0.8120   ,               54.0   ,                  8479   ,
2026-08-06 19:04:29 ,        1506.0   ,           1377.0   ,               90.9   ,       104.9   ,              79   ,                   0   ,           1018   ,         96   ,                       88   ,                   0   ,                    0   ,               98.1   ,                  48.0   ,              25.6   ,                11.9   ,             28.8   ,               12.0   ,             43.1   ,               11.9   ,                        35.7   ,               2   ,        0.7750   ,               54.0   ,                  8479   ,
2026-08-06 19:04:30 ,        1569.0   ,           1377.0   ,               90.4   ,       104.4   ,              79   ,                   0   ,           1018   ,         96   ,                       92   ,                   0   ,                    0   ,              189.7   ,                  49.6   ,              26.7   ,                11.9   ,             29.7   ,               12.0   ,             73.8   ,               11.9   ,                        61.4   ,              16   ,        0.8120   ,               53.0   ,                  8479   ,
2026-08-06 19:04:31 ,        1607.0   ,           1377.0   ,               91.1   ,       105.1   ,              79   ,                   0   ,           1018   ,         96   ,                       93   ,                   0   ,                    0   ,              255.5   ,                 185.2   ,              40.1   ,                11.8   ,            111.1   ,               11.9   ,            103.6   ,               11.9   ,                        92.9   ,               1   ,        0.8310   ,               53.0   ,                  8478   ,
2026-08-06 19:04:32 ,        1544.0   ,           1377.0   ,               90.1   ,       104.1   ,              79   ,                   0   ,           1018   ,         90   ,                       85   ,                   0   ,                    0   ,              155.0   ,                  93.4   ,              31.1   ,                11.9   ,             56.0   ,               11.9   ,             67.1   ,               11.9   ,                        41.1   ,              16   ,        0.8000   ,               51.0   ,                  8479   ,
2026-08-06 19:04:33 ,        1569.0   ,           1377.0   ,               90.4   ,       104.4   ,              79   ,                   0   ,           1018   ,         81   ,                       77   ,                   0   ,                    0   ,              187.4   ,                 123.0   ,              33.1   ,                11.9   ,             73.8   ,               11.9   ,             79.8   ,               11.9   ,                        68.2   ,              16   ,        0.8120   ,               53.0   ,                  8455   ,
2026-08-06 19:04:34 ,        1594.5   ,           1377.0   ,               90.9   ,       104.9   ,              79   ,                   0   ,           1018   ,         87   ,                       84   ,                   0   ,                    0   ,               98.4   ,                  48.5   ,              25.0   ,                11.9   ,             29.1   ,               12.0   ,             43.6   ,               11.9   ,                        35.8   ,               2   ,        0.8310   ,               52.0   ,                  8462   ,
2026-08-06 19:04:35 ,        1569.0   ,           1377.0   ,               90.4   ,       104.4   ,              79   ,                   0   ,           1018   ,         71   ,                       68   ,                   0   ,                    0   ,               93.9   ,                  44.6   ,              24.8   ,                11.9   ,             26.8   ,               12.0   ,             41.7   ,               11.9   ,                        34.2   ,               2   ,        0.8120   ,               53.0   ,                  8339   ,
2026-08-06 19:04:36 ,        1594.5   ,           1377.0   ,               90.3   ,       104.3   ,              79   ,                   0   ,           1018   ,         72   ,                       70   ,                   0   ,                    0   ,              152.0   ,                  92.4   ,              29.9   ,                11.9   ,             55.5   ,               11.9   ,             66.0   ,               11.9   ,                        55.3   ,              16   ,        0.8310   ,               52.0   ,                  8340   ,
2026-08-06 19:04:37 ,        1493.0   ,           1377.0   ,               89.4   ,       103.4   ,              79   ,                   0   ,           1018   ,         83   ,                       77   ,                   0   ,                    0   ,              157.9   ,                  97.4   ,              31.6   ,                11.9   ,             58.4   ,               11.9   ,             67.1   ,               11.9   ,                        57.4   ,              16   ,        0.7810   ,               48.0   ,                  8338   ,
2026-08-06 19:04:38 ,        1569.0   ,           1377.0   ,               90.8   ,       104.8   ,              79   ,                   0   ,           1017   ,         96   ,                       91   ,                   0   ,                    0   ,              129.9   ,                  75.3   ,              28.2   ,                11.9   ,             45.2   ,               11.9   ,             55.9   ,               11.9   ,                        47.3   ,               2   ,        0.8120   ,               47.0   ,                  8335   ,
2026-08-06 19:04:39 ,        1493.0   ,           1377.0   ,               90.4   ,       104.4   ,              79   ,                   0   ,           1017   ,         96   ,                       89   ,                   0   ,                    0   ,               89.1   ,                  40.0   ,              24.6   ,                11.9   ,             24.0   ,               12.0   ,             39.8   ,               11.9   ,                        32.4   ,              16   ,        0.7810   ,               44.0   ,                  8337   ,
2026-08-06 19:04:40 ,        1569.0   ,           1377.0   ,               90.8   ,       104.8   ,              79   ,                   0   ,           1017   ,         96   ,                       92   ,                   0   ,                    0   ,              251.7   ,                  43.2   ,              24.6   ,                11.9   ,             25.9   ,               12.0   ,             41.1   ,               11.9   ,                        33.6   ,               2   ,        0.8120   ,               39.0   ,                  8337   ,
2026-08-06 19:04:41 ,        1569.0   ,           1377.0   ,               90.9   ,       104.9   ,              79   ,                   0   ,           1017   ,         96   ,                       91   ,                   0   ,                    0   ,              102.2   ,                  52.0   ,              25.6   ,                11.9   ,             31.2   ,               12.0   ,             44.8   ,               11.9   ,                        37.2   ,               2   ,        0.8120   ,               54.0   ,                  8337   ,
2026-08-06 19:04:42 ,        1493.0   ,           1377.0   ,               90.2   ,       104.2   ,              79   ,                   0   ,           1017   ,         96   ,                       89   ,                   0   ,                    0   ,              112.9   ,                  59.8   ,              27.1   ,                11.9   ,             35.9   ,               12.0   ,             49.3   ,               11.9   ,                        41.1   ,              16   ,        0.7810   ,               51.0   ,                  8337   ,
2026-08-06 19:04:43 ,        1556.5   ,           1377.0   ,               90.3   ,       104.3   ,              79   ,                   0   ,           1017   ,         96   ,                       92   ,                   0   ,                    0   ,              192.5   ,                 125.0   ,              33.8   ,                11.9   ,             30.5   ,               12.0   ,             41.3   ,               11.9   ,                        33.8   ,              16   ,        0.8120   ,               51.0   ,                  8336   ,
2026-08-06 19:04:44 ,        1544.0   ,           1377.0   ,               90.9   ,       104.9   ,              79   ,                   0   ,           1017   ,         95   ,                       89   ,                   0   ,                    0   ,              160.7   ,                  99.0   ,              31.4   ,                11.9   ,             59.4   ,               11.9   ,             69.2   ,               11.9   ,                        58.4   ,               2   ,        0.8000   ,               49.0   ,                  8336   ,
2026-08-06 19:04:45 ,        1556.5   ,           1377.0   ,               91.3   ,       105.3   ,              79   ,                   0   ,           1017   ,         96   ,                       90   ,                   0   ,                    0   ,               91.2   ,                  42.4   ,              24.6   ,                11.9   ,             25.4   ,               12.0   ,             40.5   ,               11.9   ,                        33.1   ,               2   ,        0.8000   ,               52.0   ,                  8337   ,
2026-08-06 19:04:46 ,        1531.0   ,           1377.0   ,               90.9   ,       104.9   ,              79   ,                   0   ,           1017   ,         93   ,                       86   ,                   0   ,                    0   ,               95.1   ,                  44.3   ,              26.4   ,                11.9   ,             26.6   ,               12.0   ,             41.4   ,               11.9   ,                        34.6   ,               2   ,        0.7930   ,               54.0   ,                  8336   ,
2026-08-06 19:04:47 ,        1594.5   ,           1377.0   ,               91.2   ,       105.2   ,              79   ,                   0   ,           1017   ,         96   ,                       93   ,                   0   ,                    0   ,              226.6   ,                 156.5   ,              36.9   ,                11.9   ,             93.9   ,               11.9   ,             95.2   ,               11.9   ,                        82.4   ,              16   ,        0.8310   ,               53.0   ,                  8336   ,
2026-08-06 19:04:48 ,        1455.0   ,           1377.0   ,               89.5   ,       103.5   ,              79   ,                   0   ,           1017   ,         96   ,                       87   ,                   0   ,                    0   ,               99.5   ,                  48.5   ,              26.0   ,                11.9   ,             29.1   ,               12.0   ,             43.8   ,               11.9   ,                        36.2   ,              16   ,        0.7750   ,               51.0   ,                  8334   ,
2026-08-06 19:04:49 ,        1556.5   ,           1377.0   ,               90.6   ,       104.6   ,              79   ,                   0   ,           1017   ,         96   ,                       91   ,                   0   ,                    0   ,              180.7   ,                 117.7   ,              33.6   ,                11.9   ,             70.6   ,               11.9   ,             75.8   ,               11.9   ,                        65.7   ,              16   ,        0.8120   ,               53.0   ,                  8335   ,
2026-08-06 19:04:50 ,        1544.0   ,           1377.0   ,               90.6   ,       104.6   ,              79   ,                   0   ,           1017   ,         96   ,                       91   ,                   0   ,                    0   ,              237.7   ,                 164.1   ,              38.9   ,                11.8   ,             98.5   ,               11.9   ,             99.7   ,               11.9   ,                        31.7   ,              16   ,        0.8120   ,               53.0   ,                  8336   ,
2026-08-06 19:04:51 ,        1582.0   ,           1377.0   ,               91.0   ,       105.0   ,              79   ,                   0   ,           1017   ,         96   ,                       88   ,                   0   ,                    0   ,              163.0   ,                  99.8   ,              31.5   ,                11.9   ,             44.0   ,               11.9   ,             56.1   ,               11.9   ,                        47.0   ,              16   ,        0.8000   ,               52.0   ,                  8336   ,
2026-08-06 19:04:52 ,        1607.0   ,           1377.0   ,               90.9   ,       104.9   ,              79   ,                   0   ,           1017   ,         95   ,                       87   ,                   0   ,                    0   ,              204.6   ,                 137.0   ,              35.1   ,                11.9   ,             82.2   ,               11.9   ,             86.7   ,               11.9   ,                        74.4   ,               2   ,        0.8120   ,               52.0   ,                  8336   ,
2026-08-06 19:04:53 ,        1569.0   ,           1377.0   ,               90.8   ,       104.8   ,              79   ,                   0   ,           1017   ,         92   ,                       88   ,                   0   ,                    0   ,              223.6   ,                 154.1   ,              36.9   ,                11.8   ,             92.4   ,               11.9   ,             93.6   ,               11.9   ,                        81.3   ,               2   ,        0.8120   ,               52.0   ,                  8336   ,
2026-08-06 19:04:54 ,        1531.0   ,           1377.0   ,               90.8   ,       104.8   ,              79   ,                   0   ,           1017   ,         84   ,                       78   ,                   0   ,                    0   ,               87.2   ,                  38.8   ,              24.4   ,                11.9   ,             23.3   ,               12.0   ,             38.9   ,               11.9   ,                        31.7   ,               2   ,        0.7810   ,               52.0   ,                  8336   ,
2026-08-06 19:04:55 ,        1569.0   ,           1377.0   ,               90.5   ,       104.5   ,              79   ,                   0   ,           1017   ,         91   ,                       86   ,                   0   ,                    0   ,              256.9   ,                 180.7   ,              40.4   ,                11.8   ,            108.4   ,               11.9   ,             39.4   ,               11.9   ,                        32.1   ,               2   ,        0.8120   ,               46.0   ,                  8336   ,
2026-08-06 19:04:56 ,        1569.0   ,           1377.0   ,               89.4   ,       103.4   ,              79   ,                   0   ,           1017   ,         59   ,                       58   ,                   0   ,                    0   ,              168.4   ,                  53.2   ,              31.8   ,                11.9   ,             62.9   ,               11.9   ,             71.1   ,               11.9   ,                        60.5   ,              16   ,        0.8120   ,               48.0   ,                  8336   ,
2026-08-06 19:04:57 ,        1569.0   ,           1377.0   ,               90.4   ,       104.4   ,              79   ,                   0   ,           1017   ,         90   ,                       86   ,                   0   ,                    0   ,              176.2   ,                 113.5   ,              31.9   ,                11.9   ,             68.1   ,               11.9   ,             75.5   ,               11.9   ,                        38.0   ,              16   ,        0.8120   ,               52.0   ,                  8335   ,
2026-08-06 19:04:58 ,        1455.0   ,           1377.0   ,               90.4   ,       104.4   ,              79   ,                   0   ,           1017   ,         95   ,                       86   ,                   0   ,                    0   ,               99.9   ,                  48.6   ,              26.2   ,                11.9   ,             29.2   ,               12.0   ,             43.9   ,               11.9   ,                        36.3   ,              16   ,        0.7620   ,               51.0   ,                  8332   ,
2026-08-06 19:04:59 ,        1569.0   ,           1377.0   ,               89.7   ,       103.7   ,              79   ,                   0   ,           1017   ,         95   ,                       92   ,                   0   ,                    0   ,              120.1   ,                  64.9   ,              27.3   ,                11.9   ,             39.0   ,               11.9   ,             53.2   ,               11.9   ,                        43.7   ,              16   ,        0.8120   ,               48.0   ,                  8335   ,
2026-08-06 19:05:00 ,        1569.0   ,           1377.0   ,               90.8   ,       104.8   ,              79   ,                   0   ,           1017   ,         96   ,                       92   ,                   0   ,                    0   ,              162.2   ,                 102.7   ,              31.7   ,                11.9   ,             61.6   ,               11.9   ,             68.1   ,               11.9   ,                        59.0   ,               2   ,        0.8120   ,               54.0   ,                  8335   ,
2026-08-06 19:05:01 ,        1442.5   ,           1377.0   ,               90.2   ,       104.2   ,              79   ,                   0   ,           1017   ,         96   ,                       85   ,                   0   ,                    0   ,              215.0   ,                  35.7   ,              24.4   ,                11.9   ,             21.4   ,               12.0   ,             37.7   ,               11.9   ,                        30.6   ,              16   ,        0.7750   ,               53.0   ,                  8336   ,
2026-08-06 19:05:02 ,        1531.0   ,           1377.0   ,               90.0   ,       104.0   ,              79   ,                   0   ,           1017   ,         95   ,                       91   ,                   0   ,                    0   ,               88.7   ,                  38.8   ,              25.8   ,                11.9   ,             23.3   ,               12.0   ,             39.0   ,               11.9   ,                        32.3   ,              16   ,        0.8000   ,               53.0   ,                  8335   ,
2026-08-06 19:05:03 ,        1594.5   ,           1377.0   ,               90.9   ,       104.9   ,              79   ,                   0   ,           1017   ,         84   ,                       82   ,                   0   ,                    0   ,              269.2   ,                 193.8   ,              40.1   ,                11.9   ,             25.2   ,               12.0   ,             40.5   ,               11.9   ,                        33.0   ,               1   ,        0.8310   ,               53.0   ,                  8335   ,
2026-08-06 19:05:04 ,        1531.0   ,           1377.0   ,               90.8   ,       104.8   ,              79   ,                   0   ,           1017   ,         92   ,                       87   ,                   0   ,                    0   ,              221.1   ,                 151.3   ,              38.4   ,                11.9   ,             90.8   ,               11.9   ,             91.2   ,               11.9   ,                        80.4   ,              16   ,        0.7930   ,               54.0   ,                  8332   ,
2026-08-06 19:05:05 ,        1569.0   ,           1377.0   ,               90.9   ,       105.1   ,              79   ,                   0   ,           1017   ,         96   ,                       92   ,                   0   ,                    0   ,              170.7   ,                 109.0   ,              32.0   ,                11.9   ,             65.4   ,               11.9   ,             72.6   ,               11.9   ,                        62.1   ,               2   ,        0.8120   ,               55.0   ,                  8335   ,
2026-08-06 19:05:06 ,        1506.0   ,           1377.0   ,               90.9   ,       104.9   ,              79   ,                   0   ,           1017   ,         96   ,                       88   ,                   0   ,                    0   ,              102.2   ,                  51.2   ,              26.0   ,                11.9   ,             30.7   ,               12.0   ,             44.9   ,               11.9   ,                        37.2   ,               2   ,        0.7810   ,               53.0   ,                  8335   ,
2026-08-06 19:05:07 ,        1544.0   ,           1377.0   ,               90.8   ,       104.8   ,              79   ,                   0   ,           1017   ,         96   ,                       90   ,                   0   ,                    0   ,              111.8   ,                  59.4   ,              26.6   ,                11.9   ,             35.6   ,               11.9   ,             48.9   ,               11.9   ,                        40.7   ,              16   ,        0.8000   ,               53.0   ,                  8335   ,
2026-08-06 19:05:08 ,        1506.0   ,           1377.0   ,               90.6   ,       104.6   ,              79   ,                   0   ,           1017   ,         95   ,                       87   ,                   0   ,                    0   ,              237.4   ,                 165.2   ,              39.6   ,                11.8   ,             99.1   ,               11.9   ,             98.0   ,               11.9   ,                        86.3   ,              16   ,        0.7810   ,               52.0   ,                  8335   ,
2026-08-06 19:05:09 ,        1582.0   ,           1377.0   ,               90.3   ,       104.3   ,              79   ,                   0   ,           1017   ,         88   ,                       85   ,                   0   ,                    0   ,              136.8   ,                  80.2   ,              28.8   ,                11.9   ,             48.1   ,               11.9   ,             49.9   ,               11.9   ,                        60.1   ,              16   ,        0.8120   ,               48.0   ,                  8334   ,
2026-08-06 19:05:10 ,        1569.0   ,           1377.0   ,               90.1   ,       104.1   ,              79   ,                   0   ,           1017   ,         96   ,                       91   ,                   0   ,                    0   ,              168.6   ,                  96.7   ,              31.2   ,                11.9   ,             80.0   ,               11.9   ,             85.7   ,               11.9   ,                        73.1   ,              16   ,        0.8120   ,               50.0   ,                  8333   ,
2026-08-06 19:05:11 ,        1506.0   ,           1377.0   ,               90.9   ,       104.9   ,              79   ,                   0   ,           1017   ,         96   ,                       88   ,                   0   ,                    0   ,              161.6   ,                  44.0   ,              25.2   ,                11.9   ,             26.4   ,               12.0   ,             41.5   ,               11.9   ,                        34.1   ,              16   ,        0.7810   ,               43.0   ,                  8335   ,
2026-08-06 19:05:12 ,        1582.0   ,           1377.0   ,               91.0   ,       105.0   ,              79   ,                   0   ,           1017   ,         96   ,                       93   ,                   0   ,                    0   ,               93.1   ,                  43.8   ,              24.6   ,                11.9   ,             26.3   ,               12.0   ,             41.4   ,               11.9   ,                        33.8   ,               2   ,        0.8120   ,               53.0   ,                  8334   ,
2026-08-06 19:05:13 ,        1518.5   ,           1377.0   ,               90.2   ,       104.2   ,              79   ,                   0   ,           1017   ,         93   ,                       87   ,                   0   ,                    0   ,              154.5   ,                  74.1   ,              28.4   ,                11.9   ,             44.4   ,               11.9   ,             54.0   ,               11.9   ,                        46.4   ,              16   ,        0.7930   ,               51.0   ,                  8335   ,
2026-08-06 19:05:14 ,        1569.0   ,           1377.0   ,               88.9   ,       102.9   ,              79   ,                   0   ,           1017   ,         93   ,                       88   ,                   0   ,                    0   ,               91.0   ,                  42.1   ,              24.6   ,                11.9   ,             25.2   ,               12.0   ,             40.4   ,               11.9   ,                        33.1   ,              16   ,        0.8120   ,               52.0   ,                  8335   ,
2026-08-06 19:05:15 ,        1531.0   ,           1377.0   ,               90.6   ,       104.6   ,              79   ,                   0   ,           1017   ,         95   ,                       90   ,                   0   ,                    0   ,              196.3   ,                 130.6   ,              35.4   ,                11.9   ,             78.3   ,               11.9   ,             81.9   ,               11.9   ,                        71.4   ,              16   ,        0.0000   ,               49.0   ,                  8335   ,
2026-08-06 19:05:16 ,        1506.0   ,           1377.0   ,               91.1   ,       105.1   ,              79   ,                   0   ,           1017   ,         96   ,                       88   ,                   0   ,                    0   ,               89.4   ,                  40.3   ,              24.7   ,                11.9   ,             24.2   ,               11.9   ,             65.9   ,               11.9   ,                        55.1   ,              16   ,        0.7620   ,               41.0   ,                  8335   ,
2026-08-06 19:05:17 ,        1531.0   ,           1377.0   ,               90.5   ,       104.5   ,              79   ,                   0   ,           1017   ,         96   ,                       91   ,                   0   ,                    0   ,               91.8   ,                  42.4   ,              24.8   ,                11.9   ,             25.4   ,               12.0   ,             40.8   ,               11.9   ,                        33.4   ,               2   ,        0.8120   ,               54.0   ,                  8334   ,
2026-08-06 19:05:18 ,        1607.0   ,           1377.0   ,               91.3   ,       105.3   ,              79   ,                   0   ,           1017   ,         95   ,                       93   ,                   0   ,                    0   ,              275.4   ,                 197.7   ,              42.1   ,                11.8   ,            118.6   ,               11.9   ,            114.1   ,               11.9   ,                       100.2   ,               3   ,        0.8310   ,               51.0   ,                  8334   ,
2026-08-06 19:05:19 ,        1531.0   ,           1377.0   ,               90.4   ,       104.4   ,              79   ,                   0   ,           1017   ,         96   ,                       91   ,                   0   ,                    0   ,              166.8   ,                 102.1   ,              31.9   ,                11.9   ,             61.2   ,               11.9   ,             48.5   ,               11.9   ,                        40.3   ,              16   ,        0.7930   ,               53.0   ,                  8334   ,
2026-08-06 19:05:20 ,        1594.5   ,           1377.0   ,               90.9   ,       104.9   ,              79   ,                   0   ,           1017   ,         93   ,                       90   ,                   0   ,                    0   ,              257.4   ,                 181.8   ,              39.1   ,                11.8   ,            109.1   ,               11.9   ,            108.5   ,               11.9   ,                        93.6   ,               1   ,        0.8310   ,               53.0   ,                  8333   ,
2026-08-06 19:05:21 ,        1556.5   ,           1377.0   ,               91.1   ,       105.1   ,              79   ,                   0   ,           1017   ,         96   ,                       91   ,                   0   ,                    0   ,               88.0   ,                  39.5   ,              24.3   ,                11.9   ,             23.7   ,               12.0   ,             39.3   ,               11.9   ,                        32.0   ,               2   ,        0.8000   ,               54.0   ,                  8334   ,
2026-08-06 19:05:22 ,        1531.0   ,           1377.0   ,               91.3   ,       105.3   ,              79   ,                   0   ,           1017   ,         96   ,                       89   ,                   0   ,                    0   ,              101.0   ,                  50.5   ,              25.7   ,                11.9   ,             30.3   ,               12.0   ,             44.3   ,               11.9   ,                        36.7   ,               2   ,        0.7810   ,               54.0   ,                  8332   ,
2026-08-06 19:05:23 ,        1556.5   ,           1377.0   ,               90.5   ,       104.5   ,              79   ,                   0   ,           1017   ,         96   ,                       92   ,                   0   ,                    0   ,               96.0   ,                  45.3   ,              26.2   ,                11.9   ,             27.2   ,               12.0   ,             41.9   ,               11.9   ,                        34.9   ,               2   ,        0.8120   ,               53.0   ,                  8333   ,
2026-08-06 19:05:24 ,        1544.0   ,           1377.0   ,               91.5   ,       105.5   ,              79   ,                   0   ,           1017   ,         95   ,                       88   ,                   0   ,                    0   ,               88.8   ,                  40.0   ,              24.5   ,                11.9   ,             24.0   ,               12.0   ,             39.6   ,               12.0   ,                        32.3   ,               2   ,        0.8000   ,               54.0   ,                  8332   ,
2026-08-06 19:05:25 ,        1569.0   ,           1377.0   ,               91.2   ,       105.2   ,              79   ,                   0   ,           1017   ,         96   ,                       91   ,                   0   ,                    0   ,              102.0   ,                     -   ,                 -   ,                   -   ,                -   ,                  -   ,                -   ,                  -   ,                        37.1   ,               2   ,        0.7930   ,               52.0   ,                  8333   ,
2026-08-06 19:05:26 ,        1594.5   ,           1377.0   ,               91.1   ,       105.1   ,              79   ,                   0   ,           1017   ,         96   ,                       93   ,                   0   ,                    0   ,              101.8   ,                  51.4   ,              25.4   ,                11.9   ,             30.9   ,               11.9   ,             44.9   ,               11.9   ,                        37.0   ,               2   ,        0.7930   ,               55.0   ,                  8328   ,
2026-08-06 19:05:27 ,        1569.0   ,           1377.0   ,               90.8   ,       104.8   ,              79   ,                   0   ,           1017   ,         83   ,                       79   ,                   0   ,                    0   ,               89.8   ,                  41.1   ,              24.5   ,                11.9   ,             24.7   ,               12.0   ,             40.0   ,               11.9   ,                        32.7   ,               2   ,        0.8120   ,               54.0   ,                  8333   ,
2026-08-06 19:05:28 ,        1544.0   ,           1377.0   ,               90.2   ,       104.2   ,              79   ,                   0   ,           1017   ,         77   ,                       73   ,                   0   ,                    0   ,              125.3   ,                  86.4   ,              29.7   ,                11.9   ,             51.8   ,               11.9   ,             61.1   ,               11.9   ,                        52.1   ,              16   ,        0.8000   ,               53.0   ,                  8335   ,
2026-08-06 19:05:29 ,        1468.0   ,           1377.0   ,               91.0   ,       105.0   ,              79   ,                   0   ,           1017   ,         85   ,                       75   ,                   0   ,                    0   ,               89.4   ,                  40.0   ,              24.8   ,                11.9   ,             24.0   ,               12.0   ,             39.8   ,               11.9   ,                        32.5   ,              16   ,        0.7750   ,               53.0   ,                  8338   ,
2026-08-06 19:05:30 ,        1594.5   ,           1377.0   ,               90.6   ,       104.6   ,              79   ,                   0   ,           1017   ,         71   ,                       65   ,                   0   ,                    0   ,              170.3   ,                 107.8   ,              31.6   ,                11.9   ,             64.7   ,               11.9   ,             73.3   ,               11.9   ,                        61.9   ,              16   ,        0.8310   ,               54.0   ,                  8335   ,
2026-08-06 19:05:31 ,        1506.0   ,           1377.0   ,               89.4   ,       103.4   ,              79   ,                   0   ,           1017   ,         85   ,                       80   ,                   0   ,                    0   ,              194.4   ,                 124.2   ,              35.2   ,                11.9   ,             74.5   ,               11.9   ,             84.0   ,               11.9   ,                        32.6   ,              16   ,        0.8120   ,               53.0   ,                  8335   ,
2026-08-06 19:05:32 ,        1582.0   ,           1377.0   ,               90.5   ,       104.5   ,              79   ,                   0   ,           1017   ,         95   ,                       90   ,                   0   ,                    0   ,               89.5   ,                  41.0   ,              24.3   ,                11.9   ,             24.6   ,               12.0   ,             40.0   ,               11.9   ,                        43.5   ,              16   ,        0.8310   ,               53.0   ,                  8335   ,
2026-08-06 19:05:33 ,        1531.0   ,           1377.0   ,               90.7   ,       104.7   ,              79   ,                   0   ,           1017   ,         96   ,                       91   ,                   0   ,                    0   ,               90.6   ,                  41.4   ,              24.8   ,                11.9   ,             24.9   ,               12.0   ,             40.2   ,               11.9   ,                        32.9   ,              16   ,        0.7930   ,               48.0   ,                  8335   ,
2026-08-06 19:05:34 ,        1569.0   ,           1377.0   ,               91.2   ,       105.2   ,              79   ,                   0   ,           1017   ,         96   ,                       92   ,                   0   ,                    0   ,               87.8   ,                  38.3   ,              25.5   ,                11.9   ,             23.0   ,               12.0   ,             38.7   ,               11.9   ,                        31.9   ,               2   ,        0.7750   ,               53.0   ,                  8334   ,
2026-08-06 19:05:35 ,        1544.0   ,           1377.0   ,               90.5   ,       104.5   ,              79   ,                   0   ,           1017   ,         96   ,                       92   ,                   0   ,                    0   ,               86.7   ,                  38.3   ,              24.4   ,                11.9   ,             23.0   ,               12.0   ,             38.7   ,               11.9   ,                        60.1   ,              16   ,        0.8000   ,               53.0   ,                  8323   ,
2026-08-06 19:05:36 ,        1569.0   ,           1377.0   ,               84.3   ,        98.3   ,              79   ,                   0   ,           1003   ,          0   ,                        1   ,                   0   ,                    0   ,               80.8   ,                  33.3   ,              23.9   ,                11.9   ,             20.0   ,               12.0   ,             36.3   ,               11.9   ,                        29.4   ,               2   ,        0.8120   ,               40.0   ,                  8324   ,
2026-08-06 19:05:37 ,        1569.0   ,           1377.0   ,               83.0   ,        97.0   ,              79   ,                   0   ,           1003   ,          0   ,                        0   ,                   0   ,                    0   ,               80.3   ,                  32.8   ,              23.8   ,                11.9   ,             19.7   ,               12.0   ,             36.2   ,               11.9   ,                        29.2   ,              16   ,        0.8120   ,               37.0   ,                  8332   ,
2026-08-06 19:05:38 ,        1569.0   ,           1377.0   ,               82.1   ,        96.1   ,              79   ,                   0   ,           1003   ,          0   ,                        0   ,                   0   ,                    0   ,               80.1   ,                  32.5   ,              23.8   ,                11.9   ,             19.5   ,               12.0   ,             36.0   ,               11.9   ,                        29.1   ,              16   ,        0.8120   ,               38.0   ,                  8331   ,
2026-08-06 19:05:39 ,        1290.5   ,           1251.5   ,               80.7   ,        94.7   ,              79   ,                   0   ,           1003   ,          0   ,                        1   ,                   0   ,                    0   ,               69.3   ,                  23.3   ,              23.8   ,                11.9   ,             14.0   ,               12.0   ,             30.8   ,               11.9   ,                        25.2   ,              16   ,        0.6930   ,               37.0   ,                  8330   ,
2026-08-06 19:05:40 ,        1290.5   ,           1251.5   ,               80.0   ,        94.0   ,              79   ,                   0   ,           1003   ,          0   ,                        1   ,                   0   ,                    0   ,               67.7   ,                  23.1   ,              22.4   ,                11.9   ,             13.9   ,               12.0   ,             30.8   ,               11.9   ,                        24.6   ,              16   ,        0.6930   ,               37.0   ,                  8331   ,
2026-08-06 19:05:41 ,        1290.5   ,           1251.5   ,               79.7   ,        93.7   ,              79   ,                   0   ,            999   ,          0   ,                        2   ,                   0   ,                    0   ,               39.2   ,                  17.1   ,              11.0   ,                11.9   ,             10.2   ,               12.0   ,             17.3   ,               12.0   ,                        14.3   ,              16   ,        0.6500   ,               36.0   ,                  8327   ,
2026-08-06 19:05:42 ,         746.5   ,            202.5   ,               77.8   ,        91.8   ,              78   ,                   0   ,            999   ,          0   ,                        4   ,                   0   ,                    0   ,               28.1   ,                  13.7   ,               6.9   ,                11.9   ,              8.2   ,               12.0   ,             12.3   ,               12.0   ,                        10.2   ,              16   ,        0.6500   ,               36.0   ,                  8323   ,
2026-08-06 19:05:43 ,         746.5   ,            202.5   ,               77.4   ,        91.4   ,              77   ,                   0   ,            999   ,          0   ,                        4   ,                   0   ,                    0   ,               27.4   ,                  13.4   ,               6.7   ,                11.9   ,              8.0   ,               12.0   ,             12.0   ,               12.0   ,                         9.9   ,              16   ,        0.6500   ,               37.0   ,                  8321   ,
2026-08-06 19:05:44 ,         164.5   ,            101.3   ,               76.8   ,        90.8   ,              76   ,                   0   ,            999   ,          0   ,                        7   ,                   0   ,                    0   ,               23.4   ,                   6.9   ,               6.0   ,                11.9   ,              4.1   ,               12.0   ,             12.6   ,               12.0   ,                         8.5   ,              16   ,        0.6500   ,               37.0   ,                  8318   ,
2026-08-06 19:05:45 ,         164.5   ,            101.3   ,               76.2   ,        90.2   ,              75   ,                   0   ,            999   ,          0   ,                        7   ,                   0   ,                    0   ,               23.2   ,                   6.9   ,               5.9   ,                11.9   ,              4.1   ,               12.0   ,             12.5   ,               12.0   ,                         8.5   ,              16   ,        0.6500   ,               37.0   ,                  8319   ,
2026-08-06 19:05:46 ,         164.5   ,            101.3   ,               75.7   ,        89.7   ,              74   ,                   0   ,            999   ,          0   ,                        7   ,                   0   ,                    0   ,               23.0   ,                   6.5   ,               5.9   ,                11.9   ,              3.9   ,               12.0   ,             12.4   ,               12.0   ,                         8.3   ,              16   ,        0.6500   ,               37.0   ,                  8318   ,
2026-08-06 19:05:47 ,         139.0   ,            101.3   ,               75.3   ,        89.3   ,              73   ,                   0   ,            999   ,          0   ,                        8   ,                   0   ,                    0   ,               23.0   ,                   6.5   ,               5.9   ,                11.9   ,              3.9   ,               12.0   ,             12.4   ,               12.0   ,                         8.3   ,              16   ,        0.6500   ,               37.0   ,                  8318   ,
2026-08-06 19:05:48 ,         139.0   ,            101.3   ,               75.0   ,        89.0   ,              72   ,                   0   ,            994   ,          0   ,                        7   ,                   0   ,                    0   ,               23.1   ,                   6.5   ,               6.0   ,                11.9   ,              3.9   ,               12.0   ,             12.4   ,               12.0   ,                         8.4   ,              16   ,        0.6500   ,               37.0   ,                  8318   ,
2026-08-06 19:05:49 ,         139.0   ,            101.3   ,               74.6   ,        88.6   ,              71   ,                   0   ,            994   ,          0   ,                        7   ,                   0   ,                    0   ,               23.9   ,                   7.8   ,               6.2   ,                11.9   ,              4.7   ,               12.0   ,             12.3   ,               12.0   ,                         8.7   ,              16   ,        0.6500   ,               37.0   ,                  8317   ,
2026-08-06 19:05:50 ,         139.0   ,            101.3   ,               74.3   ,        88.3   ,              71   ,                   0   ,            994   ,          0   ,                        7   ,                   0   ,                    0   ,               24.0   ,                   6.4   ,               7.3   ,                11.9   ,              3.8   ,               12.0   ,             12.2   ,               12.0   ,                         8.7   ,              16   ,        0.6500   ,               37.0   ,                  8318   ,
2026-08-06 19:05:51 ,         139.0   ,            101.3   ,               73.7   ,        87.7   ,              70   ,                   0   ,            994   ,          0   ,                        7   ,                   0   ,                    0   ,               22.7   ,                   6.7   ,               5.9   ,                11.9   ,              4.0   ,               12.0   ,             12.1   ,               12.0   ,                         8.2   ,              16   ,        0.6500   ,               37.0   ,                  8316   ,
2026-08-06 19:05:52 ,         139.0   ,            101.3   ,               73.5   ,        87.5   ,              69   ,                   0   ,            994   ,          0   ,                        7   ,                   0   ,                    0   ,               22.8   ,                   6.7   ,               5.9   ,                11.9   ,              4.0   ,               12.0   ,             12.2   ,               12.0   ,                         8.3   ,              16   ,        0.6500   ,               37.0   ,                  8318   ,
2026-08-06 19:05:53 ,         139.0   ,            101.3   ,               73.2   ,        87.2   ,              68   ,                   0   ,            994   ,          0   ,                        7   ,                   0   ,                    0   ,               22.6   ,                   6.7   ,               5.9   ,                11.9   ,              4.0   ,               12.0   ,             12.0   ,               12.0   ,                         8.2   ,              16   ,        0.6500   ,               37.0   ,                  8318   ,
2026-08-06 19:05:54 ,         139.0   ,            101.3   ,               72.7   ,        86.7   ,              68   ,                   0   ,            994   ,          0   ,                        7   ,                   0   ,                    0   ,               22.7   ,                   6.7   ,               6.0   ,                11.9   ,              4.0   ,               12.0   ,             12.0   ,               12.0   ,                         8.2   ,              16   ,        0.6500   ,               37.0   ,                  8317   ,
2026-08-06 19:05:55 ,         139.0   ,            101.3   ,               72.4   ,        86.4   ,              67   ,                   0   ,            994   ,          0   ,                        7   ,                   0   ,                    0   ,               23.7   ,                   6.4   ,               7.3   ,                11.9   ,              3.8   ,               12.0   ,             12.0   ,               12.0   ,                         8.6   ,              16   ,        0.6500   ,               37.0   ,                  8318   ,
2026-08-06 19:05:56 ,         139.0   ,            101.3   ,               72.0   ,        86.0   ,              67   ,                   0   ,            994   ,          0   ,                        7   ,                   0   ,                    0   ,               22.3   ,                   6.4   ,               5.9   ,                11.9   ,              3.8   ,               12.0   ,             11.9   ,               12.0   ,                         8.1   ,              16   ,        0.6500   ,               37.0   ,                  8316   ,
2026-08-06 19:05:57 ,         139.0   ,            101.3   ,               71.8   ,        85.8   ,              66   ,                   0   ,            994   ,          0   ,                        7   ,                   0   ,                    0   ,               22.2   ,                   6.4   ,               5.8   ,                11.9   ,              3.8   ,               12.0   ,             11.9   ,               12.0   ,                         8.1   ,              16   ,        0.6500   ,               37.0   ,                  8316   ,
2026-08-06 19:05:58 ,         139.0   ,            101.3   ,               71.4   ,        85.4   ,              65   ,                   0   ,            994   ,          0   ,                        7   ,                   0   ,                    0   ,               23.4   ,                   7.7   ,               6.2   ,                11.9   ,              4.6   ,               12.0   ,             11.9   ,               12.0   ,                         8.5   ,              16   ,        0.6500   ,               37.0   ,                  8316   ,
2026-08-06 19:05:59 ,         139.0   ,            101.3   ,               71.2   ,        85.2   ,              65   ,                   0   ,            994   ,          0   ,                        7   ,                   0   ,                    0   ,               22.2   ,                   6.5   ,               5.8   ,                11.9   ,              3.9   ,               12.0   ,             11.8   ,               12.0   ,                         8.1   ,              16   ,        0.6500   ,               37.0   ,                  8316   ,
2026-08-06 19:06:00 ,         139.0   ,            101.3   ,               70.9   ,        84.9   ,              64   ,                   0   ,            994   ,          0   ,                        7   ,                   0   ,                    0   ,               22.2   ,                   6.4   ,               5.9   ,                11.9   ,              3.8   ,               12.0   ,             11.8   ,               12.0   ,                         8.1   ,              16   ,        0.6500   ,               38.0   ,                  8316   ,
2026-08-06 19:06:01 ,         139.0   ,            101.3   ,               70.5   ,        84.5   ,              64   ,                   0   ,            994   ,          0   ,                        7   ,                   0   ,                    0   ,               21.9   ,                   6.2   ,               5.8   ,                11.9   ,              3.7   ,               12.0   ,             11.7   ,               12.0   ,                         8.0   ,              16   ,        0.6500   ,               37.0   ,                  8314   ,
2026-08-06 19:06:02 ,         139.0   ,            101.3   ,               70.1   ,        84.1   ,              63   ,                   0   ,            985   ,          0   ,                        7   ,                   0   ,                    0   ,               21.9   ,                   6.2   ,               5.9   ,                11.9   ,              3.7   ,               12.0   ,             11.6   ,               12.0   ,                         8.0   ,              16   ,        0.6500   ,               39.0   ,                  8345   ,
2026-08-06 19:06:03 ,         139.0   ,            101.3   ,               69.9   ,        83.9   ,              63   ,                   0   ,            984   ,          1   ,                        7   ,                   0   ,                    0   ,               22.0   ,                   6.5   ,               5.8   ,                11.9   ,              3.9   ,               12.0   ,             11.6   ,               12.0   ,                         8.0   ,              16   ,        0.6500   ,               37.0   ,                  8347   ,
2026-08-06 19:06:04 ,         139.0   ,            101.3   ,               69.5   ,        83.5   ,              62   ,                   0   ,            984   ,          1   ,                        7   ,                   0   ,                    0   ,               22.1   ,                   6.5   ,               5.9   ,                11.9   ,              3.9   ,               12.0   ,             11.6   ,               12.0   ,                         8.0   ,              16   ,        0.6500   ,               38.0   ,                  8347   ,
2026-08-06 19:06:05 ,         139.0   ,            101.3   ,               69.3   ,        83.3   ,              62   ,                   0   ,            984   ,          1   ,                        7   ,                   0   ,                    0   ,               21.7   ,                   6.1   ,               5.8   ,                11.9   ,              3.6   ,               12.0   ,             11.6   ,               12.0   ,                         7.9   ,              16   ,        0.6500   ,               37.0   ,                  8345   ,
2026-08-06 19:06:06 ,         139.0   ,            101.3   ,               68.9   ,        82.9   ,              61   ,                   0   ,            984   ,          1   ,                        7   ,                   0   ,                    0   ,               21.6   ,                   6.2   ,               5.8   ,                11.9   ,              3.7   ,               12.0   ,             11.4   ,               12.0   ,                         7.9   ,              16   ,        0.6500   ,               37.0   ,                  8345   ,
2026-08-06 19:06:07 ,         139.0   ,            101.3   ,               68.7   ,        82.7   ,              61   ,                   0   ,            984   ,          1   ,                        7   ,                   0   ,                    0   ,               21.6   ,                   6.2   ,               5.8   ,                11.9   ,              3.7   ,               12.0   ,             11.4   ,               12.0   ,                         7.9   ,              16   ,        0.6500   ,               37.0   ,                  8344   ,
2026-08-06 19:06:08 ,         139.0   ,            101.3   ,               68.3   ,        82.3   ,              60   ,                   0   ,            984   ,          1   ,                        7   ,                   0   ,                    0   ,               22.0   ,                   6.7   ,               5.9   ,                11.9   ,              4.0   ,               12.0   ,             11.4   ,               12.0   ,                         8.0   ,              16   ,        0.6500   ,               37.0   ,                  8345   ,
2026-08-06 19:06:09 ,         139.0   ,            101.3   ,               68.1   ,        82.1   ,              60   ,                   0   ,            984   ,          0   ,                        7   ,                   0   ,                    0   ,               21.5   ,                   6.2   ,               5.8   ,                11.9   ,              3.7   ,               12.0   ,             11.3   ,               12.0   ,                         7.8   ,              16   ,        0.6500   ,               38.0   ,                  8342   ,
2026-08-06 19:06:10 ,         139.0   ,            101.3   ,               67.8   ,        81.8   ,              59   ,                   0   ,            984   ,          0   ,                        7   ,                   0   ,                    0   ,               21.5   ,                   6.2   ,               5.8   ,                11.9   ,              3.7   ,               12.0   ,             11.3   ,               12.0   ,                         7.8   ,              16   ,        0.6500   ,               37.0   ,                  8343   ,
2026-08-06 19:06:11 ,         139.0   ,            101.3   ,               67.4   ,        81.4   ,              59   ,                   0   ,            984   ,          0   ,                        7   ,                   0   ,                    0   ,               22.9   ,                   6.2   ,               7.2   ,                11.9   ,              3.7   ,               12.0   ,             11.3   ,               12.0   ,                         8.3   ,              16   ,        0.6500   ,               37.0   ,                  8344   ,
2026-08-06 19:06:12 ,         139.0   ,            101.3   ,               67.3   ,        81.3   ,              58   ,                   0   ,            984   ,          0   ,                        7   ,                   0   ,                    0   ,               21.8   ,                   6.7   ,               5.8   ,                11.9   ,              4.0   ,               12.0   ,             11.3   ,               12.0   ,                         7.9   ,              16   ,        0.6500   ,               37.0   ,                  8344   ,
2026-08-06 19:06:13 ,         139.0   ,            101.3   ,               67.0   ,        81.0   ,              58   ,                   0   ,            984   ,          0   ,                        7   ,                   0   ,                    0   ,               22.2   ,                   6.9   ,               6.1   ,                11.9   ,              4.1   ,               12.0   ,             11.3   ,               12.0   ,                         8.1   ,              16   ,        0.6500   ,               37.0   ,                  8343   ,
2026-08-06 19:06:14 ,         139.0   ,            101.3   ,               66.7   ,        80.7   ,              57   ,                   0   ,            984   ,          0   ,                        7   ,                   0   ,                    0   ,               22.9   ,                   7.7   ,               6.2   ,                11.9   ,              4.6   ,               12.0   ,             11.4   ,               12.0   ,                         8.3   ,              16   ,        0.6500   ,               37.0   ,                  8345   ,
2026-08-06 19:06:15 ,         139.0   ,            101.3   ,               66.4   ,        80.4   ,              57   ,                   0   ,            984   ,          0   ,                        7   ,                   0   ,                    0   ,               22.5   ,                   7.5   ,               6.1   ,                11.9   ,              4.5   ,               12.0   ,             11.2   ,               12.0   ,                         8.2   ,              16   ,        0.6500   ,               37.0   ,                  8342   ,
2026-08-06 19:06:16 ,         139.0   ,            101.3   ,               66.1   ,        80.1   ,              56   ,                   0   ,            984   ,          0   ,                        7   ,                   0   ,                    0   ,               22.7   ,                   7.7   ,               6.1   ,                11.9   ,              4.6   ,               12.0   ,             11.3   ,               12.0   ,                         8.2   ,              16   ,        0.6500   ,               39.0   ,                  8345   ,
2026-08-06 19:06:17 ,         139.0   ,            101.3   ,               65.9   ,        79.9   ,              56   ,                   0   ,            984   ,          0   ,                        8   ,                   0   ,                    0   ,               23.8   ,                   8.5   ,               6.6   ,                11.9   ,              5.1   ,               12.0   ,             11.5   ,               12.0   ,                         8.7   ,              16   ,        0.6500   ,               37.0   ,                  8344   ,
2026-08-06 19:06:18 ,         139.0   ,            101.3   ,               65.7   ,        79.7   ,              55   ,                   0   ,            983   ,          0   ,                        7   ,                   0   ,                    0   ,               24.8   ,                   9.6   ,               6.8   ,                11.9   ,              5.7   ,               12.0   ,             11.6   ,               12.0   ,                         9.0   ,              16   ,        0.6500   ,               37.0   ,                  8343   ,
2026-08-06 19:06:19 ,         139.0   ,            101.3   ,               65.5   ,        79.5   ,              55   ,                   0   ,            983   ,          0   ,                        7   ,                   0   ,                    0   ,               25.8   ,                  10.5   ,               7.2   ,                11.9   ,              6.3   ,               12.0   ,             11.7   ,               12.0   ,                         9.4   ,              16   ,        0.6500   ,               37.0   ,                  8344   ,
2026-08-06 19:06:20 ,         139.0   ,            101.3   ,               65.2   ,        79.2   ,              54   ,                   0   ,            983   ,          0   ,                        7   ,                   0   ,                    0   ,               21.5   ,                   6.7   ,               5.8   ,                11.9   ,              4.0   ,               12.0   ,             11.0   ,               12.0   ,                         7.8   ,              16   ,        0.6500   ,               37.0   ,                  8344   ,
2026-08-06 19:06:21 ,         139.0   ,            101.3   ,               65.0   ,        79.0   ,              54   ,                   0   ,            983   ,          0   ,                        7   ,                   0   ,                    0   ,               20.8   ,                   5.7   ,               5.7   ,                11.9   ,              3.4   ,               12.0   ,             10.9   ,               12.0   ,                         7.6   ,              16   ,        0.6500   ,               37.0   ,                  8345   ,
2026-08-06 19:06:22 ,         139.0   ,            101.3   ,               64.7   ,        78.7   ,              54   ,                   0   ,            983   ,          0   ,                        7   ,                   0   ,                    0   ,               20.7   ,                   5.7   ,               5.6   ,                11.9   ,              3.4   ,               12.0   ,             10.9   ,               12.0   ,                         7.5   ,              16   ,        0.6500   ,               37.0   ,                  8345   ,
2026-08-06 19:06:23 ,         139.0   ,            101.3   ,               64.4   ,        78.4   ,              53   ,                   0   ,            983   ,          0   ,                        7   ,                   0   ,                    0   ,               21.0   ,                   5.9   ,               5.8   ,                11.9   ,              3.5   ,               12.0   ,             10.9   ,               12.0   ,                         7.6   ,              16   ,        0.6500   ,               37.0   ,                  8344   ,
2026-08-06 19:06:24 ,         139.0   ,            101.3   ,               64.2   ,        78.2   ,              53   ,                   0   ,            983   ,          0   ,                        7   ,                   0   ,                    0   ,               21.1   ,                   6.2   ,               5.8   ,                11.9   ,              3.7   ,               12.0   ,             10.8   ,               12.0   ,                         7.7   ,              16   ,        0.6500   ,               37.0   ,                  8345   ,
2026-08-06 19:06:25 ,         139.0   ,            101.3   ,               64.0   ,        78.0   ,              52   ,                   0   ,            983   ,          0   ,                        7   ,                   0   ,                    0   ,               21.0   ,                   6.1   ,               5.8   ,                11.9   ,              3.6   ,               12.0   ,             10.8   ,               12.0   ,                         7.6   ,              16   ,        0.6500   ,               37.0   ,                  8345   ,
2026-08-06 19:06:26 ,         139.0   ,            101.3   ,               63.7   ,        77.7   ,              52   ,                   0   ,            983   ,          0   ,                        7   ,                   0   ,                    0   ,               20.7   ,                   5.7   ,               5.7   ,                11.9   ,              3.4   ,               12.0   ,             10.8   ,               12.0   ,                         7.5   ,              16   ,        0.6500   ,               37.0   ,                  8344   ,
2026-08-06 19:06:27 ,         139.0   ,            101.3   ,               63.4   ,        77.4   ,              52   ,                   0   ,            983   ,          0   ,                        7   ,                   0   ,                    0   ,               21.8   ,                   5.4   ,               7.1   ,                11.9   ,              3.3   ,               12.0   ,             10.8   ,               12.0   ,                         7.9   ,              16   ,        0.6500   ,               37.0   ,                  8345   ,
2026-08-06 19:06:28 ,         139.0   ,            101.3   ,               63.3   ,        77.3   ,              51   ,                   0   ,            983   ,          0   ,                        7   ,                   0   ,                    0   ,               20.8   ,                   5.9   ,               5.8   ,                11.9   ,              3.5   ,               12.0   ,             10.7   ,               12.0   ,                         7.6   ,              16   ,        0.6500   ,               37.0   ,                  8344   ,
2026-08-06 19:06:29 ,         139.0   ,            101.3   ,               63.1   ,        77.1   ,              51   ,                   0   ,            983   ,          0   ,                        7   ,                   0   ,                    0   ,               20.7   ,                   5.7   ,               5.8   ,                11.9   ,              3.4   ,               12.0   ,             10.7   ,               12.0   ,                         7.5   ,              16   ,        0.6500   ,               37.0   ,                  8344   ,
2026-08-06 19:06:30 ,         139.0   ,            101.3   ,               62.8   ,        76.8   ,              50   ,                   0   ,            983   ,          0   ,                        7   ,                   0   ,                    0   ,               20.3   ,                   5.4   ,               5.7   ,                11.9   ,              3.3   ,               12.0   ,             10.6   ,               12.0   ,                         7.4   ,              16   ,        0.6500   ,               37.0   ,                  8344   ,
2026-08-06 19:06:31 ,         139.0   ,            101.3   ,               62.5   ,        76.5   ,              50   ,                   0   ,            983   ,          0   ,                        7   ,                   0   ,                    0   ,               20.4   ,                   5.7   ,               5.6   ,                11.9   ,              3.4   ,               12.0   ,             10.6   ,               12.0   ,                         7.4   ,              16   ,        0.6500   ,               37.0   ,                  8345   ,
2026-08-06 19:06:32 ,         139.0   ,            101.3   ,               62.3   ,        76.3   ,              50   ,                   0   ,            983   ,          0   ,                        8   ,                   0   ,                    0   ,               21.9   ,                   5.7   ,               7.2   ,                11.9   ,              3.4   ,               12.0   ,             10.6   ,               12.0   ,                         8.0   ,              16   ,        0.6500   ,               37.0   ,                  8344   ,
2026-08-06 19:06:33 ,         139.0   ,            101.3   ,               62.2   ,        76.2   ,              49   ,                   0   ,            982   ,          0   ,                        7   ,                   0   ,                    0   ,               20.7   ,                   5.9   ,               5.7   ,                11.9   ,              3.5   ,               12.0   ,             10.7   ,               12.0   ,                         7.5   ,              16   ,        0.6500   ,               37.0   ,                  8345   ,
2026-08-06 19:06:34 ,         139.0   ,            101.3   ,               61.9   ,        75.9   ,              49   ,                   0   ,            982   ,          0   ,                        7   ,                   0   ,                    0   ,               20.5   ,                   5.9   ,               5.7   ,                11.9   ,              3.5   ,               12.0   ,             10.5   ,               12.0   ,                         7.4   ,              16   ,        0.6500   ,               37.0   ,                  8344   ,
2026-08-06 19:06:35 ,         139.0   ,            101.3   ,               61.7   ,        75.7   ,              48   ,                   0   ,            982   ,          0   ,                        7   ,                   0   ,                    0   ,               20.2   ,                   5.6   ,               5.6   ,                11.9   ,              3.4   ,               12.0   ,             10.5   ,               12.0   ,                         7.3   ,              16   ,        0.6500   ,               37.0   ,                  8339   ,
2026-08-06 19:06:36 ,         139.0   ,            101.3   ,               61.5   ,        75.5   ,              48   ,                   0   ,            982   ,          0   ,                        7   ,                   0   ,                    0   ,               20.1   ,                   5.4   ,               5.6   ,                11.9   ,              3.3   ,               12.0   ,             10.5   ,               12.0   ,                         7.3   ,              16   ,        0.6500   ,               37.0   ,                  8344   ,
2026-08-06 19:06:37 ,         139.0   ,            101.3   ,               61.3   ,        75.3   ,              48   ,                   0   ,            982   ,          0   ,                        7   ,                   0   ,                    0   ,               20.2   ,                   5.6   ,               5.6   ,                11.9   ,              3.3   ,               12.0   ,             10.5   ,               12.0   ,                         7.3   ,              16   ,        0.6500   ,               37.0   ,                  8343   ,
2026-08-06 19:06:38 ,         139.0   ,            101.3   ,               61.0   ,        75.0   ,              47   ,                   0   ,            982   ,          0   ,                        7   ,                   0   ,                    0   ,               20.1   ,                   5.6   ,               5.6   ,                11.9   ,              3.3   ,               12.0   ,             10.4   ,               12.0   ,                         7.3   ,              16   ,        0.6500   ,               37.0   ,                  8330   ,
2026-08-06 19:06:39 ,         139.0   ,            101.3   ,               60.8   ,        74.8   ,              47   ,                   0   ,            982   ,          0   ,                        7   ,                   0   ,                    0   ,               20.5   ,                   5.7   ,               5.8   ,                11.9   ,              3.4   ,               12.0   ,             10.5   ,               12.0   ,                         7.4   ,              16   ,        0.6500   ,               37.0   ,                  8331   ,
2026-08-06 19:06:40 ,         139.0   ,            101.3   ,               60.5   ,        74.5   ,              46   ,                   0   ,            982   ,          0   ,                        7   ,                   0   ,                    0   ,               20.0   ,                   5.4   ,               5.6   ,                11.9   ,              3.3   ,               12.0   ,             10.4   ,               12.0   ,                         7.3   ,              16   ,        0.6500   ,               37.0   ,                  8331   ,
2026-08-06 19:06:41 ,         139.0   ,            101.3   ,               60.3   ,        74.3   ,              46   ,                   0   ,            982   ,          0   ,                        7   ,                   0   ,                    0   ,               19.8   ,                   5.4   ,               5.5   ,                11.9   ,              3.3   ,               12.0   ,             10.3   ,               12.0   ,                         7.2   ,              16   ,        0.6500   ,               37.0   ,                  8332   ,
2026-08-06 19:06:42 ,         139.0   ,            101.3   ,               60.2   ,        74.2   ,              46   ,                   0   ,            982   ,          0   ,                        7   ,                   0   ,                    0   ,               20.5   ,                   5.9   ,               5.8   ,                11.9   ,              3.5   ,               12.0   ,             10.4   ,               12.0   ,                         7.4   ,              16   ,        0.6500   ,               37.0   ,                  8329   ,
2026-08-06 19:06:43 ,         139.0   ,            101.3   ,               60.0   ,        74.0   ,              45   ,                   0   ,            982   ,          0   ,                        7   ,                   0   ,                    0   ,               21.2   ,                   5.4   ,               7.0   ,                11.9   ,              3.3   ,               12.0   ,             10.3   ,               12.0   ,                         7.7   ,              16   ,        0.6500   ,               37.0   ,                  8330   ,
2026-08-06 19:06:44 ,         139.0   ,            101.3   ,               59.8   ,        73.8   ,              45   ,                   0   ,            982   ,          0   ,                        7   ,                   0   ,                    0   ,               19.9   ,                   5.4   ,               5.6   ,                11.9   ,              3.3   ,               12.0   ,             10.3   ,               12.0   ,                         7.2   ,              16   ,        0.6500   ,               37.0   ,                  8330   ,
2026-08-06 19:06:45 ,         139.0   ,            101.3   ,               59.7   ,        73.7   ,              45   ,                   0   ,            982   ,          0   ,                        7   ,                   0   ,                    0   ,               20.1   ,                   5.6   ,               5.7   ,                11.9   ,              3.4   ,               12.0   ,             10.3   ,               12.0   ,                         7.3   ,              16   ,        0.6500   ,               37.0   ,                  8330   ,
2026-08-06 19:06:46 ,         139.0   ,            101.3   ,               59.4   ,        73.4   ,              44   ,                   0   ,            982   ,          0   ,                        7   ,                   0   ,                    0   ,               19.8   ,                   5.4   ,               5.5   ,                11.9   ,              3.3   ,               12.0   ,             10.3   ,               12.0   ,                         7.2   ,              16   ,        0.6500   ,               38.0   ,                  8329   ,
2026-08-06 19:06:47 ,         139.0   ,            101.3   ,               59.2   ,        73.2   ,              44   ,                   0   ,            981   ,          0   ,                        7   ,                   0   ,                    0   ,               19.7   ,                   5.3   ,               5.6   ,                11.9   ,              3.2   ,               12.0   ,             10.2   ,               12.0   ,                         7.2   ,              16   ,        0.6500   ,               37.0   ,                  8329   ,
2026-08-06 19:06:48 ,         139.0   ,            101.3   ,               59.1   ,        73.1   ,              44   ,                   0   ,            981   ,          0   ,                        7   ,                   0   ,                    0   ,               21.1   ,                   5.3   ,               7.0   ,                11.9   ,              3.2   ,               12.0   ,             10.2   ,               12.0   ,                         7.7   ,              16   ,        0.6500   ,               37.0   ,                  8329   ,
2026-08-06 19:06:49 ,         139.0   ,            101.3   ,               58.9   ,        72.9   ,              43   ,                   0   ,            981   ,          0   ,                        7   ,                   0   ,                    0   ,               20.1   ,                   5.7   ,               5.7   ,                11.9   ,              3.4   ,               12.0   ,             10.2   ,               12.0   ,                         7.3   ,              16   ,        0.6500   ,               37.0   ,                  8328   ,
2026-08-06 19:06:50 ,         139.0   ,            101.3   ,               58.7   ,        72.7   ,              43   ,                   0   ,            981   ,          0   ,                        7   ,                   0   ,                    0   ,               20.2   ,                   5.7   ,               5.7   ,                11.9   ,              3.4   ,               12.0   ,             10.3   ,               12.0   ,                         7.3   ,              16   ,        0.6500   ,               37.0   ,                  8327   ,
2026-08-06 19:06:51 ,         139.0   ,            101.3   ,               58.4   ,        72.4   ,              43   ,                   0   ,            981   ,          0   ,                        7   ,                   0   ,                    0   ,               19.8   ,                   5.6   ,               5.5   ,                11.9   ,              3.4   ,               12.0   ,             10.2   ,               12.0   ,                         7.2   ,              16   ,        0.6500   ,               37.0   ,                  8328   ,
2026-08-06 19:06:52 ,         139.0   ,            101.3   ,               58.2   ,        72.2   ,              42   ,                   0   ,            981   ,          0   ,                        7   ,                   0   ,                    0   ,               20.1   ,                   5.7   ,               5.7   ,                11.9   ,              3.4   ,               12.0   ,             10.2   ,               12.0   ,                         7.3   ,              16   ,        0.6500   ,               37.0   ,                  8328   ,
2026-08-06 19:06:53 ,         139.0   ,            101.3   ,               58.2   ,        72.2   ,              42   ,                   0   ,            981   ,          0   ,                        7   ,                   0   ,                    0   ,               19.9   ,                   5.6   ,               5.6   ,                11.9   ,              3.3   ,               12.0   ,             10.2   ,               12.0   ,                         7.2   ,              16   ,        0.6500   ,               37.0   ,                  8326   ,
2026-08-06 19:06:54 ,         139.0   ,            101.3   ,               57.8   ,        71.8   ,              42   ,                   0   ,            981   ,          0   ,                        7   ,                   0   ,                    0   ,               20.0   ,                   5.7   ,               5.6   ,                11.9   ,              3.4   ,               12.0   ,             10.2   ,               12.0   ,                         7.3   ,              16   ,        0.6500   ,               37.0   ,                  8329   ,
2026-08-06 19:06:55 ,         139.0   ,            101.3   ,               57.8   ,        71.7   ,              41   ,                   0   ,            989   ,          1   ,                        7   ,                   0   ,                    0   ,               20.0   ,                   5.7   ,               5.6   ,                11.9   ,              3.4   ,               12.0   ,             10.2   ,               12.0   ,                         7.3   ,              16   ,        0.6500   ,               37.0   ,                  8327   ,
2026-08-06 19:06:56 ,         139.0   ,            101.3   ,               57.5   ,        71.5   ,              41   ,                   0   ,            988   ,          1   ,                        8   ,                   0   ,                    0   ,               19.9   ,                   5.7   ,               5.6   ,                11.9   ,              3.4   ,               12.0   ,             10.1   ,               12.0   ,                         7.2   ,              16   ,        0.6500   ,               37.0   ,                  8328   ,
2026-08-06 19:06:57 ,         139.0   ,            101.3   ,               57.3   ,        71.3   ,              41   ,                   0   ,            988   ,          1   ,                        7   ,                   0   ,                    0   ,               20.1   ,                   5.7   ,               5.7   ,                11.9   ,              3.4   ,               12.0   ,             10.2   ,               12.0   ,                         7.3   ,              16   ,        0.6500   ,               37.0   ,                  8329   ,
2026-08-06 19:06:58 ,         139.0   ,            101.3   ,               57.2   ,        71.2   ,              40   ,                   0   ,            988   ,          1   ,                        7   ,                   0   ,                    0   ,               19.8   ,                   5.6   ,               5.6   ,                11.9   ,              3.4   ,               12.0   ,             10.1   ,               12.0   ,                         7.2   ,              16   ,        0.6500   ,               37.0   ,                  8328   ,
2026-08-06 19:06:59 ,         139.0   ,            101.3   ,               57.0   ,        71.0   ,              40   ,                   0   ,            988   ,          1   ,                        7   ,                   0   ,                    0   ,               19.7   ,                   5.6   ,               5.5   ,                11.9   ,              3.3   ,               12.0   ,             10.1   ,               12.0   ,                         7.2   ,              16   ,        0.6500   ,               37.0   ,                  8329   ,
2026-08-06 19:07:00 ,         139.0   ,            101.3   ,               56.7   ,        70.7   ,              40   ,                   0   ,            984   ,          1   ,                        7   ,                   0   ,                    0   ,               23.9   ,                   8.9   ,               6.8   ,                11.9   ,              5.4   ,               12.0   ,             11.1   ,               12.0   ,                         8.7   ,              16   ,        0.6500   ,               42.0   ,                  8344   ,
2026-08-06 19:07:01 ,         139.0   ,            101.3   ,               56.5   ,        70.5   ,              40   ,                   0   ,            986   ,          1   ,                        7   ,                   0   ,                    0   ,               19.9   ,                   5.7   ,               5.6   ,                11.9   ,              3.4   ,               12.0   ,             10.1   ,               12.0   ,                         7.2   ,              16   ,        0.6500   ,               37.0   ,                  8346   ,
2026-08-06 19:07:02 ,         139.0   ,            101.3   ,               56.4   ,        70.4   ,              39   ,                   0   ,            981   ,          2   ,                        7   ,                   0   ,                    0   ,               19.7   ,                   5.4   ,               5.6   ,                11.9   ,              3.3   ,               12.0   ,             10.1   ,               12.0   ,                         7.2   ,              16   ,        0.6500   ,               37.0   ,                  8342   ,
2026-08-06 19:07:03 ,         139.0   ,            101.3   ,               56.2   ,        70.2   ,              39   ,                   0   ,            979   ,          1   ,                        7   ,                   0   ,                    0   ,               20.0   ,                   5.7   ,               5.7   ,                11.9   ,              3.4   ,               12.0   ,             10.1   ,               12.0   ,                         7.3   ,              16   ,        0.6500   ,               37.0   ,                  8345   ,
2026-08-06 19:07:04 ,         139.0   ,            101.3   ,               56.1   ,        70.1   ,              39   ,                   0   ,            979   ,          1   ,                        7   ,                   0   ,                    0   ,               22.7   ,                   6.9   ,               7.4   ,                11.9   ,              4.1   ,               12.0   ,             10.4   ,               12.0   ,                         8.2   ,              16   ,        0.6500   ,               37.0   ,                  8344   ,
2026-08-06 19:07:05 ,         139.0   ,            101.3   ,               55.8   ,        69.8   ,              38   ,                   0   ,            979   ,          0   ,                        7   ,                   0   ,                    0   ,               24.1   ,                   9.1   ,               6.9   ,                11.9   ,              5.5   ,               12.0   ,             11.1   ,               12.0   ,                         8.8   ,              16   ,        0.6500   ,               37.0   ,                  8345   ,
2026-08-06 19:07:06 ,         139.0   ,            101.3   ,               55.6   ,        69.6   ,              38   ,                   0   ,            978   ,          2   ,                        8   ,                   0   ,                    0   ,               23.9   ,                   8.9   ,               6.8   ,                11.9   ,              5.4   ,               12.0   ,             11.1   ,               12.0   ,                         8.7   ,              16   ,        0.6500   ,               46.0   ,                  8343   ,
2026-08-06 19:07:08 ,         139.0   ,            101.3   ,               55.5   ,        69.5   ,              38   ,                   0   ,            978   ,          0   ,                        7   ,                   0   ,                    0   ,               19.3   ,                   5.1   ,               5.5   ,                11.9   ,              3.1   ,               12.0   ,             10.0   ,               12.0   ,                         8.8   ,              16   ,        0.6500   ,               50.0   ,                  8345   ,
2026-08-06 19:07:08 ,         139.0   ,            101.3   ,               55.3   ,        69.3   ,              37   ,                   0   ,            976   ,          0   ,                        7   ,                   0   ,                    0   ,               20.3   ,                   6.1   ,               5.8   ,                11.9   ,              3.6   ,               12.0   ,             10.1   ,               12.0   ,                         7.4   ,              16   ,        0.6500   ,               37.0   ,                  8344   ,
2026-08-06 19:07:09 ,         139.0   ,            101.3   ,               55.1   ,        69.1   ,              37   ,                   0   ,            976   ,          0   ,                        7   ,                   0   ,                    0   ,               20.0   ,                   5.9   ,               5.7   ,                11.9   ,              3.5   ,               12.0   ,             10.0   ,               12.0   ,                         7.3   ,              16   ,        0.6500   ,               37.0   ,                  8344   ,
2026-08-06 19:07:10 ,         139.0   ,            101.3   ,               55.0   ,        69.0   ,              37   ,                   0   ,            976   ,          0   ,                        7   ,                   0   ,                    0   ,               19.9   ,                   5.7   ,               5.6   ,                11.9   ,              3.4   ,               12.0   ,             10.1   ,               12.0   ,                         7.2   ,              16   ,        0.6500   ,               37.0   ,                  8343   ,
2026-08-06 19:07:11 ,         139.0   ,            101.3   ,               55.0   ,        69.0   ,              37   ,                   0   ,            976   ,          0   ,                        7   ,                   0   ,                    0   ,               19.7   ,                   5.6   ,               5.6   ,                11.9   ,              3.3   ,               12.0   ,             10.0   ,               12.0   ,                         7.2   ,              16   ,        0.6500   ,               37.0   ,                  8344   ,
2026-08-06 19:07:12 ,         139.0   ,            101.3   ,               54.7   ,        68.7   ,              36   ,                   0   ,            976   ,          0   ,                        7   ,                   0   ,                    0   ,               19.4   ,                   5.4   ,               5.6   ,                11.9   ,              3.3   ,               12.0   ,              9.9   ,               12.0   ,                         7.1   ,              16   ,        0.6500   ,               37.0   ,                  8344   ,
2026-08-06 19:07:13 ,         139.0   ,            101.3   ,               54.5   ,        68.5   ,              36   ,                   0   ,            976   ,          0   ,                        7   ,                   0   ,                    0   ,               19.3   ,                   5.4   ,               5.5   ,                11.9   ,              3.3   ,               12.0   ,              9.9   ,               12.0   ,                         7.0   ,              16   ,        0.6500   ,               37.0   ,                  8343   ,
2026-08-06 19:07:14 ,         139.0   ,            101.3   ,               54.4   ,        68.4   ,              36   ,                   0   ,            976   ,          0   ,                        7   ,                   0   ,                    0   ,               19.5   ,                   5.6   ,               5.6   ,                11.9   ,              3.3   ,               12.0   ,              9.9   ,               12.0   ,                         7.1   ,              16   ,        0.6500   ,               37.0   ,                  8343   ,
2026-08-06 19:07:15 ,         139.0   ,            101.3   ,               54.1   ,        68.1   ,              35   ,                   0   ,            976   ,          0   ,                        7   ,                   0   ,                    0   ,               19.3   ,                   5.3   ,               5.6   ,                11.9   ,              3.2   ,               12.0   ,              9.9   ,               12.0   ,                         7.0   ,              16   ,        0.6500   ,               37.0   ,                  8342   ,
2026-08-06 19:07:16 ,         139.0   ,            101.3   ,               54.1   ,        68.1   ,              35   ,                   0   ,            976   ,          0   ,                        7   ,                   0   ,                    0   ,               19.5   ,                   5.4   ,               5.6   ,                11.9   ,              3.3   ,               12.0   ,              9.9   ,               12.0   ,                         7.1   ,              16   ,        0.6500   ,               37.0   ,                  8343   ,
2026-08-06 19:07:17 ,         139.0   ,            101.3   ,               53.9   ,        67.9   ,              35   ,                   0   ,            968   ,          0   ,                        8   ,                   0   ,                    0   ,               19.7   ,                   5.7   ,               5.5   ,                11.9   ,              3.4   ,               12.0   ,             10.0   ,               12.0   ,                         7.2   ,              16   ,        0.6500   ,               37.0   ,                  8342   ,
2026-08-06 19:07:18 ,         139.0   ,            101.3   ,               53.6   ,        67.6   ,              35   ,                   0   ,            968   ,          0   ,                        8   ,                   0   ,                    0   ,               19.4   ,                   5.4   ,               5.5   ,                11.9   ,              3.3   ,               12.0   ,              9.9   ,               12.0   ,                         7.1   ,              16   ,        0.6500   ,               37.0   ,                  8342   ,
2026-08-06 19:07:19 ,         139.0   ,            101.3   ,               53.6   ,        67.6   ,              34   ,                   0   ,            968   ,          0   ,                        7   ,                   0   ,                    0   ,               19.3   ,                   5.4   ,               5.5   ,                11.9   ,              3.3   ,               12.0   ,              9.9   ,               12.0   ,                         7.0   ,              16   ,        0.6500   ,               37.0   ,                  8339   ,
2026-08-06 19:07:20 ,         139.0   ,            101.3   ,               53.3   ,        67.3   ,              34   ,                   0   ,            968   ,          0   ,                        7   ,                   0   ,                    0   ,               20.7   ,                   5.4   ,               6.9   ,                11.9   ,              3.3   ,               12.0   ,              9.9   ,               12.0   ,                         7.5   ,              16   ,        0.6500   ,               37.0   ,                  8342   ,
2026-08-06 19:07:21 ,         139.0   ,            101.3   ,               53.4   ,        67.4   ,              34   ,                   0   ,            968   ,          0   ,                        7   ,                   0   ,                    0   ,               19.3   ,                   5.4   ,               5.5   ,                11.9   ,              3.3   ,               12.0   ,              9.9   ,               12.0   ,                         7.0   ,              16   ,        0.6500   ,               37.0   ,                  8342   ,
2026-08-06 19:07:22 ,         139.0   ,            101.3   ,               53.2   ,        67.2   ,              33   ,                   0   ,            968   ,          0   ,                        7   ,                   0   ,                    0   ,               19.4   ,                   5.6   ,               5.5   ,                11.9   ,              3.3   ,               12.0   ,              9.8   ,               12.0   ,                         7.1   ,              16   ,        0.6500   ,               37.0   ,                  8342   ,
2026-08-06 19:07:23 ,         139.0   ,            101.3   ,               53.0   ,        67.0   ,              33   ,                   0   ,            968   ,          0   ,                        7   ,                   0   ,                    0   ,               19.3   ,                   5.4   ,               5.5   ,                11.9   ,              3.3   ,               12.0   ,              9.9   ,               12.0   ,                         7.0   ,              16   ,        0.6500   ,               37.0   ,                  8342   ,
2026-08-06 19:07:24 ,         139.0   ,            101.3   ,               53.0   ,        67.0   ,              33   ,                   0   ,            968   ,          0   ,                        7   ,                   0   ,                    0   ,               19.3   ,                   5.6   ,               5.5   ,                11.9   ,              3.3   ,               12.0   ,              9.8   ,               12.0   ,                         7.0   ,              16   ,        0.6500   ,               37.0   ,                  8342   ,
2026-08-06 19:07:25 ,         139.0   ,            101.3   ,               52.8   ,        66.8   ,              33   ,                   0   ,            968   ,          0   ,                        7   ,                   0   ,                    0   ,               19.1   ,                   5.1   ,               5.6   ,                11.9   ,              3.1   ,               12.0   ,              9.8   ,               12.0   ,                         7.0   ,              16   ,        0.6500   ,               37.0   ,                  8341   ,
2026-08-06 19:07:26 ,         139.0   ,            101.3   ,               52.6   ,        66.6   ,              32   ,                   0   ,            967   ,          2   ,                        7   ,                   0   ,                    0   ,               21.7   ,                   7.3   ,               6.2   ,                11.9   ,              4.4   ,               12.0   ,             10.4   ,               12.0   ,                         7.9   ,              16   ,        0.6500   ,               37.0   ,                  8337   ,
2026-08-06 19:07:27 ,         139.0   ,            101.3   ,               52.6   ,        66.6   ,              32   ,                   0   ,            967   ,          0   ,                        7   ,                   0   ,                    0   ,               19.1   ,                   5.3   ,               5.5   ,                11.9   ,              3.2   ,               12.0   ,              9.8   ,               12.0   ,                         7.0   ,              16   ,        0.6500   ,               37.0   ,                  8339   ,
2026-08-06 19:07:28 ,         139.0   ,            101.3   ,               52.3   ,        66.3   ,              32   ,                   0   ,            967   ,          0   ,                        7   ,                   0   ,                    0   ,               19.0   ,                   5.3   ,               5.4   ,                11.9   ,              3.2   ,               12.0   ,              9.8   ,               12.0   ,                         6.9   ,              16   ,        0.6500   ,               37.0   ,                  8339   ,
2026-08-06 19:07:29 ,         139.0   ,            101.3   ,               52.2   ,        66.2   ,              32   ,                   0   ,            967   ,          0   ,                        7   ,                   0   ,                    0   ,               19.1   ,                   5.3   ,               5.5   ,                11.9   ,              3.2   ,               12.0   ,              9.8   ,               12.0   ,                         7.0   ,              16   ,        0.6500   ,               37.0   ,                  8339   ,
2026-08-06 19:07:30 ,         139.0   ,            101.3   ,               52.1   ,        66.1   ,              31   ,                   0   ,            967   ,          0   ,                        7   ,                   0   ,                    0   ,               19.1   ,                   5.3   ,               5.5   ,                11.9   ,              3.2   ,               12.0   ,              9.8   ,               12.0   ,                         7.0   ,              16   ,        0.6500   ,               37.0   ,                  8339   ,
2026-08-06 19:07:31 ,         139.0   ,            101.3   ,               51.9   ,        65.9   ,              31   ,                   0   ,            967   ,          0   ,                        7   ,                   0   ,                    0   ,               18.9   ,                   5.3   ,               5.4   ,                11.9   ,              3.2   ,               12.0   ,              9.7   ,               12.0   ,                         6.9   ,              16   ,        0.6500   ,               37.0   ,                  8340   ,
2026-08-06 19:07:32 ,         139.0   ,            101.3   ,               51.8   ,        65.8   ,              31   ,                   0   ,            966   ,          0   ,                        7   ,                   0   ,                    0   ,               19.0   ,                   5.3   ,               5.4   ,                11.9   ,              3.2   ,               12.0   ,              9.8   ,               12.0   ,                         6.9   ,              16   ,        0.6500   ,               37.0   ,                  8339   ,
2026-08-06 19:07:33 ,         139.0   ,            101.3   ,               51.6   ,        65.6   ,              31   ,                   0   ,            966   ,          0   ,                        7   ,                   0   ,                    0   ,               19.3   ,                   5.4   ,               5.6   ,                11.9   ,              3.3   ,               12.0   ,              9.8   ,               12.0   ,                         7.0   ,              16   ,        0.6500   ,               37.0   ,                  8339   ,
2026-08-06 19:07:34 ,         139.0   ,            101.3   ,               51.4   ,        65.4   ,              30   ,                   0   ,            966   ,          0   ,                        7   ,                   0   ,                    0   ,               19.0   ,                   5.3   ,               5.5   ,                11.9   ,              3.2   ,               12.0   ,              9.7   ,               12.0   ,                         6.9   ,              16   ,        0.6500   ,               37.0   ,                  8339   ,
2026-08-06 19:07:35 ,         139.0   ,            101.3   ,               51.3   ,        65.3   ,              30   ,                   0   ,            966   ,          0   ,                        7   ,                   0   ,                    0   ,               19.0   ,                   5.3   ,               5.5   ,                11.9   ,              3.2   ,               12.0   ,              9.7   ,               12.0   ,                         6.9   ,              16   ,        0.6500   ,               37.0   ,                  8338   ,
2026-08-06 19:07:36 ,         139.0   ,            101.3   ,               51.3   ,        65.3   ,              30   ,                   0   ,            966   ,          0   ,                        7   ,                   0   ,                    0   ,               20.4   ,                   5.4   ,               6.8   ,                11.9   ,              3.3   ,               12.0   ,              9.7   ,               12.0   ,                         7.4   ,              16   ,        0.6500   ,               37.0   ,                  8338   ,
2026-08-06 19:07:37 ,         139.0   ,            101.3   ,               50.9   ,        64.9   ,              30   ,                   0   ,            966   ,          0   ,                        7   ,                   0   ,                    0   ,               18.9   ,                   5.3   ,               5.5   ,                11.9   ,              3.2   ,               12.0   ,              9.6   ,               12.0   ,                         6.9   ,              16   ,        0.6500   ,               36.0   ,                  8338   ,
2026-08-06 19:07:38 ,         139.0   ,            101.3   ,               50.7   ,        64.7   ,              29   ,                   0   ,            966   ,          0   ,                        7   ,                   0   ,                    0   ,               18.9   ,                   5.3   ,               5.5   ,                11.9   ,              3.2   ,               12.0   ,              9.6   ,               12.0   ,                         6.9   ,              16   ,        0.6500   ,               37.0   ,                  8338   ,
2026-08-06 19:07:39 ,         139.0   ,            101.3   ,               50.7   ,        64.7   ,              29   ,                   0   ,            966   ,          0   ,                        7   ,                   0   ,                    0   ,               18.9   ,                   5.3   ,               5.6   ,                11.9   ,              3.2   ,               12.0   ,              9.5   ,               12.0   ,                         6.9   ,              16   ,        0.6500   ,               37.0   ,                  8338   ,
2026-08-06 19:07:41 ,         139.0   ,            101.3   ,               50.5   ,        64.5   ,              29   ,                   0   ,            966   ,          0   ,                        7   ,                   0   ,                    0   ,               18.7   ,                   4.9   ,               5.4   ,                11.9   ,              3.0   ,               12.0   ,              9.6   ,               12.0   ,                         6.8   ,              16   ,        0.6500   ,               36.0   ,                  8338   ,
2026-08-06 19:07:41 ,         139.0   ,            101.3   ,               50.4   ,        64.4   ,              29   ,                   0   ,            966   ,          0   ,                        7   ,                   0   ,                    0   ,               20.0   ,                   5.3   ,               6.6   ,                11.9   ,              3.2   ,               12.0   ,              9.6   ,               12.0   ,                         7.3   ,              16   ,        0.6500   ,               37.0   ,                  8338   ,
2026-08-06 19:07:43 ,         139.0   ,            101.3   ,               50.3   ,        64.3   ,              28   ,                   0   ,            966   ,          0   ,                        7   ,                   0   ,                    0   ,               18.9   ,                   5.3   ,               5.4   ,                11.9   ,              3.2   ,               12.0   ,              9.7   ,               12.0   ,                         6.9   ,              16   ,        0.6500   ,               37.0   ,                  8338   ,
2026-08-06 19:07:44 ,         139.0   ,            101.3   ,               50.1   ,        64.1   ,              28   ,                   0   ,            966   ,          0   ,                        7   ,                   0   ,                    0   ,               18.6   ,                   5.1   ,               5.3   ,                11.9   ,              3.1   ,               12.0   ,              9.5   ,               12.0   ,                         6.8   ,              16   ,        0.6500   ,               37.0   ,                  8338   ,
2026-08-06 19:07:45 ,         139.0   ,            101.3   ,               50.1   ,        64.1   ,              28   ,                   0   ,            966   ,          0   ,                        7   ,                   0   ,                    0   ,               18.8   ,                   5.1   ,               5.4   ,                11.9   ,              3.1   ,               12.0   ,              9.6   ,               12.0   ,                         6.8   ,              16   ,        0.6500   ,               37.0   ,                  8337   ,
2026-08-06 19:07:46 ,         139.0   ,            101.3   ,               49.9   ,        63.9   ,              28   ,                   0   ,            966   ,          0   ,                        7   ,                   0   ,                    0   ,               18.9   ,                   5.1   ,               5.5   ,                11.9   ,              3.1   ,               12.0   ,              9.6   ,               12.0   ,                         6.9   ,              16   ,        0.6500   ,               37.0   ,                  8336   ,
2026-08-06 19:07:47 ,         139.0   ,            101.3   ,               49.7   ,        63.7   ,              28   ,                   0   ,            966   ,          0   ,                        7   ,                   0   ,                    0   ,               18.9   ,                   5.3   ,               5.5   ,                11.9   ,              3.2   ,               12.0   ,              9.6   ,               12.0   ,                         6.9   ,              16   ,        0.6500   ,               37.0   ,                  8337   ,
2026-08-06 19:07:48 ,         139.0   ,            101.3   ,               49.5   ,        63.5   ,              27   ,                   0   ,            965   ,          0   ,                        8   ,                   0   ,                    0   ,               18.9   ,                   5.3   ,               5.4   ,                11.9   ,              3.2   ,               12.0   ,              9.6   ,               12.0   ,                         6.9   ,              16   ,        0.6500   ,               37.0   ,                  8337   ,
2026-08-06 19:07:49 ,         139.0   ,            101.3   ,               49.4   ,        63.4   ,              27   ,                   0   ,            965   ,          0   ,                        8   ,                   0   ,                    0   ,               18.9   ,                   5.1   ,               5.4   ,                11.9   ,              3.1   ,               12.0   ,              9.7   ,               12.0   ,                         6.9   ,              16   ,        0.6500   ,               37.0   ,                  8337   ,
2026-08-06 19:07:50 ,         139.0   ,            101.3   ,               49.3   ,        63.3   ,              27   ,                   0   ,            965   ,          0   ,                        7   ,                   0   ,                    0   ,               18.7   ,                   4.9   ,               5.4   ,                11.9   ,              3.0   ,               12.0   ,              9.6   ,               12.0   ,                         6.8   ,              16   ,        0.6500   ,               36.0   ,                  8335   ,
2026-08-06 19:07:51 ,         139.0   ,            101.3   ,               49.1   ,        63.1   ,              27   ,                   0   ,            965   ,          0   ,                        7   ,                   0   ,                    0   ,               18.9   ,                   5.1   ,               5.4   ,                11.9   ,              3.1   ,               12.0   ,              9.7   ,               12.0   ,                         6.9   ,              16   ,        0.6500   ,               37.0   ,                  8337   ,
2026-08-06 19:07:52 ,         139.0   ,            101.3   ,               49.0   ,        63.0   ,              26   ,                   0   ,            965   ,          0   ,                        7   ,                   0   ,                    0   ,               18.8   ,                   5.1   ,               5.5   ,                11.9   ,              3.1   ,               12.0   ,              9.5   ,               12.0   ,                         6.8   ,              16   ,        0.6500   ,               37.0   ,                  8338   ,
2026-08-06 19:07:53 ,         139.0   ,            101.3   ,               48.8   ,        62.8   ,              26   ,                   0   ,            965   ,          0   ,                        7   ,                   0   ,                    0   ,               20.5   ,                   5.4   ,               7.0   ,                11.9   ,              3.3   ,               12.0   ,              9.6   ,               12.0   ,                         7.4   ,              16   ,        0.6500   ,               37.0   ,                  8338   ,
2026-08-06 19:07:54 ,         139.0   ,            101.3   ,               48.7   ,        62.7   ,              26   ,                   0   ,            965   ,          0   ,                        7   ,                   0   ,                    0   ,               20.9   ,                   6.7   ,               6.0   ,                11.9   ,              4.0   ,               12.0   ,             10.1   ,               12.0   ,                         7.6   ,              16   ,        0.6500   ,               37.0   ,                  8337   ,
2026-08-06 19:07:55 ,         139.0   ,            101.3   ,               48.7   ,        62.7   ,              26   ,                   0   ,            965   ,          0   ,                        7   ,                   0   ,                    0   ,               23.4   ,                   8.6   ,               6.8   ,                11.9   ,              5.2   ,               12.0   ,             10.8   ,               12.0   ,                         8.5   ,              16   ,        0.6500   ,               37.0   ,                  8338   ,
2026-08-06 19:07:56 ,         139.0   ,            101.3   ,               48.5   ,        62.5   ,              25   ,                   0   ,            965   ,          0   ,                        7   ,                   0   ,                    0   ,               23.4   ,                   8.5   ,               6.8   ,                11.9   ,              5.1   ,               12.0   ,             10.9   ,               12.0   ,                         8.5   ,              16   ,        0.6500   ,               37.0   ,                  8337   ,
2026-08-06 19:07:57 ,         139.0   ,            101.3   ,               48.3   ,        62.3   ,              25   ,                   0   ,            965   ,          0   ,                        7   ,                   0   ,                    0   ,               19.0   ,                   5.4   ,               5.5   ,                11.9   ,              3.3   ,               12.0   ,              9.6   ,               12.0   ,                         8.5   ,              16   ,        0.6500   ,               41.0   ,                  8337   ,
2026-08-06 19:07:58 ,         139.0   ,            101.3   ,               48.3   ,        62.3   ,              25   ,                   0   ,            965   ,          0   ,                        7   ,                   0   ,                    0   ,               20.5   ,                   5.4   ,               6.9   ,                11.9   ,              3.3   ,               12.0   ,              9.7   ,               12.0   ,                         9.0   ,              16   ,        0.6500   ,               43.0   ,                  8335   ,
2026-08-06 19:07:59 ,         139.0   ,            101.3   ,               48.1   ,        62.1   ,              25   ,                   0   ,            976   ,          0   ,                        7   ,                   0   ,                    0   ,               18.4   ,                   4.9   ,               5.3   ,                11.9   ,              3.0   ,               12.0   ,              9.4   ,               12.0   ,                         6.7   ,              16   ,        0.6500   ,               37.0   ,                  8337   ,
2026-08-06 19:08:00 ,         139.0   ,            101.3   ,               48.0   ,        62.0   ,              24   ,                   0   ,            976   ,          0   ,                        7   ,                   0   ,                    0   ,               18.5   ,                   4.9   ,               5.4   ,                11.9   ,              3.0   ,               12.0   ,              9.5   ,               12.0   ,                         6.7   ,              16   ,        0.6500   ,               37.0   ,                  8338   ,
2026-08-06 19:08:01 ,         139.0   ,            101.3   ,               47.9   ,        61.9   ,              24   ,                   0   ,            975   ,          0   ,                        8   ,                   0   ,                    0   ,               18.6   ,                   5.1   ,               5.3   ,                11.9   ,              3.1   ,               12.0   ,              9.5   ,               12.0   ,                         6.8   ,              16   ,        0.6500   ,               36.0   ,                  8338   ,
2026-08-06 19:08:02 ,         139.0   ,            101.3   ,               47.7   ,        61.7   ,              24   ,                   0   ,            982   ,          9   ,                        9   ,                   0   ,                    0   ,               20.6   ,                   6.5   ,               5.9   ,                11.9   ,              3.9   ,               12.0   ,             10.0   ,               12.0   ,                         7.4   ,              16   ,        0.6500   ,               40.0   ,                  8366   ,
2026-08-06 19:08:03 ,         139.0   ,            101.3   ,               47.6   ,        61.6   ,              24   ,                   0   ,            986   ,          5   ,                        7   ,                   0   ,                    0   ,               23.3   ,                   8.5   ,               6.7   ,                11.9   ,              5.1   ,               12.0   ,             10.9   ,               12.0   ,                         8.5   ,              16   ,        0.6500   ,               37.0   ,                  8364   ,
2026-08-06 19:08:04 ,         139.0   ,            101.3   ,               47.6   ,        61.6   ,              24   ,                   0   ,            986   ,          5   ,                        7   ,                   0   ,                    0   ,               23.4   ,                   8.5   ,               6.8   ,                11.9   ,              5.1   ,               12.0   ,             10.9   ,               12.0   ,                         8.5   ,              16   ,        0.6500   ,               37.0   ,                  8341   ,
2026-08-06 19:08:05 ,         139.0   ,            101.3   ,               47.4   ,        61.4   ,              23   ,                   0   ,            982   ,          5   ,                        7   ,                   0   ,                    0   ,               23.2   ,                   8.3   ,               6.7   ,                11.9   ,              5.0   ,               12.0   ,             10.8   ,               12.0   ,                         8.4   ,              16   ,        0.6500   ,               37.0   ,                  8340   ,
2026-08-06 19:08:06 ,         139.0   ,            101.3   ,               47.4   ,        61.4   ,              23   ,                   0   ,            975   ,          5   ,                        7   ,                   0   ,                    0   ,               20.9   ,                   8.3   ,               6.7   ,                11.9   ,              5.0   ,               12.0   ,             10.9   ,               12.0   ,                         8.5   ,              16   ,        0.6500   ,               37.0   ,                  8340   ,
2026-08-06 19:08:07 ,         139.0   ,            101.3   ,               47.2   ,        61.2   ,              21   ,                   0   ,            975   ,          5   ,                        8   ,                   0   ,                    0   ,               23.2   ,                   8.3   ,               6.7   ,                11.9   ,              5.0   ,               12.0   ,             10.9   ,               12.0   ,                         8.5   ,              16   ,        0.6500   ,               36.0   ,                  8335   ,
2026-08-06 19:08:08 ,         139.0   ,            101.3   ,               47.1   ,        61.1   ,              20   ,                   0   ,            975   ,          6   ,                        8   ,                   0   ,                    0   ,               20.4   ,                   8.3   ,               6.7   ,                11.9   ,              5.0   ,               12.0   ,             10.8   ,               12.0   ,                         8.4   ,              16   ,        0.6500   ,               39.0   ,                  8331   ,
2026-08-06 19:08:09 ,         139.0   ,            101.3   ,               47.0   ,        61.0   ,              19   ,                   0   ,            975   ,          5   ,                        8   ,                   0   ,                    0   ,               24.7   ,                   8.5   ,               8.0   ,                11.9   ,              5.1   ,               12.0   ,             10.9   ,               12.0   ,                         8.6   ,              16   ,        0.6500   ,               41.0   ,                  8345   ,
2026-08-06 19:08:10 ,         139.0   ,            101.3   ,               46.9   ,        60.9   ,              17   ,                   0   ,            975   ,          5   ,                        7   ,                   0   ,                    0   ,               23.1   ,                   8.1   ,               6.7   ,                11.9   ,              4.9   ,               12.0   ,             10.9   ,               12.0   ,                         8.4   ,              16   ,        0.6500   ,               36.0   ,                  8342   ,
2026-08-06 19:08:11 ,         139.0   ,            101.3   ,               46.8   ,        60.8   ,              16   ,                   0   ,            975   ,          5   ,                        7   ,                   0   ,                    0   ,               19.7   ,                   5.9   ,               5.7   ,                11.9   ,              3.5   ,               12.0   ,              9.8   ,               12.0   ,                         7.2   ,              16   ,        0.6500   ,               42.0   ,                  8339   ,
2026-08-06 19:08:12 ,         139.0   ,            101.3   ,               46.5   ,        60.7   ,              15   ,                   0   ,            975   ,          5   ,                        7   ,                   0   ,                    0   ,               23.1   ,                   8.3   ,               6.7   ,                11.9   ,              5.0   ,               12.0   ,             10.8   ,               12.0   ,                         8.4   ,              16   ,        0.6500   ,               41.0   ,                  8339   ,
2026-08-06 19:08:13 ,         139.0   ,            101.3   ,               46.6   ,        60.6   ,              13   ,                   0   ,            975   ,          5   ,                        8   ,                   0   ,                    0   ,               23.1   ,                   8.1   ,               6.7   ,                11.9   ,              4.9   ,               12.0   ,             10.8   ,               12.0   ,                         8.4   ,              16   ,        0.6500   ,               37.0   ,                  8337   ,
2026-08-06 19:08:14 ,         139.0   ,            101.3   ,               46.2   ,        60.2   ,              12   ,                   0   ,            975   ,          0   ,                        7   ,                   0   ,                    0   ,               24.4   ,                   8.1   ,               8.0   ,                11.9   ,              4.9   ,               12.0   ,             10.8   ,               12.0   ,                         8.9   ,              16   ,        0.6500   ,               38.0   ,                  8336   ,
2026-08-06 19:08:15 ,         139.0   ,            101.3   ,               46.3   ,        60.3   ,              10   ,                   0   ,            975   ,          0   ,                        7   ,                   0   ,                    0   ,               23.1   ,                   8.1   ,               6.7   ,                11.9   ,              4.9   ,               12.0   ,             10.8   ,               12.0   ,                         8.4   ,              16   ,        0.6500   ,               42.0   ,                  8334   ,
2026-08-06 19:08:16 ,         139.0   ,            101.3   ,               46.1   ,        60.1   ,               9   ,                   0   ,            975   ,          0   ,                        7   ,                   0   ,                    0   ,               23.0   ,                   8.1   ,               6.7   ,                11.9   ,              4.9   ,               12.0   ,             10.7   ,               12.0   ,                         8.3   ,              16   ,        0.6500   ,               36.0   ,                  8332   ,
2026-08-06 19:08:17 ,         139.0   ,            101.3   ,               46.0   ,        60.0   ,               8   ,                   0   ,            975   ,          0   ,                        7   ,                   0   ,                    0   ,               23.0   ,                   8.1   ,               6.7   ,                11.9   ,              4.9   ,               12.0   ,             10.7   ,               12.0   ,                         8.3   ,              16   ,        0.6500   ,               36.0   ,                  8333   ,
2026-08-06 19:08:18 ,         139.0   ,            101.3   ,               45.9   ,        59.9   ,               6   ,                   0   ,            976   ,          0   ,                        8   ,                   0   ,                    0   ,               23.1   ,                   8.1   ,               6.7   ,                11.9   ,              4.9   ,               12.0   ,             10.8   ,               12.0   ,                         8.4   ,              16   ,        0.6500   ,               37.0   ,                  8332   ,
2026-08-06 19:08:19 ,         139.0   ,            101.3   ,               45.8   ,        59.8   ,               5   ,                   0   ,            976   ,          0   ,                        7   ,                   0   ,                    0   ,               22.9   ,                   8.1   ,               6.7   ,                11.9   ,              4.9   ,               12.0   ,             10.7   ,               12.0   ,                         8.3   ,              16   ,        0.6500   ,               40.0   ,                  8331   ,
2026-08-06 19:08:20 ,         139.0   ,            101.3   ,               45.6   ,        59.6   ,               3   ,                   0   ,            976   ,          0   ,                        7   ,                   0   ,                    0   ,               18.6   ,                   5.1   ,               5.4   ,                11.9   ,              3.1   ,               12.0   ,              9.5   ,               12.0   ,                         6.8   ,              16   ,        0.6500   ,               44.0   ,                  8331   ,
2026-08-06 19:08:21 ,         139.0   ,            101.3   ,               45.5   ,        59.5   ,               2   ,                   0   ,            976   ,          0   ,                        7   ,                   0   ,                    0   ,               23.0   ,                   8.1   ,               6.6   ,                11.9   ,              4.9   ,               12.0   ,             10.8   ,               12.0   ,                         8.3   ,              16   ,        0.6500   ,               36.0   ,                  8329   ,
2026-08-06 19:08:22 ,         139.0   ,            101.3   ,               45.6   ,        59.6   ,               0   ,                   0   ,            976   ,          0   ,                        7   ,                   0   ,                    0   ,               23.1   ,                   8.1   ,               6.7   ,                11.9   ,              4.9   ,               12.0   ,             10.8   ,               12.0   ,                         8.4   ,              16   ,        0.6500   ,               37.0   ,                  8329   ,
2026-08-06 19:08:23 ,         139.0   ,            101.3   ,               45.3   ,        59.3   ,               0   ,                   0   ,            976   ,          0   ,                        7   ,                   0   ,                    0   ,               23.1   ,                   8.1   ,               6.7   ,                11.9   ,              4.9   ,               12.0   ,             10.8   ,               12.0   ,                         8.4   ,              16   ,        0.6500   ,               38.0   ,                  8328   ,
2026-08-06 19:08:24 ,         139.0   ,            101.3   ,               45.3   ,        59.3   ,               0   ,                   0   ,            976   ,          0   ,                        7   ,                   0   ,                    0   ,               23.1   ,                   8.1   ,               6.7   ,                11.9   ,              4.9   ,               12.0   ,             10.8   ,               12.0   ,                         8.4   ,              16   ,        0.6500   ,               36.0   ,                  8327   ,
2026-08-06 19:08:25 ,         139.0   ,            101.3   ,               45.1   ,        59.1   ,               0   ,                   0   ,            976   ,          0   ,                        7   ,                   0   ,                    0   ,               23.1   ,                   8.1   ,               6.7   ,                11.9   ,              4.9   ,               12.0   ,             10.8   ,               12.0   ,                         8.4   ,              16   ,        0.6500   ,               36.0   ,                  8327   ,
2026-08-06 19:08:26 ,         139.0   ,            101.3   ,               45.1   ,        59.1   ,               0   ,                   0   ,            976   ,          1   ,                        7   ,                   0   ,                    0   ,               22.7   ,                   8.0   ,               6.6   ,                11.9   ,              4.8   ,               12.0   ,             10.6   ,               12.0   ,                         8.2   ,              16   ,        0.6500   ,               38.0   ,                  8325   ,
2026-08-06 19:08:27 ,         139.0   ,            101.3   ,               45.0   ,        59.0   ,               0   ,                   0   ,            976   ,          1   ,                        7   ,                   0   ,                    0   ,               22.9   ,                   8.0   ,               6.7   ,                11.9   ,              4.8   ,               12.0   ,             10.7   ,               12.0   ,                         8.3   ,              16   ,        0.6500   ,               36.0   ,                  8325   ,
2026-08-06 19:08:28 ,         139.0   ,            101.3   ,               45.0   ,        59.0   ,               0   ,                   0   ,            976   ,          1   ,                        7   ,                   0   ,                    0   ,               22.9   ,                   8.0   ,               6.7   ,                11.9   ,              4.8   ,               12.0   ,             10.7   ,               12.0   ,                         8.3   ,              16   ,        0.6500   ,               36.0   ,                  8326   ,
2026-08-06 19:08:29 ,         139.0   ,            101.3   ,               44.7   ,        58.7   ,               0   ,                   0   ,            976   ,          1   ,                        7   ,                   0   ,                    0   ,               22.8   ,                   8.0   ,               6.6   ,                11.9   ,              4.8   ,               12.0   ,             10.7   ,               12.0   ,                         8.3   ,              16   ,        0.6500   ,               36.0   ,                  8325   ,
2026-08-06 19:08:30 ,         139.0   ,            101.3   ,               44.7   ,        58.7   ,               0   ,                   0   ,            976   ,          1   ,                        7   ,                   0   ,                    0   ,               24.4   ,                   8.1   ,               8.0   ,                11.9   ,              4.9   ,               12.0   ,             10.8   ,               12.0   ,                         8.9   ,              16   ,        0.6500   ,               40.0   ,                  8321   ,
2026-08-06 19:08:31 ,         139.0   ,            101.3   ,               44.6   ,        58.6   ,               0   ,                   0   ,            976   ,          1   ,                        7   ,                   0   ,                    0   ,               22.9   ,                   8.0   ,               6.7   ,                11.9   ,              4.8   ,               12.0   ,             10.7   ,               12.0   ,                         8.3   ,              16   ,        0.6500   ,               36.0   ,                  8323   ,
2026-08-06 19:08:32 ,         139.0   ,            101.3   ,               44.5   ,        58.5   ,               0   ,                   0   ,            976   ,          0   ,                        7   ,                   0   ,                    0   ,               22.9   ,                   8.0   ,               6.6   ,                11.9   ,              4.8   ,               12.0   ,             10.8   ,               12.0   ,                         8.3   ,              16   ,        0.6500   ,               36.0   ,                  8325   ,
2026-08-06 19:08:33 ,         139.0   ,            101.3   ,               44.4   ,        58.4   ,               0   ,                   0   ,            976   ,          0   ,                        8   ,                   0   ,                    0   ,               22.6   ,                   7.8   ,               6.6   ,                11.9   ,              4.7   ,               12.0   ,             10.6   ,               12.0   ,                         8.2   ,              16   ,        0.6500   ,               38.0   ,                  8323   ,
2026-08-06 19:08:34 ,         139.0   ,            101.3   ,               44.3   ,        58.3   ,               0   ,                   0   ,            976   ,          0   ,                        7   ,                   0   ,                    0   ,               22.5   ,                   7.8   ,               6.5   ,                11.9   ,              4.7   ,               12.0   ,             10.6   ,               12.0   ,                         8.2   ,              16   ,        0.6500   ,               37.0   ,                  8325   ,
2026-08-06 19:08:35 ,         139.0   ,            101.3   ,               44.2   ,        58.2   ,               0   ,                   0   ,            975   ,          0   ,                        8   ,                   0   ,                    0   ,               22.7   ,                   7.8   ,               6.6   ,                11.9   ,              4.7   ,               12.0   ,             10.7   ,               12.0   ,                         8.2   ,              16   ,        0.6500   ,               38.0   ,                  8326   ,
2026-08-06 19:08:36 ,         139.0   ,            101.3   ,               44.1   ,        58.1   ,               0   ,                   0   ,            975   ,          0   ,                        7   ,                   0   ,                    0   ,               20.3   ,                   8.0   ,               6.7   ,                11.9   ,              4.8   ,               12.0   ,             10.8   ,               12.0   ,                         8.3   ,              16   ,        0.6500   ,               40.0   ,                  8324   ,
2026-08-06 19:08:37 ,         139.0   ,            101.3   ,               43.9   ,        57.9   ,               0   ,                   0   ,            975   ,          0   ,                        7   ,                   0   ,                    0   ,               20.7   ,                   6.5   ,               6.0   ,                11.9   ,              3.9   ,               12.0   ,             10.0   ,               12.0   ,                         7.5   ,              16   ,        0.6500   ,               37.0   ,                  8325   ,
2026-08-06 19:08:38 ,         139.0   ,            101.3   ,               43.8   ,        57.8   ,               0   ,                   0   ,            975   ,          0   ,                        7   ,                   0   ,                    0   ,               23.0   ,                   8.1   ,               6.7   ,                11.9   ,              4.9   ,               12.0   ,             10.7   ,               12.0   ,                         8.3   ,              16   ,        0.6500   ,               37.0   ,                  8325   ,
2026-08-06 19:08:39 ,         139.0   ,            101.3   ,               43.8   ,        57.8   ,               0   ,                   0   ,            975   ,          0   ,                        7   ,                   0   ,                    0   ,               20.8   ,                   8.0   ,               6.7   ,                11.9   ,              4.8   ,               12.0   ,             10.8   ,               12.0   ,                         8.3   ,              16   ,        0.6500   ,               46.0   ,                  8326   ,
2026-08-06 19:08:40 ,         139.0   ,            101.3   ,               43.6   ,        57.6   ,               0   ,                   0   ,            975   ,          0   ,                        7   ,                   0   ,                    0   ,               23.0   ,                   8.1   ,               6.7   ,                11.9   ,              4.9   ,               12.0   ,             10.8   ,               12.0   ,                         8.4   ,              16   ,        0.6500   ,               39.0   ,                  8326   ,
2026-08-06 19:08:41 ,         139.0   ,            101.3   ,               43.6   ,        57.6   ,               0   ,                   0   ,            975   ,          0   ,                        7   ,                   0   ,                    0   ,               22.9   ,                   8.0   ,               6.7   ,                11.9   ,              4.8   ,               12.0   ,             10.8   ,               12.0   ,                         8.3   ,              16   ,        0.6500   ,               36.0   ,                  8327   ,
2026-08-06 19:08:42 ,         139.0   ,            101.3   ,               43.4   ,        57.4   ,               0   ,                   0   ,            975   ,          0   ,                        7   ,                   0   ,                    0   ,               23.0   ,                   8.0   ,               6.7   ,                11.9   ,              4.8   ,               12.0   ,             10.8   ,               12.0   ,                         8.3   ,              16   ,        0.6500   ,               36.0   ,                  8327   ,
2026-08-06 19:08:43 ,         139.0   ,            101.3   ,               43.4   ,        57.4   ,               0   ,                   0   ,            975   ,          0   ,                        7   ,                   0   ,                    0   ,               22.9   ,                   8.0   ,               6.6   ,                11.9   ,              4.8   ,               12.0   ,             10.8   ,               12.0   ,                         8.3   ,              16   ,        0.6500   ,               37.0   ,                  8327   ,
2026-08-06 19:08:44 ,         139.0   ,            101.3   ,               43.3   ,        57.3   ,               0   ,                   0   ,            975   ,          0   ,                        7   ,                   0   ,                    0   ,               22.9   ,                   8.0   ,               6.6   ,                11.9   ,              4.8   ,               12.0   ,             10.8   ,               12.0   ,                         8.3   ,              16   ,        0.6500   ,               36.0   ,                  8327   ,
2026-08-06 19:08:45 ,         139.0   ,            101.3   ,               43.2   ,        57.2   ,               0   ,                   0   ,            975   ,          0   ,                        7   ,                   0   ,                    0   ,               22.9   ,                   8.0   ,               6.7   ,                11.9   ,              4.8   ,               12.0   ,             10.8   ,               12.0   ,                         8.3   ,              16   ,        0.6500   ,               36.0   ,                  8327   ,
2026-08-06 19:08:46 ,         139.0   ,            101.3   ,               43.2   ,        57.2   ,               0   ,                   0   ,            975   ,          0   ,                        7   ,                   0   ,                    0   ,               24.3   ,                   8.0   ,               8.0   ,                11.9   ,              4.8   ,               12.0   ,             10.8   ,               12.0   ,                         8.8   ,              16   ,        0.6500   ,               42.0   ,                  8327   ,
2026-08-06 19:08:47 ,         139.0   ,            101.3   ,               43.0   ,        57.0   ,               0   ,                   0   ,            975   ,          0   ,                        7   ,                   0   ,                    0   ,               22.9   ,                   8.0   ,               6.7   ,                11.9   ,              4.8   ,               12.0   ,             10.8   ,               12.0   ,                         8.3   ,              16   ,        0.6500   ,               42.0   ,                  8327   ,
2026-08-06 19:08:48 ,         139.0   ,            101.3   ,               42.9   ,        56.9   ,               0   ,                   0   ,            975   ,          0   ,                        8   ,                   0   ,                    0   ,               22.8   ,                   7.8   ,               6.7   ,                11.9   ,              4.7   ,               12.0   ,             10.7   ,               12.0   ,                         8.3   ,              16   ,        0.6500   ,               40.0   ,                  8327   ,
2026-08-06 19:08:49 ,         139.0   ,            101.3   ,               43.0   ,        57.0   ,               0   ,                   0   ,            975   ,          0   ,                        8   ,                   0   ,                    0   ,               22.9   ,                   8.0   ,               6.6   ,                11.9   ,              4.8   ,               12.0   ,             10.8   ,               12.0   ,                         8.3   ,              16   ,        0.6500   ,               36.0   ,                  8327   ,
2026-08-06 19:08:50 ,         139.0   ,            101.3   ,               42.8   ,        56.8   ,               0   ,                   0   ,            975   ,          0   ,                        7   ,                   0   ,                    0   ,               22.8   ,                   7.8   ,               6.6   ,                11.9   ,              4.7   ,               12.0   ,             10.8   ,               12.0   ,                         8.3   ,              16   ,        0.6500   ,               40.0   ,                  8327   ,
2026-08-06 19:08:51 ,         139.0   ,            101.3   ,               42.8   ,        56.8   ,               0   ,                   0   ,            974   ,          1   ,                        7   ,                   0   ,                    0   ,               22.6   ,                   7.7   ,               6.6   ,                11.9   ,              4.6   ,               12.0   ,             10.8   ,               12.0   ,                         8.4   ,              16   ,        0.6500   ,               36.0   ,                  8328   ,
2026-08-06 19:08:52 ,         139.0   ,            101.3   ,               42.6   ,        56.6   ,               0   ,                   0   ,            974   ,          0   ,                        8   ,                   0   ,                    0   ,               22.9   ,                   8.0   ,               6.6   ,                11.9   ,              4.8   ,               12.0   ,             10.8   ,               12.0   ,                         8.3   ,              16   ,        0.6500   ,               38.0   ,                  8328   ,
2026-08-06 19:08:53 ,         139.0   ,            101.3   ,               42.6   ,        56.6   ,               0   ,                   0   ,            974   ,          0   ,                        7   ,                   0   ,                    0   ,               22.8   ,                   7.8   ,               6.6   ,                11.9   ,              4.7   ,               12.0   ,             10.8   ,               12.0   ,                         8.3   ,              16   ,        0.6500   ,               40.0   ,                  8328   ,
2026-08-06 19:08:54 ,         139.0   ,            101.3   ,               42.5   ,        56.5   ,               0   ,                   0   ,            974   ,          0   ,                        7   ,                   0   ,                    0   ,               22.9   ,                   8.0   ,               6.6   ,                11.9   ,              4.8   ,               12.0   ,             10.8   ,               12.0   ,                         8.3   ,              16   ,        0.6500   ,               37.0   ,                  8328   ,
2026-08-06 19:08:55 ,         139.0   ,            101.3   ,               42.4   ,        56.4   ,               0   ,                   0   ,            974   ,          0   ,                        7   ,                   0   ,                    0   ,               22.8   ,                   8.0   ,               6.6   ,                11.9   ,              4.8   ,               12.0   ,             10.7   ,               12.0   ,                         8.3   ,              16   ,        0.6500   ,               36.0   ,                  8328   ,
2026-08-06 19:08:56 ,         139.0   ,            101.3   ,               42.2   ,        56.2   ,               0   ,                   0   ,            974   ,          0   ,                        7   ,                   0   ,                    0   ,               22.8   ,                   8.0   ,               6.6   ,                11.9   ,              4.8   ,               12.0   ,             10.7   ,               12.0   ,                         8.3   ,              16   ,        0.6500   ,               36.0   ,                  8327   ,
2026-08-06 19:08:57 ,         139.0   ,            101.3   ,               42.1   ,        56.1   ,               0   ,                   0   ,            974   ,          0   ,                        7   ,                   0   ,                    0   ,               22.8   ,                   8.0   ,               6.6   ,                11.9   ,              4.8   ,               12.0   ,             10.7   ,               12.0   ,                         8.3   ,              16   ,        0.6500   ,               40.0   ,                  8328   ,
2026-08-06 19:08:58 ,         139.0   ,            101.3   ,               42.3   ,        56.3   ,               0   ,                   0   ,            974   ,          0   ,                        7   ,                   0   ,                    0   ,               22.7   ,                   7.8   ,               6.6   ,                11.9   ,              4.7   ,               12.0   ,             10.7   ,               12.0   ,                         8.2   ,              16   ,        0.6500   ,               36.0   ,                  8328   ,
2026-08-06 19:08:59 ,         139.0   ,            101.3   ,               42.1   ,        56.1   ,               0   ,                   0   ,            974   ,          0   ,                        7   ,                   0   ,                    0   ,               22.7   ,                   7.8   ,               6.6   ,                11.9   ,              4.7   ,               12.0   ,             10.7   ,               12.0   ,                         8.2   ,              16   ,        0.6500   ,               43.0   ,                  8328   ,
2026-08-06 19:09:00 ,         139.0   ,            101.3   ,               41.9   ,        55.9   ,               0   ,                   0   ,            974   ,          0   ,                        7   ,                   0   ,                    0   ,               22.7   ,                   7.8   ,               6.6   ,                11.9   ,              4.7   ,               12.0   ,             10.7   ,               12.0   ,                         8.2   ,              16   ,        0.6500   ,               36.0   ,                  8328   ,
2026-08-06 19:09:01 ,         139.0   ,            101.3   ,               41.8   ,        55.8   ,               0   ,                   0   ,            974   ,          0   ,                        7   ,                   0   ,                    0   ,               22.6   ,                   7.8   ,               6.6   ,                11.9   ,              4.7   ,               12.0   ,             10.6   ,               12.0   ,                         8.2   ,              16   ,        0.6500   ,               38.0   ,                  8328   ,
2026-08-06 19:09:02 ,         139.0   ,            101.3   ,               41.7   ,        55.7   ,               0   ,                   0   ,            974   ,          0   ,                        7   ,                   0   ,                    0   ,               24.0   ,                   7.8   ,               7.9   ,                11.9   ,              4.7   ,               12.0   ,             10.7   ,               12.0   ,                         8.7   ,              16   ,        0.6500   ,               40.0   ,                  8330   ,
2026-08-06 19:09:03 ,         139.0   ,            101.3   ,               41.7   ,        55.7   ,               0   ,                   0   ,            973   ,          0   ,                        7   ,                   0   ,                    0   ,               22.7   ,                   7.8   ,               6.6   ,                11.9   ,              4.7   ,               12.0   ,             10.7   ,               12.0   ,                         8.2   ,              16   ,        0.6500   ,               39.0   ,                  8329   ,
2026-08-06 19:09:04 ,         139.0   ,            101.3   ,               41.6   ,        55.6   ,               0   ,                   0   ,            968   ,          0   ,                        7   ,                   0   ,                    0   ,               22.7   ,                   7.8   ,               6.6   ,                11.9   ,              4.7   ,               12.0   ,             10.7   ,               12.0   ,                         8.2   ,              16   ,        0.6500   ,               39.0   ,                  8329   ,
2026-08-06 19:09:05 ,         139.0   ,            101.3   ,               41.6   ,        55.6   ,               0   ,                   0   ,            968   ,          0   ,                        7   ,                   0   ,                    0   ,               22.8   ,                   8.0   ,               6.6   ,                11.9   ,              4.8   ,               12.0   ,             10.7   ,               12.0   ,                         8.3   ,              16   ,        0.6500   ,               38.0   ,                  8330   ,
2026-08-06 19:09:06 ,         139.0   ,            101.3   ,               41.4   ,        55.4   ,               0   ,                   0   ,            968   ,          0   ,                        7   ,                   0   ,                    0   ,               22.7   ,                     -   ,                 -   ,                   -   ,                -   ,                  -   ,                -   ,                  -   ,                         8.2   ,              16   ,        0.0000   ,               36.0   ,                  8329   ,
2026-08-06 19:09:07 ,         139.0   ,            101.3   ,               41.4   ,        55.4   ,               0   ,                   0   ,            968   ,          0   ,                        7   ,                   0   ,                    0   ,               22.6   ,                   7.8   ,               6.6   ,                11.9   ,              4.7   ,               12.0   ,             10.6   ,               12.0   ,                         8.2   ,              16   ,        0.6500   ,               36.0   ,                  8330   ,
2026-08-06 19:09:08 ,         139.0   ,            101.3   ,               41.2   ,        55.2   ,               0   ,                   0   ,            968   ,          0   ,                        7   ,                   0   ,                    0   ,               22.7   ,                   7.8   ,               6.6   ,                11.9   ,              4.7   ,               12.0   ,             10.7   ,               12.0   ,                         8.2   ,              16   ,        0.6500   ,               36.0   ,                  8329   ,
2026-08-06 19:09:09 ,         139.0   ,            101.3   ,               41.1   ,        55.1   ,               0   ,                   0   ,            968   ,          0   ,                        7   ,                   0   ,                    0   ,               22.6   ,                   7.8   ,               6.6   ,                11.9   ,              4.7   ,               12.0   ,             10.6   ,               12.0   ,                         8.2   ,              16   ,        0.6500   ,               36.0   ,                  8329   ,
2026-08-06 19:09:10 ,         139.0   ,            101.3   ,               41.3   ,        55.3   ,               0   ,                   0   ,            968   ,          0   ,                        7   ,                   0   ,                    0   ,               22.7   ,                   7.8   ,               6.6   ,                11.9   ,              4.7   ,               12.0   ,             10.7   ,               12.0   ,                         8.2   ,              16   ,        0.6500   ,               37.0   ,                  8328   ,
2026-08-06 19:09:11 ,         139.0   ,            101.3   ,               41.1   ,        55.1   ,               0   ,                   0   ,            968   ,          0   ,                        7   ,                   0   ,                    0   ,               22.6   ,                     -   ,                 -   ,                   -   ,                -   ,                  -   ,                -   ,                  -   ,                         8.2   ,              16   ,        0.0000   ,               37.0   ,                  8330   ,
2026-08-06 19:09:12 ,         139.0   ,            101.3   ,               40.9   ,        54.9   ,               0   ,                   0   ,            968   ,          0   ,                        7   ,                   0   ,                    0   ,               22.6   ,                   7.8   ,               6.6   ,                11.9   ,              4.7   ,               12.0   ,             10.6   ,               12.0   ,                         8.2   ,              16   ,        0.6500   ,               36.0   ,                  8328   ,
2026-08-06 19:09:13 ,         139.0   ,            101.3   ,               40.9   ,        54.9   ,               0   ,                   0   ,            968   ,          1   ,                        7   ,                   0   ,                    0   ,               22.6   ,                   7.8   ,               6.6   ,                11.9   ,              4.7   ,               12.0   ,             10.6   ,               12.0   ,                         8.2   ,              16   ,        0.6500   ,               37.0   ,                  8330   ,
2026-08-06 19:09:14 ,         139.0   ,            101.3   ,               40.9   ,        54.9   ,               0   ,                   0   ,            968   ,          1   ,                        7   ,                   0   ,                    0   ,               22.7   ,                   7.8   ,               6.6   ,                11.9   ,              4.7   ,               12.0   ,             10.7   ,               12.0   ,                         8.2   ,              16   ,        0.6500   ,               36.0   ,                  8329   ,
2026-08-06 19:09:15 ,         139.0   ,            101.3   ,               40.8   ,        54.8   ,               0   ,                   0   ,            968   ,          1   ,                        7   ,                   0   ,                    0   ,               22.6   ,                   7.8   ,               6.6   ,                11.9   ,              4.7   ,               12.0   ,             10.6   ,               12.0   ,                         8.2   ,              16   ,        0.6500   ,               39.0   ,                  8328   ,
2026-08-06 19:09:16 ,         139.0   ,            101.3   ,               40.6   ,        54.6   ,               0   ,                   0   ,            968   ,          1   ,                        7   ,                   0   ,                    0   ,               22.5   ,                   7.7   ,               6.6   ,                11.9   ,              4.6   ,               12.0   ,             10.6   ,               12.0   ,                         8.2   ,              16   ,        0.6500   ,               38.0   ,                  8327   ,
2026-08-06 19:09:17 ,         139.0   ,            101.3   ,               40.7   ,        54.7   ,               0   ,                   0   ,            968   ,          0   ,                        7   ,                   0   ,                    0   ,               22.5   ,                   7.8   ,               6.5   ,                11.9   ,              4.7   ,               12.0   ,             10.6   ,               12.0   ,                         8.2   ,              16   ,        0.6500   ,               36.0   ,                  8328   ,
2026-08-06 19:09:18 ,         139.0   ,            101.3   ,               40.7   ,        54.7   ,               0   ,                   0   ,            965   ,          0   ,                        8   ,                   0   ,                    0   ,               24.0   ,                   7.8   ,               7.9   ,                11.9   ,              4.7   ,               12.0   ,             10.7   ,               12.0   ,                         8.7   ,              16   ,        0.6500   ,               40.0   ,                  8328   ,
2026-08-06 19:09:19 ,         139.0   ,            101.3   ,               40.6   ,        54.6   ,               0   ,                   0   ,            963   ,          0   ,                        8   ,                   0   ,                    0   ,               22.5   ,                   7.8   ,               6.5   ,                11.9   ,              4.7   ,               12.0   ,             10.6   ,               12.0   ,                         8.2   ,              16   ,        0.6500   ,               36.0   ,                  8328   ,
2026-08-06 19:09:20 ,         139.0   ,            101.3   ,               40.3   ,        54.3   ,               0   ,                   0   ,            963   ,          0   ,                        7   ,                   0   ,                    0   ,               22.5   ,                   7.8   ,               6.5   ,                11.9   ,              4.7   ,               12.0   ,             10.6   ,               12.0   ,                         8.2   ,              16   ,        0.6500   ,               36.0   ,                  8328   ,
2026-08-06 19:09:21 ,         139.0   ,            101.3   ,               40.3   ,        54.3   ,               0   ,                   0   ,            963   ,          0   ,                        7   ,                   0   ,                    0   ,               22.4   ,                   7.7   ,               6.5   ,                11.9   ,              4.6   ,               12.0   ,             10.6   ,               12.0   ,                         8.1   ,               0   ,        0.6500   ,               36.0   ,                  8329   ,
2026-08-06 19:09:22 ,         139.0   ,            101.3   ,               40.4   ,        54.4   ,               0   ,                   0   ,            963   ,          0   ,                        7   ,                   0   ,                    0   ,               20.7   ,                   6.5   ,               6.0   ,                11.9   ,              3.9   ,               12.0   ,             10.0   ,               12.0   ,                         7.5   ,              16   ,        0.6500   ,               36.0   ,                  8326   ,
2026-08-06 19:09:23 ,         139.0   ,            101.3   ,               40.2   ,        54.2   ,               0   ,                   0   ,            963   ,          0   ,                        7   ,                   0   ,                    0   ,               22.7   ,                   7.8   ,               6.6   ,                11.9   ,              4.7   ,               12.0   ,             10.7   ,               12.0   ,                         8.2   ,              16   ,        0.6500   ,               39.0   ,                  8329   ,
2026-08-06 19:09:24 ,         139.0   ,            101.3   ,               40.2   ,        54.2   ,               0   ,                   0   ,            963   ,          0   ,                        7   ,                   0   ,                    0   ,               22.7   ,                   7.8   ,               6.6   ,                11.9   ,              4.7   ,               12.0   ,             10.7   ,               12.0   ,                         8.2   ,              16   ,        0.6500   ,               36.0   ,                  8329   ,
2026-08-06 19:09:25 ,         139.0   ,            101.3   ,               40.0   ,        54.0   ,               0   ,                   0   ,            963   ,          0   ,                        7   ,                   0   ,                    0   ,               22.8   ,                   7.8   ,               6.6   ,                11.9   ,              4.7   ,               12.0   ,             10.8   ,               12.0   ,                         8.3   ,              16   ,        0.6500   ,               36.0   ,                  8329   ,
2026-08-06 19:09:26 ,         139.0   ,            101.3   ,               40.1   ,        54.1   ,               0   ,                   0   ,            963   ,          0   ,                        7   ,                   0   ,                    0   ,                  -   ,                     -   ,                 -   ,                   -   ,                -   ,                  -   ,                -   ,                  -   ,                           -   ,               0   ,        0.6500   ,               36.0   ,                  8329   ,
2026-08-06 19:09:27 ,         139.0   ,            101.3   ,               40.0   ,        54.0   ,               0   ,                   0   ,            963   ,          0   ,                        7   ,                   0   ,                    0   ,               22.6   ,                   7.8   ,               6.6   ,                11.9   ,              4.7   ,               12.0   ,             10.6   ,               12.0   ,                         8.2   ,              16   ,        0.6500   ,               36.0   ,                  8329   ,
2026-08-06 19:09:28 ,         139.0   ,            101.3   ,               39.9   ,        53.9   ,               0   ,                   0   ,            963   ,          0   ,                        7   ,                   0   ,                    0   ,               22.7   ,                   7.8   ,               6.6   ,                11.9   ,              4.7   ,               12.0   ,             10.7   ,               12.0   ,                         8.2   ,              16   ,        0.6500   ,               41.0   ,                  8329   ,
2026-08-06 19:09:29 ,         139.0   ,            101.3   ,               39.9   ,        53.9   ,               0   ,                   0   ,            963   ,          0   ,                        7   ,                   0   ,                    0   ,               22.6   ,                   7.8   ,               6.5   ,                11.9   ,              4.7   ,               12.0   ,             10.7   ,               12.0   ,                         8.2   ,              16   ,        0.6500   ,               36.0   ,                  8329   ,
2026-08-06 19:09:30 ,         139.0   ,            101.3   ,               39.8   ,        53.8   ,               0   ,                   0   ,            963   ,          0   ,                        7   ,                   0   ,                    0   ,               22.6   ,                   7.7   ,               6.6   ,                11.9   ,              4.6   ,               12.0   ,             10.7   ,               12.0   ,                         8.2   ,              16   ,        0.6500   ,               36.0   ,                  8329   ,
2026-08-06 19:09:31 ,         139.0   ,            101.3   ,               39.8   ,        53.8   ,               0   ,                   0   ,            963   ,          0   ,                        7   ,                   0   ,                    0   ,               22.6   ,                   7.8   ,               6.5   ,                11.9   ,              4.7   ,               12.0   ,             10.7   ,               12.0   ,                         8.2   ,              16   ,        0.6500   ,               36.0   ,                  8329   ,
2026-08-06 19:09:32 ,         139.0   ,            101.3   ,               39.7   ,        53.7   ,               0   ,                   0   ,            963   ,          0   ,                        7   ,                   0   ,                    0   ,               22.7   ,                   7.8   ,               6.6   ,                11.9   ,              4.7   ,               12.0   ,             10.7   ,               12.0   ,                         8.2   ,              16   ,        0.6500   ,               36.0   ,                  8328   ,
2026-08-06 19:09:33 ,         139.0   ,            101.3   ,               39.6   ,        53.6   ,               0   ,                   0   ,            961   ,          0   ,                        8   ,                   0   ,                    0   ,               22.6   ,                   7.7   ,               6.6   ,                11.9   ,              4.6   ,               12.0   ,             10.7   ,               12.0   ,                         8.2   ,              16   ,        0.6500   ,               36.0   ,                  8329   ,
2026-08-06 19:09:34 ,         139.0   ,            101.3   ,               39.5   ,        53.5   ,               0   ,                   0   ,            961   ,          0   ,                        7   ,                   0   ,                    0   ,               23.9   ,                   7.7   ,               7.9   ,                11.9   ,              4.6   ,               12.0   ,             10.7   ,               12.0   ,                         8.7   ,              16   ,        0.6500   ,               40.0   ,                  8328   ,
2026-08-06 19:09:35 ,         139.0   ,            101.3   ,               39.5   ,        53.5   ,               0   ,                   0   ,            961   ,          0   ,                        7   ,                   0   ,                    0   ,               22.5   ,                   7.8   ,               6.5   ,                11.9   ,              4.7   ,               12.0   ,             10.6   ,               12.0   ,                         8.2   ,              16   ,        0.6500   ,               36.0   ,                  8318   ,
2026-08-06 19:09:36 ,         139.0   ,            101.3   ,               39.5   ,        53.5   ,               0   ,                   0   ,            961   ,          0   ,                        7   ,                   0   ,                    0   ,               18.5   ,                   7.8   ,               6.6   ,                11.9   ,              4.7   ,               12.0   ,             10.7   ,               12.0   ,                         8.2   ,              16   ,        0.6500   ,               46.0   ,                  8316   ,
2026-08-06 19:09:37 ,         139.0   ,            101.3   ,               39.3   ,        53.3   ,               0   ,                   0   ,            961   ,          0   ,                        7   ,                   0   ,                    0   ,               22.5   ,                   7.7   ,               6.5   ,                11.9   ,              4.6   ,               12.0   ,             10.7   ,               12.0   ,                         8.2   ,              16   ,        0.6500   ,               43.0   ,                  8316   ,
2026-08-06 19:09:38 ,         139.0   ,            101.3   ,               39.3   ,        53.3   ,               0   ,                   0   ,            961   ,          0   ,                        7   ,                   0   ,                    0   ,               22.6   ,                   7.7   ,               6.6   ,                11.9   ,              4.6   ,               12.0   ,             10.7   ,               12.0   ,                         8.2   ,              16   ,        0.6500   ,               40.0   ,                  8316   ,
2026-08-06 19:09:39 ,         139.0   ,            101.3   ,               39.3   ,        53.3   ,               0   ,                   0   ,            961   ,          0   ,                        7   ,                   0   ,                    0   ,               23.8   ,                   7.7   ,               7.8   ,                11.9   ,              4.6   ,               12.0   ,             10.7   ,               12.0   ,                         8.7   ,              16   ,        0.6500   ,               41.0   ,                  8316   ,
2026-08-06 19:09:40 ,         139.0   ,            101.3   ,               39.0   ,        53.0   ,               0   ,                   0   ,            961   ,          0   ,                        7   ,                   0   ,                    0   ,               22.5   ,                   7.7   ,               6.5   ,                11.9   ,              4.6   ,               12.0   ,             10.7   ,               12.0   ,                         8.2   ,              16   ,        0.6500   ,               36.0   ,                  8316   ,
2026-08-06 19:09:41 ,         139.0   ,            101.3   ,               38.8   ,        52.8   ,               0   ,                   0   ,            961   ,          0   ,                        7   ,                   0   ,                    0   ,               22.5   ,                   7.7   ,               6.5   ,                11.9   ,              4.6   ,               12.0   ,             10.7   ,               12.0   ,                         8.2   ,              16   ,        0.6500   ,               36.0   ,                  8314   ,
2026-08-06 19:09:42 ,         139.0   ,            101.3   ,               39.0   ,        53.0   ,               0   ,                   0   ,            961   ,          0   ,                        7   ,                   0   ,                    0   ,               22.6   ,                   7.7   ,               6.6   ,                11.9   ,              4.6   ,               12.0   ,             10.7   ,               12.0   ,                         8.2   ,              16   ,        0.6500   ,               43.0   ,                  8312   ,
2026-08-06 19:09:43 ,         139.0   ,            101.3   ,               38.9   ,        52.9   ,               0   ,                   0   ,            961   ,          0   ,                        7   ,                   0   ,                    0   ,               22.5   ,                   7.7   ,               6.5   ,                11.9   ,              4.6   ,               12.0   ,             10.7   ,               12.0   ,                         8.2   ,              16   ,        0.6500   ,               36.0   ,                  8312   ,
2026-08-06 19:09:44 ,         139.0   ,            101.3   ,               38.9   ,        52.9   ,               0   ,                   0   ,            961   ,          0   ,                        7   ,                   0   ,                    0   ,               22.4   ,                   7.7   ,               6.5   ,                11.9   ,              4.6   ,               12.0   ,             10.6   ,               12.0   ,                         8.1   ,              16   ,        0.6500   ,               40.0   ,                  8311   ,
2026-08-06 19:09:45 ,         139.0   ,            101.3   ,               38.7   ,        52.7   ,               0   ,                   0   ,            961   ,          0   ,                        7   ,                   0   ,                    0   ,               22.5   ,                   7.8   ,               6.5   ,                11.9   ,              4.7   ,               12.0   ,             10.6   ,               12.0   ,                         8.2   ,              16   ,        0.6500   ,               42.0   ,                  8310   ,
2026-08-06 19:09:46 ,         139.0   ,            101.3   ,               38.7   ,        52.7   ,               0   ,                   0   ,            961   ,          0   ,                        7   ,                   0   ,                    0   ,               22.5   ,                   7.7   ,               6.5   ,                11.9   ,              4.6   ,               12.0   ,             10.7   ,               12.0   ,                         8.2   ,              16   ,        0.6500   ,               36.0   ,                  8310   ,
2026-08-06 19:09:47 ,         139.0   ,            101.3   ,               38.6   ,        52.6   ,               0   ,                   0   ,            961   ,          0   ,                        7   ,                   0   ,                    0   ,               22.4   ,                   7.7   ,               6.5   ,                11.9   ,              4.6   ,               12.0   ,             10.6   ,               12.0   ,                         8.1   ,              16   ,        0.6500   ,               43.0   ,                  8310   ,
2026-08-06 19:09:48 ,         139.0   ,            101.3   ,               38.5   ,        52.5   ,               0   ,                   0   ,            960   ,          0   ,                        7   ,                   0   ,                    0   ,               22.5   ,                   7.7   ,               6.5   ,                11.9   ,              4.6   ,               12.0   ,             10.7   ,               12.0   ,                         8.2   ,              16   ,        0.6500   ,               36.0   ,                  8310   ,
2026-08-06 19:09:49 ,         139.0   ,            101.3   ,               38.5   ,        52.5   ,               0   ,                   0   ,            960   ,          0   ,                        7   ,                   0   ,                    0   ,               22.5   ,                   7.7   ,               6.5   ,                11.9   ,              4.6   ,               12.0   ,             10.7   ,               12.0   ,                         8.2   ,              16   ,        0.6500   ,               37.0   ,                  8309   ,
2026-08-06 19:09:50 ,         139.0   ,            101.3   ,               38.5   ,        52.5   ,               0   ,                   0   ,            960   ,          0   ,                        7   ,                   0   ,                    0   ,               23.9   ,                   7.7   ,               7.9   ,                11.9   ,              4.6   ,               12.0   ,             10.7   ,               12.0   ,                         8.7   ,              16   ,        0.6500   ,               40.0   ,                  8309   ,
2026-08-06 19:09:51 ,         139.0   ,            101.3   ,               38.4   ,        52.4   ,               0   ,                   0   ,            960   ,          0   ,                        7   ,                   0   ,                    0   ,               22.5   ,                   7.7   ,               6.5   ,                11.9   ,              4.6   ,               12.0   ,             10.7   ,               12.0   ,                         8.2   ,              16   ,        0.6500   ,               36.0   ,                  8309   ,
2026-08-06 19:09:52 ,         139.0   ,            101.3   ,               38.3   ,        52.3   ,               0   ,                   0   ,            960   ,          0   ,                        7   ,                   0   ,                    0   ,               22.5   ,                   7.7   ,               6.5   ,                11.9   ,              4.6   ,               12.0   ,             10.7   ,               12.0   ,                         8.2   ,              16   ,        0.6500   ,               36.0   ,                  8309   ,
2026-08-06 19:09:53 ,         139.0   ,            101.3   ,               38.2   ,        52.2   ,               0   ,                   0   ,            960   ,          0   ,                        7   ,                   0   ,                    0   ,               22.5   ,                   7.7   ,               6.5   ,                11.9   ,              4.6   ,               12.0   ,             10.7   ,               12.0   ,                         8.2   ,              16   ,        0.6500   ,               43.0   ,                  8309   ,
2026-08-06 19:09:54 ,         139.0   ,            101.3   ,               38.1   ,        52.1   ,               0   ,                   0   ,            960   ,          1   ,                        7   ,                   0   ,                    0   ,               22.5   ,                   7.7   ,               6.5   ,                11.9   ,              4.6   ,               12.0   ,             10.7   ,               12.0   ,                         8.2   ,              16   ,        0.6500   ,               36.0   ,                  8309   ,
2026-08-06 19:09:55 ,         139.0   ,            101.3   ,               38.0   ,        52.0   ,               0   ,                   0   ,            960   ,          0   ,                        8   ,                   0   ,                    0   ,               23.8   ,                   7.5   ,               7.9   ,                11.9   ,              4.5   ,               12.0   ,             10.7   ,               12.0   ,                         8.7   ,              16   ,        0.6500   ,               42.0   ,                  8309   ,
2026-08-06 19:09:56 ,         139.0   ,            101.3   ,               38.1   ,        52.1   ,               0   ,                   0   ,            960   ,          0   ,                        7   ,                   0   ,                    0   ,               22.4   ,                   7.5   ,               6.5   ,                11.9   ,              4.5   ,               12.0   ,             10.7   ,               12.0   ,                         8.1   ,              16   ,        0.6500   ,               38.0   ,                  8309   ,
2026-08-06 19:09:57 ,         139.0   ,            101.3   ,               38.0   ,        52.0   ,               0   ,                   0   ,            960   ,          0   ,                        7   ,                   0   ,                    0   ,               22.4   ,                   7.5   ,               6.5   ,                11.9   ,              4.5   ,               12.0   ,             10.7   ,               12.0   ,                         8.1   ,              16   ,        0.6500   ,               41.0   ,                  8309   ,
2026-08-06 19:09:58 ,         139.0   ,            101.3   ,               37.9   ,        51.9   ,               0   ,                   0   ,            960   ,          0   ,                        7   ,                   0   ,                    0   ,               22.4   ,                   7.5   ,               6.5   ,                11.9   ,              4.5   ,               12.0   ,             10.7   ,               12.0   ,                         8.1   ,              16   ,        0.6500   ,               39.0   ,                  8309   ,
2026-08-06 19:09:59 ,         139.0   ,            101.3   ,               37.9   ,        51.9   ,               0   ,                   0   ,            960   ,          0   ,                        7   ,                   0   ,                    0   ,               22.4   ,                   7.5   ,               6.5   ,                11.9   ,              4.5   ,               12.0   ,             10.7   ,               12.0   ,                         8.1   ,              16   ,        0.6500   ,               36.0   ,                  8308   ,
2026-08-06 19:10:00 ,         139.0   ,            101.3   ,               37.7   ,        51.7   ,               0   ,                   0   ,            960   ,          0   ,                        7   ,                   0   ,                    0   ,               22.4   ,                   7.5   ,               6.5   ,                11.9   ,              4.5   ,               12.0   ,             10.7   ,               12.0   ,                         8.1   ,              16   ,        0.6500   ,               36.0   ,                  8308   ,
2026-08-06 19:10:01 ,         139.0   ,            101.3   ,               37.8   ,        51.8   ,               0   ,                   0   ,            960   ,          0   ,                        7   ,                   0   ,                    0   ,               22.5   ,                   7.7   ,               6.5   ,                11.9   ,              4.6   ,               12.0   ,             10.7   ,               12.0   ,                         8.2   ,              16   ,        0.6500   ,               36.0   ,                  8307   ,
2026-08-06 19:10:02 ,         139.0   ,            101.3   ,               37.8   ,        51.8   ,               0   ,                   0   ,            960   ,          1   ,                        7   ,                   0   ,                    0   ,               22.3   ,                   7.5   ,               6.4   ,                11.9   ,              4.5   ,               12.0   ,             10.7   ,               12.0   ,                         8.1   ,              16   ,        0.6500   ,               36.0   ,                  8308   ,
2026-08-06 19:10:03 ,         139.0   ,            101.3   ,               37.7   ,        51.7   ,               0   ,                   0   ,            958   ,          1   ,                        8   ,                   0   ,                    0   ,               22.4   ,                   7.5   ,               6.5   ,                11.9   ,              4.5   ,               12.0   ,             10.7   ,               12.0   ,                         8.1   ,              16   ,        0.6500   ,               36.0   ,                  8308   ,
2026-08-06 19:10:04 ,         139.0   ,            101.3   ,               37.7   ,        51.7   ,               0   ,                   0   ,            957   ,          1   ,                        8   ,                   0   ,                    0   ,               22.4   ,                   7.5   ,               6.5   ,                11.9   ,              4.5   ,               12.0   ,             10.7   ,               12.0   ,                         8.1   ,              16   ,        0.6500   ,               36.0   ,                  8308   ,
2026-08-06 19:10:05 ,         139.0   ,            101.3   ,               37.5   ,        51.5   ,               0   ,                   0   ,            957   ,          1   ,                        7   ,                   0   ,                    0   ,               22.4   ,                   7.5   ,               6.5   ,                11.9   ,              4.5   ,               12.0   ,             10.7   ,               12.0   ,                         8.1   ,              16   ,        0.6500   ,               38.0   ,                  8308   ,
2026-08-06 19:10:06 ,         139.0   ,            101.3   ,               37.6   ,        51.6   ,               0   ,                   0   ,            957   ,          1   ,                        7   ,                   0   ,                    0   ,               23.7   ,                   7.7   ,               7.8   ,                11.9   ,              4.6   ,               12.0   ,             10.6   ,               12.0   ,                         8.6   ,              16   ,        0.6500   ,               36.0   ,                  8308   ,
2026-08-06 19:10:07 ,         139.0   ,            101.3   ,               37.3   ,        51.3   ,               0   ,                   0   ,            957   ,          1   ,                        7   ,                   0   ,                    0   ,               22.3   ,                   7.5   ,               6.5   ,                11.9   ,              4.5   ,               12.0   ,             10.6   ,               12.0   ,                         8.1   ,              16   ,        0.6500   ,               36.0   ,                  8308   ,
2026-08-06 19:10:08 ,         139.0   ,            101.3   ,               37.3   ,        51.3   ,               0   ,                   0   ,            957   ,          1   ,                        7   ,                   0   ,                    0   ,               22.2   ,                   7.5   ,               6.5   ,                11.9   ,              4.5   ,               12.0   ,             10.5   ,               12.0   ,                         8.1   ,              16   ,        0.6500   ,               35.0   ,                  8308   ,
2026-08-06 19:10:09 ,         139.0   ,            101.3   ,               37.3   ,        51.3   ,               0   ,                   0   ,            957   ,          1   ,                        7   ,                   0   ,                    0   ,               22.2   ,                   7.5   ,               6.4   ,                11.9   ,              4.5   ,               12.0   ,             10.6   ,               12.0   ,                         8.1   ,              16   ,        0.6500   ,               41.0   ,                  8308   ,
2026-08-06 19:10:10 ,         139.0   ,            101.3   ,               37.1   ,        51.1   ,               0   ,                   0   ,            957   ,          1   ,                        7   ,                   0   ,                    0   ,               22.1   ,                   7.3   ,               6.4   ,                11.9   ,              4.4   ,               12.0   ,             10.6   ,               12.0   ,                         8.0   ,              16   ,        0.6500   ,               36.0   ,                  8307   ,
2026-08-06 19:10:11 ,         139.0   ,            101.3   ,               37.2   ,        51.2   ,               0   ,                   0   ,            957   ,          1   ,                        7   ,                   0   ,                    0   ,               23.6   ,                   7.5   ,               7.8   ,                11.9   ,              4.5   ,               12.0   ,             10.6   ,               12.0   ,                         8.6   ,              16   ,        0.6500   ,               36.0   ,                  8307   ,
2026-08-06 19:10:12 ,         139.0   ,            101.3   ,               37.3   ,        51.3   ,               0   ,                   0   ,            957   ,          1   ,                        7   ,                   0   ,                    0   ,               19.7   ,                   6.1   ,               6.5   ,                11.9   ,              4.5   ,               12.0   ,             10.7   ,               12.0   ,                         8.1   ,              16   ,        0.6500   ,               36.0   ,                  8307   ,
2026-08-06 19:10:13 ,         139.0   ,            101.3   ,               37.2   ,        51.2   ,               0   ,                   0   ,            957   ,          1   ,                        7   ,                   0   ,                    0   ,               20.5   ,                   6.4   ,               5.9   ,                11.9   ,              3.8   ,               12.0   ,             10.0   ,               12.0   ,                         7.4   ,              16   ,        0.6500   ,               36.0   ,                  8308   ,
2026-08-06 19:10:14 ,         139.0   ,            101.3   ,               36.9   ,        50.9   ,               0   ,                   0   ,            957   ,          0   ,                        7   ,                   0   ,                    0   ,               22.5   ,                   7.7   ,               6.5   ,                11.9   ,              4.6   ,               12.0   ,             10.7   ,               12.0   ,                         8.2   ,              16   ,        0.6500   ,               36.0   ,                  8308   ,
2026-08-06 19:10:15 ,         139.0   ,            101.3   ,               36.9   ,        50.9   ,               0   ,                   0   ,            957   ,          1   ,                        7   ,                   0   ,                    0   ,               20.2   ,                   6.2   ,               5.9   ,                11.9   ,              3.7   ,               12.0   ,              9.8   ,               12.0   ,                         7.3   ,              16   ,        0.6500   ,               37.0   ,                  8308   ,
2026-08-06 19:10:16 ,         139.0   ,            101.3   ,               36.9   ,        50.9   ,               0   ,                   0   ,            957   ,          0   ,                        7   ,                   0   ,                    0   ,               22.4   ,                   7.5   ,               6.5   ,                11.9   ,              4.5   ,               12.0   ,             10.7   ,               12.0   ,                         8.1   ,              16   ,        0.6500   ,               36.0   ,                  8308   ,
2026-08-06 19:10:17 ,         139.0   ,            101.3   ,               37.0   ,        51.0   ,               0   ,                   0   ,            957   ,          0   ,                        7   ,                   0   ,                    0   ,               22.5   ,                   7.7   ,               6.5   ,                11.9   ,              4.6   ,               12.0   ,             10.7   ,               12.0   ,                         8.2   ,              16   ,        0.6500   ,               47.0   ,                  8330   ,
2026-08-06 19:10:18 ,         139.0   ,            101.3   ,               36.9   ,        50.9   ,               0   ,                   0   ,            957   ,          0   ,                        8   ,                   0   ,                    0   ,               22.5   ,                   7.5   ,               6.5   ,                11.9   ,              4.5   ,               12.0   ,             10.8   ,               12.0   ,                         8.2   ,              16   ,        0.6500   ,               49.0   ,                  8345   ,
2026-08-06 19:10:19 ,         139.0   ,            101.3   ,               36.8   ,        50.8   ,               0   ,                   0   ,            948   ,          0   ,                        7   ,                   0   ,                    0   ,               22.4   ,                   7.5   ,               6.5   ,                11.9   ,              4.5   ,               12.0   ,             10.7   ,               12.0   ,                         8.1   ,              16   ,        0.6500   ,               53.0   ,                  8329   ,
2026-08-06 19:10:20 ,         139.0   ,            101.3   ,               36.8   ,        50.8   ,               0   ,                   0   ,            948   ,          0   ,                        7   ,                   0   ,                    0   ,               22.4   ,                   7.5   ,               6.5   ,                11.9   ,              4.5   ,               12.0   ,             10.7   ,               12.0   ,                         8.1   ,              16   ,        0.6500   ,               39.0   ,                  8333   ,
2026-08-06 19:10:21 ,         139.0   ,            101.3   ,               36.7   ,        50.7   ,               0   ,                   0   ,            948   ,          0   ,                        7   ,                   0   ,                    0   ,               22.4   ,                   7.5   ,               6.5   ,                11.9   ,              4.5   ,               12.0   ,             10.7   ,               12.0   ,                         8.1   ,              16   ,        0.6500   ,               41.0   ,                  8316   ,
2026-08-06 19:10:22 ,         139.0   ,            101.3   ,               36.8   ,        50.8   ,               0   ,                   0   ,            948   ,          0   ,                        7   ,                   0   ,                    0   ,               23.7   ,                   7.5   ,               7.8   ,                11.9   ,              4.5   ,               12.0   ,             10.7   ,               12.0   ,                         8.6   ,              16   ,        0.6500   ,               42.0   ,                  8315   ,
2026-08-06 19:10:23 ,         139.0   ,            101.3   ,               36.7   ,        50.7   ,               0   ,                   0   ,            948   ,          0   ,                        7   ,                   0   ,                    0   ,               22.2   ,                   7.5   ,               6.4   ,                11.9   ,              4.5   ,               12.0   ,             10.6   ,               12.0   ,                         8.1   ,              16   ,        0.6500   ,               41.0   ,                  8315   ,
2026-08-06 19:10:24 ,         139.0   ,            101.3   ,               36.6   ,        50.6   ,               0   ,                   0   ,            948   ,          0   ,                        7   ,                   0   ,                    0   ,               22.4   ,                   7.5   ,               6.5   ,                11.9   ,              4.5   ,               12.0   ,             10.7   ,               12.0   ,                         8.1   ,              16   ,        0.6500   ,               42.0   ,                  8314   ,
2026-08-06 19:10:25 ,         139.0   ,            101.3   ,               36.6   ,        50.6   ,               0   ,                   0   ,            948   ,          0   ,                        7   ,                   0   ,                    0   ,               22.3   ,                   7.5   ,               6.5   ,                11.9   ,              4.5   ,               12.0   ,             10.6   ,               12.0   ,                         8.1   ,              16   ,        0.6500   ,               39.0   ,                  8315   ,
2026-08-06 19:10:26 ,         139.0   ,            101.3   ,               36.6   ,        50.6   ,               0   ,                   0   ,            948   ,          0   ,                        7   ,                   0   ,                    0   ,               22.4   ,                   7.5   ,               6.5   ,                11.9   ,              4.5   ,               12.0   ,             10.7   ,               12.0   ,                         8.1   ,              16   ,        0.6500   ,               41.0   ,                  8314   ,
2026-08-06 19:10:27 ,         139.0   ,            101.3   ,               36.5   ,        50.5   ,               0   ,                   0   ,            948   ,          0   ,                        7   ,                   0   ,                    0   ,               23.6   ,                   7.5   ,               7.8   ,                11.9   ,              4.5   ,               12.0   ,             10.6   ,               12.0   ,                         8.6   ,              16   ,        0.6500   ,               37.0   ,                  8315   ,
2026-08-06 19:10:28 ,         139.0   ,            101.3   ,               36.5   ,        50.5   ,               0   ,                   0   ,            948   ,          0   ,                        7   ,                   0   ,                    0   ,               22.3   ,                   7.5   ,               6.5   ,                11.9   ,              4.5   ,               12.0   ,             10.6   ,               12.0   ,                         8.1   ,              16   ,        0.6500   ,               42.0   ,                  8314   ,
2026-08-06 19:10:29 ,         139.0   ,            101.3   ,               36.4   ,        50.4   ,               0   ,                   0   ,            948   ,          0   ,                        7   ,                   0   ,                    0   ,               22.3   ,                   7.5   ,               6.4   ,                11.9   ,              4.5   ,               12.0   ,             10.7   ,               12.0   ,                         8.1   ,              16   ,        0.6500   ,               43.0   ,                  8314   ,
2026-08-06 19:10:30 ,         139.0   ,            101.3   ,               36.3   ,        50.3   ,               0   ,                   0   ,            948   ,          0   ,                        7   ,                   0   ,                    0   ,               22.3   ,                   7.5   ,               6.5   ,                11.9   ,              4.5   ,               12.0   ,             10.6   ,               12.0   ,                         8.1   ,              16   ,        0.6500   ,               37.0   ,                  8314   ,
2026-08-06 19:10:31 ,         139.0   ,            101.3   ,               36.3   ,        50.3   ,               0   ,                   0   ,            948   ,          0   ,                        7   ,                   0   ,                    0   ,               22.3   ,                   7.5   ,               6.4   ,                11.9   ,              4.5   ,               12.0   ,             10.7   ,               11.9   ,                         8.1   ,              16   ,        0.6500   ,               36.0   ,                  8314   ,
2026-08-06 19:10:32 ,         139.0   ,            101.3   ,               36.3   ,        50.3   ,               0   ,                   0   ,            948   ,          0   ,                        7   ,                   0   ,                    0   ,               22.2   ,                   7.5   ,               6.4   ,                11.9   ,              4.5   ,               12.0   ,             10.6   ,               12.0   ,                         8.1   ,              16   ,        0.6500   ,               36.0   ,                  8314   ,
2026-08-06 19:10:33 ,         139.0   ,            101.3   ,               36.1   ,        50.1   ,               0   ,                   0   ,            947   ,          0   ,                        7   ,                   0   ,                    0   ,               22.3   ,                   7.5   ,               6.5   ,                11.9   ,              4.5   ,               12.0   ,             10.6   ,               12.0   ,                         8.1   ,              16   ,        0.6500   ,               35.0   ,                  8314   ,
2026-08-06 19:10:34 ,         139.0   ,            101.3   ,               36.0   ,        50.0   ,               0   ,                   0   ,            947   ,          0   ,                        7   ,                   0   ,                    0   ,               22.2   ,                   7.5   ,               6.4   ,                11.9   ,              4.5   ,               12.0   ,             10.6   ,               12.0   ,                         8.1   ,              16   ,        0.6500   ,               35.0   ,                  8314   ,
2026-08-06 19:10:35 ,         139.0   ,            101.3   ,               36.1   ,        50.1   ,               0   ,                   0   ,            947   ,          0   ,                        7   ,                   0   ,                    0   ,               22.3   ,                   7.5   ,               6.5   ,                11.9   ,              4.5   ,               12.0   ,             10.6   ,               12.0   ,                         8.1   ,              16   ,        0.6500   ,               41.0   ,                  8314   ,
2026-08-06 19:10:36 ,         139.0   ,            101.3   ,               36.1   ,        50.1   ,               0   ,                   0   ,            947   ,          0   ,                        7   ,                   0   ,                    0   ,               22.4   ,                   7.5   ,               6.5   ,                11.9   ,              4.5   ,               12.0   ,             10.7   ,               12.0   ,                         8.1   ,              16   ,        0.6500   ,               42.0   ,                  8314   ,
2026-08-06 19:10:37 ,         139.0   ,            101.3   ,               36.1   ,        50.1   ,               0   ,                   0   ,            947   ,          0   ,                        7   ,                   0   ,                    0   ,               22.2   ,                   7.5   ,               6.4   ,                11.9   ,              4.5   ,               12.0   ,             10.6   ,               12.0   ,                         8.1   ,              16   ,        0.6500   ,               41.0   ,                  8314   ,
2026-08-06 19:10:38 ,         139.0   ,            101.3   ,               36.1   ,        50.1   ,               0   ,                   0   ,            947   ,          0   ,                        7   ,                   0   ,                    0   ,               23.8   ,                   7.5   ,               7.9   ,                11.9   ,              4.5   ,               12.0   ,             10.7   ,               12.0   ,                         8.7   ,              16   ,        0.6500   ,               38.0   ,                  8314   ,
2026-08-06 19:10:39 ,         139.0   ,            101.3   ,               35.8   ,        49.8   ,               0   ,                   0   ,            947   ,          0   ,                        7   ,                   0   ,                    0   ,               22.3   ,                   7.5   ,               6.5   ,                11.9   ,              4.5   ,               12.0   ,             10.6   ,               12.0   ,                         8.1   ,              16   ,        0.6500   ,               43.0   ,                  8335   ,
2026-08-06 19:10:40 ,         139.0   ,            101.3   ,               35.8   ,        49.8   ,               0   ,                   0   ,            947   ,          0   ,                        7   ,                   0   ,                    0   ,               22.4   ,                   7.5   ,               6.5   ,                11.9   ,              4.5   ,               12.0   ,             10.7   ,               12.0   ,                         8.1   ,              16   ,        0.6500   ,               36.0   ,                  8335   ,
2026-08-06 19:10:41 ,         139.0   ,            101.3   ,               35.8   ,        49.8   ,               0   ,                   0   ,            947   ,          0   ,                        7   ,                   0   ,                    0   ,               22.3   ,                   7.5   ,               6.5   ,                11.9   ,              4.5   ,               12.0   ,             10.6   ,               12.0   ,                         8.1   ,              16   ,        0.6500   ,               36.0   ,                  8334   ,
2026-08-06 19:10:42 ,         139.0   ,            101.3   ,               35.8   ,        49.8   ,               0   ,                   0   ,            947   ,          0   ,                        7   ,                   0   ,                    0   ,               22.3   ,                   7.5   ,               6.5   ,                11.9   ,              4.5   ,               12.0   ,             10.6   ,               12.0   ,                         8.1   ,              16   ,        0.6500   ,               35.0   ,                  8335   ,
2026-08-06 19:10:43 ,         139.0   ,            101.3   ,               35.8   ,        49.8   ,               0   ,                   0   ,            947   ,          0   ,                        7   ,                   0   ,                    0   ,               23.6   ,                   7.5   ,               7.8   ,                11.9   ,              4.5   ,               12.0   ,             10.6   ,               12.0   ,                         8.6   ,              16   ,        0.6500   ,               37.0   ,                  8335   ,
2026-08-06 19:10:44 ,         139.0   ,            101.3   ,               35.8   ,        49.8   ,               0   ,                   0   ,            947   ,          0   ,                        7   ,                   0   ,                    0   ,               22.2   ,                   7.3   ,               6.4   ,                11.9   ,              4.4   ,               12.0   ,             10.7   ,               12.0   ,                         8.1   ,              16   ,        0.6500   ,               35.0   ,                  8333   ,
2026-08-06 19:10:45 ,         139.0   ,            101.3   ,               35.7   ,        49.7   ,               0   ,                   0   ,            947   ,          0   ,                        7   ,                   0   ,                    0   ,               22.2   ,                   7.3   ,               6.4   ,                11.9   ,              4.4   ,               12.0   ,             10.7   ,               12.0   ,                         8.1   ,              16   ,        0.6500   ,               35.0   ,                  8334   ,
2026-08-06 19:10:46 ,         139.0   ,            101.3   ,               35.5   ,        49.5   ,               0   ,                   0   ,            947   ,          0   ,                        7   ,                   0   ,                    0   ,               22.4   ,                   7.5   ,               6.5   ,                11.9   ,              4.5   ,               12.0   ,             10.7   ,               12.0   ,                         8.1   ,              16   ,        0.6500   ,               40.0   ,                  8320   ,
2026-08-06 19:10:47 ,         139.0   ,            101.3   ,               35.5   ,        49.5   ,               0   ,                   0   ,            947   ,          0   ,                        7   ,                   0   ,                    0   ,               22.3   ,                   7.5   ,               6.5   ,                11.9   ,              4.5   ,               12.0   ,             10.6   ,               12.0   ,                         8.1   ,              16   ,        0.6500   ,               37.0   ,                  8319   ,
2026-08-06 19:10:48 ,         139.0   ,            101.3   ,               35.5   ,        49.5   ,               0   ,                   0   ,            947   ,          0   ,                        7   ,                   0   ,                    0   ,               22.2   ,                   7.5   ,               6.4   ,                11.9   ,              4.5   ,               12.0   ,             10.6   ,               12.0   ,                         8.1   ,              16   ,        0.6500   ,               36.0   ,                  8320   ,
2026-08-06 19:10:49 ,         139.0   ,            101.3   ,               35.5   ,        49.5   ,               0   ,                   0   ,            946   ,          1   ,                        8   ,                   0   ,                    0   ,               22.3   ,                   7.5   ,               6.5   ,                11.9   ,              4.5   ,               12.0   ,             10.6   ,               12.0   ,                         8.1   ,              16   ,        0.6500   ,               35.0   ,                  8320   ,
2026-08-06 19:10:50 ,         139.0   ,            101.3   ,               35.5   ,        49.5   ,               0   ,                   0   ,            946   ,          1   ,                        7   ,                   0   ,                    0   ,               22.3   ,                   7.3   ,               6.5   ,                11.9   ,              4.4   ,               12.0   ,             10.7   ,               12.0   ,                         8.1   ,              16   ,        0.6500   ,               35.0   ,                  8320   ,
2026-08-06 19:10:51 ,         139.0   ,            101.3   ,               35.4   ,        49.4   ,               0   ,                   0   ,            946   ,          1   ,                        7   ,                   0   ,                    0   ,               22.3   ,                   7.5   ,               6.4   ,                11.9   ,              4.5   ,               12.0   ,             10.7   ,               12.0   ,                         8.1   ,              16   ,        0.6500   ,               36.0   ,                  8319   ,
2026-08-06 19:10:52 ,         139.0   ,            101.3   ,               35.4   ,        49.4   ,               0   ,                   0   ,            946   ,          1   ,                        7   ,                   0   ,                    0   ,               22.1   ,                   7.3   ,               6.4   ,                11.9   ,              4.4   ,               12.0   ,             10.6   ,               12.0   ,                         8.0   ,              16   ,        0.6500   ,               37.0   ,                  8320   ,
2026-08-06 19:10:53 ,         139.0   ,            101.3   ,               35.4   ,        49.4   ,               0   ,                   0   ,            946   ,          1   ,                        7   ,                   0   ,                    0   ,               22.1   ,                   7.3   ,               6.4   ,                11.9   ,              4.4   ,               12.0   ,             10.6   ,               12.0   ,                         8.0   ,              16   ,        0.6500   ,               36.0   ,                  8319   ,
2026-08-06 19:10:54 ,         139.0   ,            101.3   ,               35.4   ,        49.4   ,               0   ,                   0   ,            946   ,          1   ,                        7   ,                   0   ,                    0   ,               23.5   ,                   7.3   ,               7.7   ,                11.9   ,              4.4   ,               12.0   ,             10.7   ,               12.0   ,                         8.6   ,              16   ,        0.6500   ,               39.0   ,                  8320   ,
2026-08-06 19:10:55 ,         139.0   ,            101.3   ,               35.2   ,        49.2   ,               0   ,                   0   ,            946   ,          1   ,                        7   ,                   0   ,                    0   ,               22.1   ,                   7.3   ,               6.4   ,                11.9   ,              4.4   ,               12.0   ,             10.6   ,               12.0   ,                         8.0   ,              16   ,        0.6500   ,               39.0   ,                  8319   ,
2026-08-06 19:10:56 ,         139.0   ,            101.3   ,               35.2   ,        49.2   ,               0   ,                   0   ,            946   ,          1   ,                        7   ,                   0   ,                    0   ,               22.1   ,                   7.3   ,               6.4   ,                11.9   ,              4.4   ,               12.0   ,             10.6   ,               12.0   ,                         8.0   ,              16   ,        0.6500   ,               41.0   ,                  8319   ,
2026-08-06 19:10:57 ,         139.0   ,            101.3   ,               35.3   ,        49.3   ,               0   ,                   0   ,            946   ,          1   ,                        7   ,                   0   ,                    0   ,               22.1   ,                   7.3   ,               6.4   ,                11.9   ,              4.4   ,               12.0   ,             10.6   ,               12.0   ,                         8.0   ,              16   ,        0.6500   ,               35.0   ,                  8320   ,
2026-08-06 19:10:58 ,         139.0   ,            101.3   ,               35.1   ,        49.1   ,               0   ,                   0   ,            946   ,          0   ,                        7   ,                   0   ,                    0   ,               22.4   ,                   7.5   ,               6.5   ,                11.9   ,              4.5   ,               12.0   ,             10.7   ,               12.0   ,                         8.1   ,              16   ,        0.6500   ,               42.0   ,                  8320   ,
2026-08-06 19:10:59 ,         139.0   ,            101.3   ,               35.1   ,        49.1   ,               0   ,                   0   ,            946   ,          0   ,                        7   ,                   0   ,                    0   ,               23.7   ,                   7.5   ,               7.8   ,                11.9   ,              4.5   ,               12.0   ,             10.7   ,               12.0   ,                         8.6   ,              16   ,        0.6500   ,               42.0   ,                  8319   ,
2026-08-06 19:11:00 ,         139.0   ,            101.3   ,               35.0   ,        49.0   ,               0   ,                   0   ,            946   ,          0   ,                        7   ,                   0   ,                    0   ,               22.3   ,                   7.5   ,               6.5   ,                11.9   ,              4.5   ,               12.0   ,             10.6   ,               12.0   ,                         8.1   ,              16   ,        0.6500   ,               37.0   ,                  8318   ,
2026-08-06 19:11:01 ,         139.0   ,            101.3   ,               34.9   ,        48.9   ,               0   ,                   0   ,            946   ,          0   ,                        7   ,                   0   ,                    0   ,               22.2   ,                   7.5   ,               6.4   ,                11.9   ,              4.5   ,               12.0   ,             10.6   ,               12.0   ,                         8.1   ,              16   ,        0.6500   ,               36.0   ,                  8322   ,
2026-08-06 19:11:02 ,         139.0   ,            101.3   ,               34.9   ,        48.9   ,               0   ,                   0   ,            946   ,          0   ,                        7   ,                   0   ,                    0   ,               22.2   ,                   7.3   ,               6.4   ,                11.9   ,              4.4   ,               12.0   ,             10.7   ,               12.0   ,                         8.1   ,              16   ,        0.6500   ,               35.0   ,                  8325   ,
2026-08-06 19:11:03 ,         139.0   ,            101.3   ,               34.8   ,        48.8   ,               0   ,                   0   ,            946   ,          0   ,                        8   ,                   0   ,                    0   ,               22.2   ,                   7.3   ,               6.4   ,                11.9   ,              4.4   ,               12.0   ,             10.7   ,               12.0   ,                         8.1   ,              16   ,        0.6500   ,               42.0   ,                  8325   ,
2026-08-06 19:11:04 ,         139.0   ,            101.3   ,               34.9   ,        48.9   ,               0   ,                   0   ,            946   ,          0   ,                        8   ,                   0   ,                    0   ,               22.2   ,                   7.3   ,               6.5   ,                11.9   ,              4.4   ,               12.0   ,             10.6   ,               11.9   ,                         8.1   ,              16   ,        0.6500   ,               37.0   ,                  8324   ,
2026-08-06 19:11:05 ,         139.0   ,            101.3   ,               34.8   ,        48.8   ,               0   ,                   0   ,            946   ,          0   ,                        7   ,                   0   ,                    0   ,               22.3   ,                   7.5   ,               6.5   ,                11.9   ,              4.5   ,               12.0   ,             10.6   ,               12.0   ,                         8.1   ,              16   ,        0.6500   ,               36.0   ,                  8324   ,
2026-08-06 19:11:06 ,         139.0   ,            101.3   ,               34.8   ,        48.8   ,               0   ,                   0   ,            946   ,          0   ,                        7   ,                   0   ,                    0   ,               22.2   ,                   7.3   ,               6.4   ,                11.9   ,              4.4   ,               12.0   ,             10.7   ,               12.0   ,                         8.1   ,              16   ,        0.6500   ,               41.0   ,                  8324   ,
2026-08-06 19:11:07 ,         139.0   ,            101.3   ,               34.9   ,        48.9   ,               0   ,                   0   ,            946   ,          0   ,                        7   ,                   0   ,                    0   ,               22.1   ,                   7.3   ,               6.4   ,                11.9   ,              4.4   ,               12.0   ,             10.6   ,               12.0   ,                         8.0   ,              16   ,        0.6500   ,               35.0   ,                  8324   ,
2026-08-06 19:11:08 ,         139.0   ,            101.3   ,               34.9   ,        48.9   ,               0   ,                   0   ,            946   ,          0   ,                        7   ,                   0   ,                    0   ,               22.2   ,                   7.3   ,               6.4   ,                11.9   ,              4.4   ,               12.0   ,             10.7   ,               12.0   ,                         8.1   ,              16   ,        0.6500   ,               41.0   ,                  8324   ,
2026-08-06 19:11:09 ,         139.0   ,            101.3   ,               34.8   ,        48.8   ,               0   ,                   0   ,            946   ,          0   ,                        7   ,                   0   ,                    0   ,               22.2   ,                   7.3   ,               6.4   ,                11.9   ,              4.4   ,               12.0   ,             10.7   ,               12.0   ,                         8.1   ,              16   ,        0.6500   ,               41.0   ,                  8321   ,
2026-08-06 19:11:10 ,         139.0   ,            101.3   ,               34.7   ,        48.7   ,               0   ,                   0   ,            946   ,          0   ,                        7   ,                   0   ,                    0   ,               22.5   ,                   7.5   ,               6.7   ,                11.9   ,              4.5   ,               12.0   ,             10.6   ,               12.0   ,                         8.2   ,              16   ,        0.6500   ,               40.0   ,                  8321   ,
2026-08-06 19:11:11 ,         139.0   ,            101.3   ,               34.7   ,        48.7   ,               0   ,                   0   ,            946   ,          0   ,                        7   ,                   0   ,                    0   ,               22.2   ,                   7.3   ,               6.4   ,                11.9   ,              4.4   ,               12.0   ,             10.7   ,               12.0   ,                         8.1   ,              16   ,        0.6500   ,               35.0   ,                  8321   ,
2026-08-06 19:11:12 ,         139.0   ,            101.3   ,               34.7   ,        48.7   ,               0   ,                   0   ,            946   ,          0   ,                        7   ,                   0   ,                    0   ,               22.3   ,                   7.3   ,               6.5   ,                11.9   ,              4.4   ,               12.0   ,             10.7   ,               12.0   ,                         8.1   ,              16   ,        0.6500   ,               42.0   ,                  8321   ,
2026-08-06 19:11:13 ,         139.0   ,            101.3   ,               34.5   ,        48.5   ,               0   ,                   0   ,            946   ,          0   ,                        7   ,                   0   ,                    0   ,               22.1   ,                   7.3   ,               6.4   ,                11.9   ,              4.4   ,               12.0   ,             10.6   ,               12.0   ,                         8.0   ,              16   ,        0.6500   ,               35.0   ,                  8321   ,
2026-08-06 19:11:14 ,         139.0   ,            101.3   ,               34.6   ,        48.6   ,               0   ,                   0   ,            946   ,          0   ,                        7   ,                   0   ,                    0   ,               22.2   ,                   7.3   ,               6.4   ,                11.9   ,              4.4   ,               12.0   ,             10.7   ,               12.0   ,                         8.1   ,              16   ,        0.6500   ,               37.0   ,                  8321   ,
2026-08-06 19:11:15 ,         139.0   ,            101.3   ,               34.5   ,        48.5   ,               0   ,                   0   ,            946   ,          0   ,                        7   ,                   0   ,                    0   ,               23.7   ,                   7.5   ,               7.8   ,                11.9   ,              4.5   ,               12.0   ,             10.7   ,               12.0   ,                         8.6   ,              16   ,        0.6500   ,               39.0   ,                  8321   ,
2026-08-06 19:11:16 ,         139.0   ,            101.3   ,               34.6   ,        48.6   ,               0   ,                   0   ,            946   ,          0   ,                        7   ,                   0   ,                    0   ,               22.1   ,                   7.3   ,               6.4   ,                11.9   ,              4.4   ,               12.0   ,             10.6   ,               12.0   ,                         8.0   ,              16   ,        0.6500   ,               36.0   ,                  8319   ,
2026-08-06 19:11:17 ,         139.0   ,            101.3   ,               34.5   ,        48.5   ,               0   ,                   0   ,            946   ,          0   ,                        7   ,                   0   ,                    0   ,               22.2   ,                   7.3   ,               6.5   ,                11.9   ,              4.4   ,               12.0   ,             10.6   ,               12.0   ,                         8.1   ,              16   ,        0.6500   ,               42.0   ,                  8320   ,
2026-08-06 19:11:18 ,         139.0   ,            101.3   ,               34.5   ,        48.5   ,               0   ,                   0   ,            946   ,          0   ,                        7   ,                   0   ,                    0   ,               22.1   ,                   7.3   ,               6.4   ,                11.9   ,              4.4   ,               12.0   ,             10.6   ,               12.0   ,                         8.0   ,              16   ,        0.6500   ,               35.0   ,                  8320   ,
2026-08-06 19:11:19 ,         139.0   ,            101.3   ,               34.4   ,        48.4   ,               0   ,                   0   ,            945   ,          0   ,                        7   ,                   0   ,                    0   ,               22.4   ,                   7.5   ,               6.5   ,                11.9   ,              4.5   ,               12.0   ,             10.7   ,               12.0   ,                         8.1   ,              16   ,        0.6500   ,               41.0   ,                  8320   ,
2026-08-06 19:11:20 ,         139.0   ,            101.3   ,               34.4   ,        48.4   ,               0   ,                   0   ,            945   ,          0   ,                        7   ,                   0   ,                    0   ,               22.2   ,                   7.3   ,               6.4   ,                11.9   ,              4.4   ,               12.0   ,             10.7   ,               12.0   ,                         8.1   ,              16   ,        0.6500   ,               41.0   ,                  8320   ,
2026-08-06 19:11:21 ,         139.0   ,            101.3   ,               34.3   ,        48.3   ,               0   ,                   0   ,            945   ,          0   ,                        7   ,                   0   ,                    0   ,               22.2   ,                   7.3   ,               6.4   ,                11.9   ,              4.4   ,               12.0   ,             10.7   ,               12.0   ,                         8.1   ,              16   ,        0.6500   ,               40.0   ,                  8320   ,
2026-08-06 19:11:22 ,         139.0   ,            101.3   ,               34.3   ,        48.3   ,               0   ,                   0   ,            945   ,          0   ,                        7   ,                   0   ,                    0   ,               22.2   ,                   7.3   ,               6.4   ,                11.9   ,              4.4   ,               12.0   ,             10.7   ,               12.0   ,                         8.1   ,              16   ,        0.6500   ,               35.0   ,                  8320   ,
2026-08-06 19:11:23 ,         139.0   ,            101.3   ,               34.3   ,        48.3   ,               0   ,                   0   ,            945   ,          0   ,                        7   ,                   0   ,                    0   ,               22.2   ,                   7.3   ,               6.4   ,                11.9   ,              4.4   ,               12.0   ,             10.7   ,               12.0   ,                         8.1   ,              16   ,        0.6500   ,               37.0   ,                  8320   ,
2026-08-06 19:11:24 ,         139.0   ,            101.3   ,               34.2   ,        48.2   ,               0   ,                   0   ,            945   ,          0   ,                        7   ,                   0   ,                    0   ,               22.2   ,                   7.3   ,               6.4   ,                11.9   ,              4.4   ,               12.0   ,             10.7   ,               12.0   ,                         8.1   ,              16   ,        0.6500   ,               41.0   ,                  8320   ,
2026-08-06 19:11:25 ,         139.0   ,            101.3   ,               34.2   ,        48.2   ,               0   ,                   0   ,            945   ,          0   ,                        7   ,                   0   ,                    0   ,               22.2   ,                   7.3   ,               6.5   ,                11.9   ,              4.4   ,               12.0   ,             10.6   ,               12.0   ,                         8.1   ,              16   ,        0.6500   ,               35.0   ,                  8320   ,
2026-08-06 19:11:26 ,         139.0   ,            101.3   ,               34.1   ,        48.1   ,               0   ,                   0   ,            945   ,          0   ,                        7   ,                   0   ,                    0   ,               16.3   ,                   3.8   ,               4.9   ,                11.9   ,              2.3   ,               12.0   ,              8.5   ,               11.9   ,                         5.9   ,              16   ,        0.6500   ,               43.0   ,                  8320   ,
2026-08-06 19:11:27 ,         139.0   ,            101.3   ,               34.1   ,        48.1   ,               0   ,                   0   ,            945   ,          0   ,                        7   ,                   0   ,                    0   ,               22.1   ,                   7.3   ,               6.4   ,                11.9   ,              4.4   ,               12.0   ,             10.6   ,               12.0   ,                         8.0   ,              16   ,        0.6500   ,               36.0   ,                  8320   ,
2026-08-06 19:11:28 ,         139.0   ,            101.3   ,               34.2   ,        48.2   ,               0   ,                   0   ,            945   ,          0   ,                        7   ,                   0   ,                    0   ,               22.1   ,                   7.3   ,               6.4   ,                11.9   ,              4.4   ,               12.0   ,             10.6   ,               12.0   ,                         8.0   ,              16   ,        0.6500   ,               36.0   ,                  8320   ,
2026-08-06 19:11:29 ,         139.0   ,            101.3   ,               34.1   ,        48.1   ,               0   ,                   0   ,            945   ,          0   ,                        7   ,                   0   ,                    0   ,               22.1   ,                   7.3   ,               6.4   ,                11.9   ,              4.4   ,               12.0   ,             10.6   ,               12.0   ,                         8.0   ,              16   ,        0.6500   ,               35.0   ,                  8320   ,
2026-08-06 19:11:30 ,         139.0   ,            101.3   ,               34.0   ,        48.0   ,               0   ,                   0   ,            945   ,          0   ,                        7   ,                   0   ,                    0   ,               22.1   ,                   7.3   ,               6.4   ,                11.9   ,              4.4   ,               12.0   ,             10.6   ,               12.0   ,                         8.0   ,              16   ,        0.6500   ,               35.0   ,                  8319   ,
2026-08-06 19:11:31 ,         139.0   ,            101.3   ,               34.0   ,        48.0   ,               0   ,                   0   ,            945   ,          0   ,                        7   ,                   0   ,                    0   ,               23.4   ,                   7.3   ,               7.7   ,                11.9   ,              4.4   ,               12.0   ,             10.6   ,               12.0   ,                         8.5   ,              16   ,        0.6500   ,               41.0   ,                  8313   ,
2026-08-06 19:11:32 ,         139.0   ,            101.3   ,               34.1   ,        48.1   ,               0   ,                   0   ,            945   ,          0   ,                        7   ,                   0   ,                    0   ,               22.2   ,                   7.3   ,               6.4   ,                11.9   ,              4.4   ,               12.0   ,             10.7   ,               12.0   ,                         8.1   ,              16   ,        0.6500   ,               35.0   ,                  8313   ,
2026-08-06 19:11:33 ,         139.0   ,            101.3   ,               33.9   ,        47.9   ,               0   ,                   0   ,            945   ,          0   ,                        7   ,                   0   ,                    0   ,               22.1   ,                   7.3   ,               6.4   ,                11.9   ,              4.4   ,               12.0   ,             10.6   ,               12.0   ,                         8.0   ,              16   ,        0.6500   ,               36.0   ,                  8313   ,
2026-08-06 19:11:34 ,         139.0   ,            101.3   ,               33.8   ,        47.8   ,               0   ,                   0   ,            945   ,          1   ,                        8   ,                   0   ,                    0   ,               22.1   ,                   7.3   ,               6.4   ,                11.9   ,              4.4   ,               12.0   ,             10.6   ,               11.9   ,                         8.0   ,              16   ,        0.6500   ,               35.0   ,                  8313   ,
2026-08-06 19:11:35 ,         139.0   ,            101.3   ,               34.0   ,        48.0   ,               0   ,                   0   ,            945   ,          1   ,                        7   ,                   0   ,                    0   ,               22.1   ,                   7.3   ,               6.4   ,                11.9   ,              4.4   ,               12.0   ,             10.6   ,               12.0   ,                         8.0   ,              16   ,        0.6500   ,               35.0   ,                  8313   ,
2026-08-06 19:11:36 ,         139.0   ,            101.3   ,               33.8   ,        47.8   ,               0   ,                   0   ,            945   ,          1   ,                        7   ,                   0   ,                    0   ,               22.1   ,                   7.3   ,               6.4   ,                11.9   ,              4.4   ,               12.0   ,             10.6   ,               12.0   ,                         8.0   ,              16   ,        0.6500   ,               35.0   ,                  8313   ,
2026-08-06 19:11:37 ,         139.0   ,            101.3   ,               33.8   ,        47.8   ,               0   ,                   0   ,            946   ,          1   ,                        8   ,                   0   ,                    0   ,               22.1   ,                   7.3   ,               6.4   ,                11.9   ,              4.4   ,               12.0   ,             10.6   ,               12.0   ,                         8.0   ,              16   ,        0.6500   ,               35.0   ,                  8308   ,
2026-08-06 19:11:38 ,         139.0   ,            101.3   ,               33.7   ,        47.7   ,               0   ,                   0   ,            946   ,          1   ,                        7   ,                   0   ,                    0   ,               22.1   ,                   7.3   ,               6.4   ,                11.9   ,              4.4   ,               12.0   ,             10.6   ,               12.0   ,                         8.0   ,              16   ,        0.6500   ,               35.0   ,                  8313   ,
2026-08-06 19:11:39 ,         139.0   ,            101.3   ,               33.8   ,        47.8   ,               0   ,                   0   ,            946   ,          1   ,                        8   ,                   0   ,                    0   ,               22.0   ,                   7.2   ,               6.4   ,                11.9   ,              4.3   ,               12.0   ,             10.6   ,               12.0   ,                         8.0   ,              16   ,        0.6500   ,               38.0   ,                  8311   ,
2026-08-06 19:11:40 ,         139.0   ,            101.3   ,               33.8   ,        47.8   ,               0   ,                   0   ,            946   ,          1   ,                        7   ,                   0   ,                    0   ,               21.7   ,                   7.0   ,               6.3   ,                11.9   ,              4.2   ,               12.0   ,             10.5   ,               12.0   ,                         7.9   ,              16   ,        0.6500   ,               35.0   ,                  8312   ,
2026-08-06 19:11:41 ,         139.0   ,            101.3   ,               33.8   ,        47.8   ,               0   ,                   0   ,            946   ,          1   ,                        7   ,                   0   ,                    0   ,               21.9   ,                   7.2   ,               6.3   ,                11.9   ,              4.3   ,               12.0   ,             10.6   ,               12.0   ,                         8.0   ,              16   ,        0.6500   ,               36.0   ,                  8308   ,
2026-08-06 19:11:42 ,         139.0   ,            101.3   ,               33.7   ,        47.7   ,               0   ,                   0   ,            946   ,          0   ,                        7   ,                   0   ,                    0   ,               22.7   ,                   7.3   ,               6.9   ,                11.9   ,              4.4   ,               12.0   ,             10.7   ,               12.0   ,                         8.2   ,              16   ,        0.6500   ,               35.0   ,                  8311   ,
2026-08-06 19:11:43 ,         139.0   ,            101.3   ,               33.7   ,        47.7   ,               0   ,                   0   ,            946   ,          0   ,                        7   ,                   0   ,                    0   ,               19.9   ,                   6.1   ,               5.7   ,                11.9   ,              3.6   ,               12.0   ,              9.9   ,               12.0   ,                         7.2   ,              16   ,        0.6500   ,               35.0   ,                  8311   ,
2026-08-06 19:11:44 ,         139.0   ,            101.3   ,               33.6   ,        47.6   ,               0   ,                   0   ,            946   ,          0   ,                        7   ,                   0   ,                    0   ,               19.8   ,                   6.1   ,               5.7   ,                11.9   ,              3.6   ,               12.0   ,              9.8   ,               12.0   ,                         7.2   ,              16   ,        0.6500   ,               36.0   ,                  8310   ,
2026-08-06 19:11:45 ,         139.0   ,            101.3   ,               33.6   ,        47.6   ,               0   ,                   0   ,            946   ,          0   ,                        7   ,                   0   ,                    0   ,               19.6   ,                   5.9   ,               5.7   ,                11.9   ,              3.5   ,               12.0   ,              9.7   ,               12.0   ,                         7.1   ,              16   ,        0.6500   ,               36.0   ,                  8311   ,
2026-08-06 19:11:46 ,         139.0   ,            101.3   ,               33.6   ,        47.6   ,               0   ,                   0   ,            946   ,          0   ,                        7   ,                   0   ,                    0   ,               22.1   ,                   7.3   ,               6.4   ,                11.9   ,              4.4   ,               12.0   ,             10.6   ,               12.0   ,                         8.0   ,              16   ,        0.6500   ,               37.0   ,                  8311   ,
2026-08-06 19:11:47 ,         139.0   ,            101.3   ,               33.5   ,        47.5   ,               0   ,                   0   ,            946   ,          0   ,                        7   ,                   0   ,                    0   ,               23.5   ,                   7.3   ,               7.8   ,                11.9   ,              4.4   ,               12.0   ,             10.6   ,               12.0   ,                         8.6   ,              16   ,        0.6500   ,               35.0   ,                  8310   ,
2026-08-06 19:11:48 ,         139.0   ,            101.3   ,               33.5   ,        47.5   ,               0   ,                   0   ,            946   ,          0   ,                        8   ,                   0   ,                    0   ,               22.1   ,                   7.3   ,               6.4   ,                11.9   ,              4.4   ,               12.0   ,             10.6   ,               12.0   ,                         8.0   ,              16   ,        0.6500   ,               35.0   ,                  8311   ,
2026-08-06 19:11:49 ,         139.0   ,            101.3   ,               33.5   ,        47.5   ,               0   ,                   0   ,            946   ,          0   ,                        7   ,                   0   ,                    0   ,               22.1   ,                   7.3   ,               6.4   ,                11.9   ,              4.4   ,               12.0   ,             10.6   ,               12.0   ,                         8.0   ,              16   ,        0.6500   ,               39.0   ,                  8310   ,
2026-08-06 19:11:50 ,         139.0   ,            101.3   ,               33.5   ,        47.5   ,               0   ,                   0   ,            946   ,          0   ,                        7   ,                   0   ,                    0   ,               22.2   ,                   7.3   ,               6.4   ,                11.9   ,              4.4   ,               12.0   ,             10.7   ,               12.0   ,                         8.1   ,              16   ,        0.6500   ,               41.0   ,                  8311   ,
2026-08-06 19:11:51 ,         139.0   ,            101.3   ,               33.5   ,        47.5   ,               0   ,                   0   ,            946   ,          0   ,                        7   ,                   0   ,                    0   ,               22.1   ,                   7.3   ,               6.4   ,                11.9   ,              4.4   ,               12.0   ,             10.6   ,               12.0   ,                         8.0   ,              16   ,        0.6500   ,               38.0   ,                  8310   ,
2026-08-06 19:11:52 ,         139.0   ,            101.3   ,               33.3   ,        47.3   ,               0   ,                   0   ,            946   ,          0   ,                        7   ,                   0   ,                    0   ,               22.1   ,                   7.3   ,               6.4   ,                11.9   ,              4.4   ,               12.0   ,             10.6   ,               12.0   ,                         8.0   ,              16   ,        0.6500   ,               35.0   ,                  8310   ,
2026-08-06 19:11:53 ,         139.0   ,            101.3   ,               33.4   ,        47.4   ,               0   ,                   0   ,            946   ,          0   ,                        7   ,                   0   ,                    0   ,               22.1   ,                   7.3   ,               6.4   ,                11.9   ,              4.4   ,               12.0   ,             10.6   ,               12.0   ,                         8.0   ,              16   ,        0.6500   ,               41.0   ,                  8310   ,
2026-08-06 19:11:54 ,         139.0   ,            101.3   ,               33.3   ,        47.3   ,               0   ,                   0   ,            946   ,          0   ,                        7   ,                   0   ,                    0   ,               22.2   ,                   7.3   ,               6.5   ,                11.9   ,              4.4   ,               12.0   ,             10.6   ,               12.0   ,                         8.1   ,              16   ,        0.6500   ,               42.0   ,                  8309   ,
2026-08-06 19:11:55 ,         139.0   ,            101.3   ,               33.3   ,        47.3   ,               0   ,                   0   ,            946   ,          0   ,                        7   ,                   0   ,                    0   ,               16.6   ,                   4.1   ,               5.0   ,                11.9   ,              2.5   ,               12.0   ,              8.5   ,               12.0   ,                         6.1   ,              16   ,        0.6500   ,               43.0   ,                  8311   ,
2026-08-06 19:11:56 ,         139.0   ,            101.3   ,               33.3   ,        47.3   ,               0   ,                   0   ,            946   ,          0   ,                        7   ,                   0   ,                    0   ,               22.1   ,                   7.3   ,               6.4   ,                11.9   ,              4.4   ,               12.0   ,             10.6   ,               12.0   ,                         8.0   ,              16   ,        0.6500   ,               36.0   ,                  8311   ,
2026-08-06 19:11:57 ,         139.0   ,            101.3   ,               33.2   ,        47.2   ,               0   ,                   0   ,            946   ,          0   ,                        7   ,                   0   ,                    0   ,               17.2   ,                   4.5   ,               5.1   ,                11.9   ,              2.7   ,               12.0   ,              8.8   ,               11.9   ,                         6.3   ,              16   ,        0.6500   ,               37.0   ,                  8310   ,
2026-08-06 19:11:58 ,         139.0   ,            101.3   ,               33.3   ,        47.3   ,               0   ,                   0   ,            946   ,          0   ,                        7   ,                   0   ,                    0   ,               22.1   ,                   7.3   ,               6.4   ,                11.9   ,              4.4   ,               12.0   ,             10.6   ,               12.0   ,                         8.0   ,              16   ,        0.6500   ,               42.0   ,                  8310   ,
2026-08-06 19:11:59 ,         139.0   ,            101.3   ,               33.3   ,        47.3   ,               0   ,                   0   ,            946   ,          0   ,                        7   ,                   0   ,                    0   ,               22.1   ,                   7.3   ,               6.4   ,                11.9   ,              4.4   ,               12.0   ,             10.6   ,               12.0   ,                         8.0   ,              16   ,        0.6500   ,               40.0   ,                  8311   ,
2026-08-06 19:12:00 ,         139.0   ,            101.3   ,               33.2   ,        47.2   ,               0   ,                   0   ,            945   ,          1   ,                        7   ,                   0   ,                    0   ,               21.9   ,                   7.5   ,               6.5   ,                11.9   ,              4.5   ,               12.0   ,             10.7   ,               12.0   ,                         8.1   ,              16   ,        0.6500   ,               35.0   ,                  8310   ,
2026-08-06 19:12:01 ,         139.0   ,            101.3   ,               33.1   ,        47.1   ,               0   ,                   0   ,            945   ,          0   ,                        7   ,                   0   ,                    0   ,               22.2   ,                   7.3   ,               6.4   ,                11.9   ,              4.4   ,               12.0   ,             10.7   ,               12.0   ,                         8.1   ,              16   ,        0.6500   ,               36.0   ,                  8305   ,
2026-08-06 19:12:02 ,         139.0   ,            101.3   ,               33.1   ,        47.1   ,               0   ,                   0   ,            945   ,          0   ,                        7   ,                   0   ,                    0   ,               22.1   ,                   7.3   ,               6.4   ,                11.9   ,              4.4   ,               12.0   ,             10.6   ,               12.0   ,                         8.0   ,              16   ,        0.6500   ,               35.0   ,                  8311   ,
2026-08-06 19:12:03 ,         139.0   ,            101.3   ,               33.0   ,        47.0   ,               0   ,                   0   ,            960   ,          0   ,                        7   ,                   0   ,                    0   ,               23.4   ,                   7.3   ,               7.7   ,                11.9   ,              4.4   ,               12.0   ,             10.6   ,               12.0   ,                         8.5   ,              16   ,        0.6500   ,               38.0   ,                  8309   ,
2026-08-06 19:12:04 ,         139.0   ,            101.3   ,               33.1   ,        47.1   ,               0   ,                   0   ,            960   ,          0   ,                        7   ,                   0   ,                    0   ,               22.1   ,                   7.3   ,               6.4   ,                11.9   ,              4.4   ,               12.0   ,             10.6   ,               12.0   ,                         8.0   ,              16   ,        0.6500   ,               35.0   ,                  8311   ,
2026-08-06 19:12:05 ,         139.0   ,            101.3   ,               33.3   ,        47.3   ,               0   ,                   0   ,            960   ,          0   ,                        7   ,                   0   ,                    0   ,               22.1   ,                   7.2   ,               6.4   ,                11.9   ,              4.3   ,               12.0   ,             10.7   ,               12.0   ,                         8.0   ,              16   ,        0.6500   ,               39.0   ,                  8312   ,
2026-08-06 19:12:06 ,         139.0   ,            101.3   ,               32.9   ,        46.9   ,               0   ,                   0   ,            960   ,          0   ,                        7   ,                   0   ,                    0   ,               22.1   ,                   7.3   ,               6.4   ,                11.9   ,              4.4   ,               12.0   ,             10.6   ,               12.0   ,                         8.0   ,              16   ,        0.6500   ,               35.0   ,                  8312   ,
2026-08-06 19:12:07 ,         139.0   ,            101.3   ,               33.0   ,        47.0   ,               0   ,                   0   ,            960   ,          0   ,                        7   ,                   0   ,                    0   ,               22.1   ,                   7.3   ,               6.4   ,                11.9   ,              4.4   ,               12.0   ,             10.6   ,               12.0   ,                         8.0   ,              16   ,        0.6500   ,               38.0   ,                  8312   ,
2026-08-06 19:12:08 ,         139.0   ,            101.3   ,               33.0   ,        47.0   ,               0   ,                   0   ,            960   ,          0   ,                        7   ,                   0   ,                    0   ,               22.1   ,                   7.3   ,               6.4   ,                11.9   ,              4.4   ,               12.0   ,             10.6   ,               11.9   ,                         8.0   ,              16   ,        0.6500   ,               41.0   ,                  8312   ,
2026-08-06 19:12:09 ,         139.0   ,            101.3   ,               32.9   ,        46.9   ,               0   ,                   0   ,            960   ,          0   ,                        7   ,                   0   ,                    0   ,               22.1   ,                   7.3   ,               6.4   ,                11.9   ,              4.4   ,               12.0   ,             10.6   ,               12.0   ,                         8.0   ,              16   ,        0.6500   ,               35.0   ,                  8312   ,
2026-08-06 19:12:10 ,         139.0   ,            101.3   ,               32.8   ,        46.8   ,               0   ,                   0   ,            960   ,          0   ,                        7   ,                   0   ,                    0   ,               22.1   ,                   7.3   ,               6.4   ,                11.9   ,              4.4   ,               12.0   ,             10.6   ,               12.0   ,                         8.0   ,              16   ,        0.6500   ,               40.0   ,                  8310   ,
2026-08-06 19:12:11 ,         139.0   ,            101.3   ,               32.8   ,        46.8   ,               0   ,                   0   ,            960   ,          0   ,                        7   ,                   0   ,                    0   ,               22.0   ,                   7.3   ,               6.3   ,                11.9   ,              4.4   ,               12.0   ,             10.6   ,               12.0   ,                         8.0   ,              16   ,        0.6500   ,               35.0   ,                  8313   ,
2026-08-06 19:12:12 ,         139.0   ,            101.3   ,               32.7   ,        46.7   ,               0   ,                   0   ,            960   ,          0   ,                        7   ,                   0   ,                    0   ,               22.0   ,                   7.3   ,               6.3   ,                11.9   ,              4.4   ,               12.0   ,             10.6   ,               12.0   ,                         8.0   ,              16   ,        0.6500   ,               40.0   ,                  8313   ,
2026-08-06 19:12:13 ,         139.0   ,            101.3   ,               32.7   ,        46.7   ,               0   ,                   0   ,            960   ,          0   ,                        7   ,                   0   ,                    0   ,               22.0   ,                   7.3   ,               6.3   ,                11.9   ,              4.4   ,               12.0   ,             10.6   ,               12.0   ,                         8.0   ,              16   ,        0.6500   ,               40.0   ,                  8313   ,
2026-08-06 19:12:14 ,         139.0   ,            101.3   ,               32.8   ,        46.8   ,               0   ,                   0   ,            960   ,          0   ,                        7   ,                   0   ,                    0   ,               22.1   ,                   7.3   ,               6.4   ,                11.9   ,              4.4   ,               12.0   ,             10.6   ,               12.0   ,                         8.0   ,              16   ,        0.6500   ,               41.0   ,                  8313   ,
2026-08-06 19:12:15 ,         139.0   ,            101.3   ,               32.8   ,        46.8   ,               0   ,                   0   ,            960   ,          0   ,                        7   ,                   0   ,                    0   ,               22.1   ,                   7.3   ,               6.4   ,                11.9   ,              4.4   ,               12.0   ,             10.6   ,               12.0   ,                         8.0   ,              16   ,        0.6500   ,               38.0   ,                  8313   ,
2026-08-06 19:12:16 ,         139.0   ,            101.3   ,               32.8   ,        46.8   ,               0   ,                   0   ,            960   ,          0   ,                        7   ,                   0   ,                    0   ,               22.1   ,                   7.3   ,               6.4   ,                11.9   ,              4.4   ,               12.0   ,             10.6   ,               12.0   ,                         8.0   ,              16   ,        0.6500   ,               35.0   ,                  8312   ,
2026-08-06 19:12:17 ,         139.0   ,            101.3   ,               32.7   ,        46.7   ,               0   ,                   0   ,            960   ,          0   ,                        7   ,                   0   ,                    0   ,               22.1   ,                   7.3   ,               6.4   ,                11.9   ,              4.4   ,               12.0   ,             10.6   ,               12.0   ,                         8.0   ,              16   ,        0.6500   ,               39.0   ,                  8313   ,
2026-08-06 19:12:18 ,         139.0   ,            101.3   ,               32.7   ,        46.7   ,               0   ,                   0   ,            960   ,          0   ,                        7   ,                   0   ,                    0   ,               22.0   ,                   7.2   ,               6.4   ,                11.9   ,              4.3   ,               12.0   ,             10.6   ,               12.0   ,                         8.0   ,              16   ,        0.6500   ,               38.0   ,                  8313   ,
2026-08-06 19:12:19 ,         139.0   ,            101.3   ,               32.7   ,        46.7   ,               0   ,                   0   ,            960   ,          0   ,                        7   ,                   0   ,                    0   ,               23.4   ,                   7.3   ,               7.7   ,                11.9   ,              4.4   ,               12.0   ,             10.6   ,               12.0   ,                         8.5   ,              16   ,        0.6500   ,               41.0   ,                  8314   ,
2026-08-06 19:12:20 ,         139.0   ,            101.3   ,               32.8   ,        46.8   ,               0   ,                   0   ,            960   ,          0   ,                        7   ,                   0   ,                    0   ,               22.1   ,                   7.3   ,               6.4   ,                11.9   ,              4.4   ,               12.0   ,             10.6   ,               12.0   ,                         8.0   ,              16   ,        0.6500   ,               35.0   ,                  8315   ,
2026-08-06 19:12:21 ,         139.0   ,            101.3   ,               32.6   ,        46.6   ,               0   ,                   0   ,            960   ,          0   ,                        7   ,                   0   ,                    0   ,               22.1   ,                   7.2   ,               6.4   ,                11.9   ,              4.3   ,               12.0   ,             10.7   ,               12.0   ,                         8.0   ,              16   ,        0.6500   ,               35.0   ,                  8315   ,
2026-08-06 19:12:22 ,         139.0   ,            101.3   ,               32.6   ,        46.6   ,               0   ,                   0   ,            960   ,          0   ,                        7   ,                   0   ,                    0   ,               22.1   ,                   7.3   ,               6.4   ,                11.9   ,              4.4   ,               12.0   ,             10.6   ,               12.0   ,                         8.0   ,              16   ,        0.6500   ,               37.0   ,                  8316   ,
2026-08-06 19:12:23 ,         139.0   ,            101.3   ,               32.7   ,        46.7   ,               0   ,                   0   ,            960   ,          0   ,                        7   ,                   0   ,                    0   ,               22.1   ,                   7.3   ,               6.4   ,                11.9   ,              4.4   ,               12.0   ,             10.6   ,               12.0   ,                         8.0   ,              16   ,        0.6500   ,               38.0   ,                  8316   ,
2026-08-06 19:12:24 ,         139.0   ,            101.3   ,               32.5   ,        46.5   ,               0   ,                   0   ,            960   ,          0   ,                        7   ,                   0   ,                    0   ,               21.9   ,                   7.2   ,               6.3   ,                11.9   ,              4.3   ,               12.0   ,             10.6   ,               12.0   ,                         8.0   ,              16   ,        0.6500   ,               35.0   ,                  8316   ,
2026-08-06 19:12:25 ,         139.0   ,            101.3   ,               32.4   ,        46.4   ,               0   ,                   0   ,            960   ,          0   ,                        7   ,                   0   ,                    0   ,               21.8   ,                   7.2   ,               6.3   ,                11.9   ,              4.3   ,               12.0   ,             10.5   ,               12.0   ,                         7.9   ,              16   ,        0.6500   ,               34.0   ,                  8316   ,
2026-08-06 19:12:26 ,         139.0   ,            101.3   ,               32.6   ,        46.6   ,               0   ,                   0   ,            974   ,          0   ,                        7   ,                   0   ,                    0   ,               21.8   ,                   7.2   ,               6.3   ,                11.9   ,              4.3   ,               12.0   ,             10.5   ,               12.0   ,                         7.9   ,              16   ,        0.6500   ,               38.0   ,                  8316   ,
2026-08-06 19:12:27 ,         139.0   ,            101.3   ,               32.5   ,        46.5   ,               0   ,                   0   ,            974   ,          0   ,                        7   ,                   0   ,                    0   ,               22.0   ,                   7.3   ,               6.3   ,                11.9   ,              4.4   ,               12.0   ,             10.6   ,               12.0   ,                         8.0   ,              16   ,        0.6500   ,               36.0   ,                  8321   ,
2026-08-06 19:12:28 ,         139.0   ,            101.3   ,               32.5   ,        46.5   ,               0   ,                   0   ,            974   ,          0   ,                        7   ,                   0   ,                    0   ,               20.7   ,                   6.5   ,               6.0   ,                11.9   ,              3.9   ,               12.0   ,             10.0   ,               12.0   ,                         7.5   ,              16   ,        0.6500   ,               34.0   ,                  8320   ,
2026-08-06 19:12:29 ,         139.0   ,            101.3   ,               32.3   ,        46.3   ,               0   ,                   0   ,            974   ,          0   ,                        7   ,                   0   ,                    0   ,               22.2   ,                   7.5   ,               6.4   ,                11.9   ,              4.5   ,               12.0   ,             10.6   ,               12.0   ,                         8.1   ,              16   ,        0.6500   ,               34.0   ,                  8321   ,
2026-08-06 19:12:30 ,         139.0   ,            101.3   ,               32.3   ,        46.3   ,               0   ,                   0   ,            974   ,          0   ,                        7   ,                   0   ,                    0   ,               22.2   ,                   7.5   ,               6.4   ,                11.9   ,              4.5   ,               12.0   ,             10.6   ,               12.0   ,                         8.1   ,              16   ,        0.6500   ,               34.0   ,                  8320   ,
2026-08-06 19:12:31 ,         139.0   ,            101.3   ,               32.3   ,        46.3   ,               0   ,                   0   ,            974   ,          0   ,                        7   ,                   0   ,                    0   ,               22.1   ,                   7.3   ,               6.4   ,                11.9   ,              4.4   ,               12.0   ,             10.6   ,               12.0   ,                         8.0   ,              16   ,        0.6500   ,               39.0   ,                  8320   ,
2026-08-06 19:12:32 ,         139.0   ,            101.3   ,               32.4   ,        46.4   ,               0   ,                   0   ,            974   ,          0   ,                        7   ,                   0   ,                    0   ,               22.1   ,                   7.3   ,               6.4   ,                11.9   ,              4.4   ,               12.0   ,             10.6   ,               12.0   ,                         8.0   ,              16   ,        0.6500   ,               34.0   ,                  8319   ,
2026-08-06 19:12:33 ,         139.0   ,            101.3   ,               32.4   ,        46.4   ,               0   ,                   0   ,            974   ,          0   ,                        8   ,                   0   ,                    0   ,               22.0   ,                   7.3   ,               6.4   ,                11.9   ,              4.4   ,               12.0   ,             10.5   ,               11.9   ,                         8.0   ,              16   ,        0.6500   ,               40.0   ,                  8320   ,
2026-08-06 19:12:34 ,         139.0   ,            101.3   ,               32.2   ,        46.2   ,               0   ,                   0   ,            974   ,          0   ,                        8   ,                   0   ,                    0   ,               22.1   ,                   7.3   ,               6.4   ,                11.9   ,              4.4   ,               12.0   ,             10.6   ,               12.0   ,                         8.0   ,              16   ,        0.6500   ,               41.0   ,                  8321   ,
2026-08-06 19:12:35 ,         139.0   ,            101.3   ,               32.3   ,        46.3   ,               0   ,                   0   ,            974   ,          0   ,                        7   ,                   0   ,                    0   ,               23.5   ,                   7.3   ,               7.8   ,                11.9   ,              4.4   ,               12.0   ,             10.6   ,               12.0   ,                         8.6   ,              16   ,        0.6500   ,               42.0   ,                  8321   ,
2026-08-06 19:12:36 ,         139.0   ,            101.3   ,               32.2   ,        46.2   ,               0   ,                   0   ,            974   ,          0   ,                        7   ,                   0   ,                    0   ,               22.0   ,                   7.2   ,               6.4   ,                11.9   ,              4.3   ,               12.0   ,             10.6   ,               12.0   ,                         8.0   ,              16   ,        0.6500   ,               41.0   ,                  8321   ,
2026-08-06 19:12:37 ,         139.0   ,            101.3   ,               32.3   ,        46.3   ,               0   ,                   0   ,            974   ,          0   ,                        7   ,                   0   ,                    0   ,               22.0   ,                   7.3   ,               6.4   ,                11.9   ,              4.4   ,               12.0   ,             10.5   ,               11.9   ,                         8.0   ,              16   ,        0.6500   ,               42.0   ,                  8321   ,
2026-08-06 19:12:38 ,         139.0   ,            101.3   ,               32.0   ,        46.0   ,               0   ,                   0   ,            974   ,          0   ,                        7   ,                   0   ,                    0   ,               21.9   ,                   7.2   ,               6.3   ,                11.9   ,              4.3   ,               12.0   ,             10.6   ,               12.0   ,                         8.0   ,              16   ,        0.6500   ,               38.0   ,                  8321   ,
2026-08-06 19:12:39 ,         139.0   ,            101.3   ,               32.2   ,        46.2   ,               0   ,                   0   ,            974   ,          0   ,                        7   ,                   0   ,                    0   ,               22.1   ,                   7.3   ,               6.4   ,                11.9   ,              4.4   ,               12.0   ,             10.6   ,               12.0   ,                         8.0   ,              16   ,        0.6500   ,               41.0   ,                  8321   ,
2026-08-06 19:12:40 ,         139.0   ,            101.3   ,               32.1   ,        46.1   ,               0   ,                   0   ,            974   ,          0   ,                        7   ,                   0   ,                    0   ,               17.7   ,                   4.8   ,               5.2   ,                11.9   ,              2.9   ,               12.0   ,              9.0   ,               12.0   ,                         6.4   ,              16   ,        0.6500   ,               42.0   ,                  8321   ,
2026-08-06 19:12:41 ,         139.0   ,            101.3   ,               32.0   ,        46.0   ,               0   ,                   0   ,            974   ,          0   ,                        7   ,                   0   ,                    0   ,               22.0   ,                   7.3   ,               6.3   ,                11.9   ,              4.4   ,               12.0   ,             10.6   ,               12.0   ,                         8.0   ,              16   ,        0.6500   ,               35.0   ,                  8321   ,
2026-08-06 19:12:42 ,         139.0   ,            101.3   ,               32.2   ,        46.2   ,               0   ,                   0   ,            973   ,          0   ,                        7   ,                   0   ,                    0   ,               21.8   ,                   7.2   ,               6.3   ,                11.9   ,              4.3   ,               12.0   ,             10.5   ,               12.0   ,                         7.9   ,              16   ,        0.6500   ,               34.0   ,                  8321   ,
2026-08-06 19:12:43 ,         139.0   ,            101.3   ,               32.1   ,        46.1   ,               0   ,                   0   ,            973   ,          0   ,                        7   ,                   0   ,                    0   ,               22.0   ,                   7.3   ,               6.4   ,                11.9   ,              4.4   ,               12.0   ,             10.5   ,               12.0   ,                         8.0   ,              16   ,        0.6500   ,               36.0   ,                  8321   ,
2026-08-06 19:12:44 ,         139.0   ,            101.3   ,               32.1   ,        46.1   ,               0   ,                   0   ,            970   ,          0   ,                        8   ,                   0   ,                    0   ,               22.0   ,                   7.3   ,               6.3   ,                11.9   ,              4.4   ,               12.0   ,             10.6   ,               12.0   ,                         8.0   ,              16   ,        0.6500   ,               34.0   ,                  8321   ,
2026-08-06 19:12:45 ,         139.0   ,            101.3   ,               32.0   ,        46.0   ,               0   ,                   0   ,            970   ,          0   ,                        7   ,                   0   ,                    0   ,               22.0   ,                   7.2   ,               6.4   ,                11.9   ,              4.3   ,               12.0   ,             10.6   ,               12.0   ,                         8.0   ,              16   ,        0.6500   ,               38.0   ,                  8321   ,
2026-08-06 19:12:46 ,         139.0   ,            101.3   ,               32.1   ,        46.1   ,               0   ,                   0   ,            970   ,          0   ,                        7   ,                   0   ,                    0   ,               22.1   ,                   7.3   ,               6.4   ,                11.9   ,              4.4   ,               12.0   ,             10.6   ,               11.9   ,                         8.0   ,              16   ,        0.6500   ,               40.0   ,                  8322   ,
2026-08-06 19:12:47 ,         139.0   ,            101.3   ,               31.8   ,        45.8   ,               0   ,                   0   ,            970   ,          0   ,                        7   ,                   0   ,                    0   ,               22.0   ,                   7.3   ,               6.3   ,                11.9   ,              4.4   ,               12.0   ,             10.6   ,               12.0   ,                         8.0   ,              16   ,        0.6500   ,               41.0   ,                  8321   ,
2026-08-06 19:12:48 ,         139.0   ,            101.3   ,               32.1   ,        46.1   ,               0   ,                   0   ,            982   ,          0   ,                        7   ,                   0   ,                    0   ,               22.4   ,                   7.5   ,               6.5   ,                11.9   ,              4.5   ,               12.0   ,             10.7   ,               12.0   ,                         6.4   ,              16   ,        0.6500   ,               45.0   ,                  8325   ,
2026-08-06 19:12:49 ,         139.0   ,            101.3   ,               32.0   ,        46.0   ,               0   ,                   0   ,            981   ,          1   ,                        7   ,                   0   ,                    0   ,               22.5   ,                   7.5   ,               6.5   ,                11.9   ,              4.5   ,               12.0   ,             10.8   ,               12.0   ,                         8.2   ,              16   ,        0.6500   ,               40.0   ,                  8333   ,
2026-08-06 19:12:50 ,         139.0   ,            101.3   ,               32.2   ,        46.2   ,               0   ,                   0   ,            973   ,          6   ,                        7   ,                   0   ,                    0   ,               21.4   ,                   7.2   ,               6.1   ,                11.9   ,              4.3   ,               12.0   ,             10.3   ,               11.9   ,                         8.1   ,              16   ,        0.6500   ,               43.0   ,                  8331   ,
2026-08-06 19:12:51 ,         139.0   ,            101.3   ,               32.0   ,        46.0   ,               0   ,                   0   ,            973   ,          6   ,                        7   ,                   0   ,                    0   ,               23.6   ,                   7.5   ,               7.8   ,                11.9   ,              4.5   ,               12.0   ,             10.7   ,               12.0   ,                         8.6   ,              16   ,        0.6500   ,               37.0   ,                  8332   ,
2026-08-06 19:12:52 ,         139.0   ,            101.3   ,               31.9   ,        45.9   ,               0   ,                   0   ,            971   ,          6   ,                        7   ,                   0   ,                    0   ,               22.2   ,                   7.3   ,               6.4   ,                11.9   ,              4.4   ,               12.0   ,             10.7   ,               12.0   ,                         8.1   ,              16   ,        0.6500   ,               35.0   ,                  8331   ,
2026-08-06 19:12:53 ,         139.0   ,            101.3   ,               32.0   ,        46.0   ,               0   ,                   0   ,            970   ,          6   ,                        7   ,                   0   ,                    0   ,               22.2   ,                   7.3   ,               6.4   ,                11.9   ,              4.4   ,               12.0   ,             10.7   ,               12.0   ,                         8.1   ,              16   ,        0.6500   ,               44.0   ,                  8332   ,
2026-08-06 19:12:54 ,         139.0   ,            101.3   ,               31.9   ,        45.9   ,               0   ,                   0   ,            970   ,          5   ,                        7   ,                   0   ,                    0   ,               22.1   ,                   7.3   ,               6.4   ,                11.9   ,              4.4   ,               12.0   ,             10.6   ,               12.0   ,                         8.0   ,              16   ,        0.6500   ,               35.0   ,                  8327   ,
2026-08-06 19:12:55 ,         139.0   ,            101.3   ,               31.9   ,        45.9   ,               0   ,                   0   ,            970   ,          5   ,                        7   ,                   0   ,                    0   ,               22.3   ,                   7.5   ,               6.4   ,                11.9   ,              4.5   ,               12.0   ,             10.7   ,               12.0   ,                         8.1   ,              16   ,        0.6500   ,               39.0   ,                  8328   ,
2026-08-06 19:12:56 ,         139.0   ,            101.3   ,               31.9   ,        45.9   ,               0   ,                   0   ,            970   ,          6   ,                        7   ,                   0   ,                    0   ,               22.1   ,                   7.3   ,               6.4   ,                11.9   ,              4.4   ,               12.0   ,             10.6   ,               12.0   ,                         8.0   ,              16   ,        0.6500   ,               37.0   ,                  8327   ,
2026-08-06 19:12:57 ,         139.0   ,            101.3   ,               32.0   ,        46.0   ,               0   ,                   0   ,            970   ,          6   ,                        7   ,                   0   ,                    0   ,               22.1   ,                   7.3   ,               6.4   ,                11.9   ,              4.4   ,               12.0   ,             10.7   ,               12.0   ,                         8.1   ,              16   ,        0.6500   ,               34.0   ,                  8327   ,
2026-08-06 19:12:58 ,         139.0   ,            101.3   ,               31.9   ,        45.9   ,               0   ,                   0   ,            970   ,          6   ,                        7   ,                   0   ,                    0   ,               22.1   ,                   7.3   ,               6.4   ,                11.9   ,              4.4   ,               12.0   ,             10.6   ,               12.0   ,                         8.0   ,              16   ,        0.6500   ,               35.0   ,                  8327   ,
2026-08-06 19:12:59 ,         139.0   ,            101.3   ,               31.9   ,        45.9   ,               0   ,                   0   ,            970   ,          6   ,                        7   ,                   0   ,                    0   ,               22.0   ,                   7.3   ,               6.4   ,                11.9   ,              4.5   ,               12.0   ,             10.6   ,               12.0   ,                         8.1   ,              16   ,        0.6500   ,               45.0   ,                  8326   ,
2026-08-06 19:13:00 ,         139.0   ,            101.3   ,               31.8   ,        45.8   ,               0   ,                   0   ,            970   ,          0   ,                        7   ,                   0   ,                    0   ,               20.1   ,                   6.2   ,               5.7   ,                11.9   ,              3.7   ,               12.0   ,             10.6   ,               12.0   ,                         8.0   ,              16   ,        0.6500   ,               39.0   ,                  8326   ,
2026-08-06 19:13:01 ,         139.0   ,            101.3   ,               31.6   ,        45.6   ,               0   ,                   0   ,            970   ,          0   ,                        7   ,                   0   ,                    0   ,               22.1   ,                   7.3   ,               6.4   ,                11.9   ,              4.4   ,               12.0   ,             10.6   ,               11.9   ,                         8.0   ,              16   ,        0.6500   ,               34.0   ,                  8326   ,
2026-08-06 19:13:02 ,         139.0   ,            101.3   ,               31.6   ,        45.6   ,               0   ,                   0   ,            970   ,          0   ,                        7   ,                   0   ,                    0   ,               22.1   ,                   7.3   ,               6.4   ,                11.9   ,              4.4   ,               12.0   ,             10.6   ,               12.0   ,                         8.0   ,              16   ,        0.6500   ,               41.0   ,                  8327   ,
2026-08-06 19:13:03 ,         139.0   ,            101.3   ,               31.7   ,        45.7   ,               0   ,                   0   ,            972   ,          1   ,                        8   ,                   0   ,                    0   ,               21.8   ,                   7.2   ,               6.3   ,                11.9   ,              4.3   ,               12.0   ,             10.5   ,               12.0   ,                         7.9   ,              16   ,        0.6500   ,               34.0   ,                  8327   ,
2026-08-06 19:13:04 ,         139.0   ,            101.3   ,               31.7   ,        45.7   ,               0   ,                   0   ,            963   ,          0   ,                        8   ,                   0   ,                    0   ,               22.1   ,                   7.3   ,               6.4   ,                11.9   ,              4.4   ,               12.0   ,             10.6   ,               12.0   ,                         8.0   ,              16   ,        0.6500   ,               34.0   ,                  8326   ,
2026-08-06 19:13:05 ,         139.0   ,            101.3   ,               31.7   ,        45.7   ,               0   ,                   0   ,            963   ,          0   ,                        7   ,                   0   ,                    0   ,               21.9   ,                   7.2   ,               6.3   ,                11.9   ,              4.3   ,               12.0   ,             10.6   ,               12.0   ,                         8.0   ,              16   ,        0.6500   ,               34.0   ,                  8326   ,
2026-08-06 19:13:06 ,         139.0   ,            101.3   ,               31.7   ,        45.7   ,               0   ,                   0   ,            963   ,          0   ,                        7   ,                   0   ,                    0   ,               22.1   ,                   7.3   ,               6.4   ,                11.9   ,              4.4   ,               12.0   ,             10.6   ,               12.0   ,                         8.0   ,              16   ,        0.6500   ,               34.0   ,                  8326   ,
2026-08-06 19:13:07 ,         139.0   ,            101.3   ,               31.6   ,        45.6   ,               0   ,                   0   ,            963   ,          0   ,                        7   ,                   0   ,                    0   ,               23.4   ,                   7.3   ,               7.7   ,                11.9   ,              4.4   ,               12.0   ,             10.6   ,               11.9   ,                         8.5   ,              16   ,        0.6500   ,               36.0   ,                  8326   ,
2026-08-06 19:13:08 ,         139.0   ,            101.3   ,               31.6   ,        45.6   ,               0   ,                   0   ,            963   ,          0   ,                        7   ,                   0   ,                    0   ,               22.1   ,                   7.3   ,               6.4   ,                11.9   ,              4.4   ,               12.0   ,             10.6   ,               11.9   ,                         8.0   ,              16   ,        0.6500   ,               35.0   ,                  8326   ,
2026-08-06 19:13:09 ,         139.0   ,            101.3   ,               31.6   ,        45.6   ,               0   ,                   0   ,            974   ,          0   ,                        7   ,                   0   ,                    0   ,               21.9   ,                   7.3   ,               6.3   ,                11.9   ,              4.4   ,               12.0   ,             10.5   ,               12.0   ,                         8.0   ,              16   ,        0.6500   ,               35.0   ,                  8325   ,
2026-08-06 19:13:10 ,         139.0   ,            101.3   ,               31.4   ,        45.4   ,               0   ,                   0   ,            974   ,          0   ,                        7   ,                   0   ,                    0   ,               21.9   ,                   7.2   ,               6.3   ,                11.9   ,              4.3   ,               12.0   ,             10.6   ,               12.0   ,                         8.0   ,              16   ,        0.6500   ,               34.0   ,                  8325   ,
2026-08-06 19:13:11 ,         139.0   ,            101.3   ,               31.7   ,        45.7   ,               0   ,                   0   ,            973   ,          0   ,                        8   ,                   0   ,                    0   ,               22.1   ,                   7.3   ,               6.4   ,                11.9   ,              4.4   ,               12.0   ,             10.6   ,               11.9   ,                         8.0   ,              16   ,        0.6500   ,               34.0   ,                  8327   ,
2026-08-06 19:13:12 ,         139.0   ,            101.3   ,               31.6   ,        45.6   ,               0   ,                   0   ,            973   ,          0   ,                        7   ,                   0   ,                    0   ,               22.0   ,                   7.3   ,               6.3   ,                11.9   ,              4.4   ,               12.0   ,             10.6   ,               12.0   ,                         8.0   ,              16   ,        0.6500   ,               36.0   ,                  8327   ,
2026-08-06 19:13:13 ,         139.0   ,            101.3   ,               31.5   ,        45.5   ,               0   ,                   0   ,            973   ,          0   ,                        7   ,                   0   ,                    0   ,               22.0   ,                   7.3   ,               6.3   ,                11.9   ,              4.4   ,               12.0   ,             10.6   ,               12.0   ,                         8.0   ,              16   ,        0.6500   ,               40.0   ,                  8328   ,
2026-08-06 19:13:14 ,         139.0   ,            101.3   ,               31.5   ,        45.5   ,               0   ,                   0   ,            980   ,          2   ,                        7   ,                   0   ,                    0   ,               21.9   ,                   7.2   ,               6.3   ,                11.9   ,              4.3   ,               12.0   ,             10.6   ,               12.0   ,                         8.0   ,              16   ,        0.6500   ,               39.0   ,                  8341   ,
2026-08-06 19:13:15 ,         139.0   ,            101.3   ,               31.6   ,        45.6   ,               0   ,                   0   ,            978   ,          5   ,                        7   ,                   0   ,                    0   ,               21.8   ,                   7.2   ,               6.3   ,                11.9   ,              4.3   ,               12.0   ,             10.5   ,               12.0   ,                         7.9   ,              16   ,        0.6500   ,               35.0   ,                  8347   ,
2026-08-06 19:13:16 ,         139.0   ,            101.3   ,               31.6   ,        45.6   ,               0   ,                   0   ,            975   ,          6   ,                        8   ,                   0   ,                    0   ,               21.9   ,                   7.2   ,               6.3   ,                11.9   ,              4.3   ,               12.0   ,             10.6   ,               12.0   ,                         8.0   ,              16   ,        0.6500   ,               35.0   ,                  8346   ,
2026-08-06 19:13:17 ,         139.0   ,            101.3   ,               31.6   ,        45.6   ,               0   ,                   0   ,            965   ,          8   ,                        8   ,                   0   ,                    0   ,               22.0   ,                   7.3   ,               6.3   ,                11.9   ,              4.4   ,               12.0   ,             10.6   ,               12.0   ,                         8.1   ,              16   ,        0.6500   ,               39.0   ,                  8347   ,
2026-08-06 19:13:18 ,         139.0   ,            101.3   ,               31.7   ,        45.6   ,               0   ,                   0   ,            968   ,          8   ,                        9   ,                   0   ,                    0   ,               20.5   ,                   7.3   ,               6.4   ,                11.9   ,              4.4   ,               12.0   ,             10.6   ,               12.0   ,                         8.0   ,              16   ,        0.6500   ,               43.0   ,                  8346   ,
2026-08-06 19:13:19 ,         139.0   ,            101.3   ,               31.8   ,        45.8   ,               0   ,                   0   ,            967   ,          7   ,                        8   ,                   0   ,                    0   ,               20.0   ,                   6.1   ,               5.8   ,                11.9   ,              3.6   ,               12.0   ,              9.8   ,               12.0   ,                         7.3   ,              16   ,        0.6500   ,               34.0   ,                  8346   ,
2026-08-06 19:13:20 ,         139.0   ,            101.3   ,               31.6   ,        45.6   ,               0   ,                   0   ,            977   ,          6   ,                        8   ,                   0   ,                    0   ,               22.6   ,                   7.5   ,               6.6   ,                11.9   ,              4.5   ,               12.0   ,             10.6   ,               12.0   ,                         8.0   ,              16   ,        0.6500   ,               35.0   ,                  8344   ,
2026-08-06 19:13:21 ,         139.0   ,            101.3   ,               31.5   ,        45.5   ,               0   ,                   0   ,            977   ,          5   ,                        7   ,                   0   ,                    0   ,               21.9   ,                   7.2   ,               6.3   ,                11.9   ,              4.3   ,               12.0   ,             10.6   ,               12.0   ,                         8.2   ,              16   ,        0.6500   ,               35.0   ,                  8344   ,
2026-08-06 19:13:22 ,         139.0   ,            101.3   ,               31.5   ,        45.5   ,               0   ,                   0   ,            975   ,          6   ,                        7   ,                   0   ,                    0   ,               21.3   ,                   6.9   ,               6.1   ,                11.9   ,              4.1   ,               12.0   ,             10.4   ,               12.0   ,                         7.8   ,              16   ,        0.6500   ,               34.0   ,                  8344   ,
2026-08-06 19:13:23 ,         139.0   ,            101.3   ,               31.5   ,        45.5   ,               0   ,                   0   ,            970   ,          5   ,                        8   ,                   0   ,                    0   ,               23.5   ,                   7.3   ,               7.8   ,                11.9   ,              4.4   ,               12.0   ,             10.7   ,               12.0   ,                         8.6   ,              16   ,        0.6500   ,               35.0   ,                  8343   ,
2026-08-06 19:13:24 ,         139.0   ,            101.3   ,               31.5   ,        45.5   ,               0   ,                   0   ,            967   ,          8   ,                        8   ,                   0   ,                    0   ,               21.9   ,                   7.2   ,               6.3   ,                11.9   ,              4.3   ,               12.0   ,             10.6   ,               12.0   ,                         8.0   ,              16   ,        0.6500   ,               34.0   ,                  8344   ,
2026-08-06 19:13:25 ,         139.0   ,            101.3   ,               31.5   ,        45.5   ,               0   ,                   0   ,            969   ,         10   ,                        8   ,                   0   ,                    0   ,               22.1   ,                   7.3   ,               6.4   ,                11.9   ,              4.4   ,               12.0   ,             10.6   ,               12.0   ,                         8.0   ,              16   ,        0.6500   ,               35.0   ,                  8339   ,
2026-08-06 19:13:26 ,         139.0   ,            101.3   ,               31.6   ,        45.6   ,               0   ,                   0   ,            968   ,          5   ,                        8   ,                   0   ,                    0   ,               18.5   ,                   7.3   ,               6.4   ,                11.9   ,              4.4   ,               12.0   ,             10.6   ,               12.0   ,                         8.0   ,              16   ,        0.6500   ,               46.0   ,                  8340   ,
2026-08-06 19:13:27 ,         139.0   ,            101.3   ,               31.4   ,        45.4   ,               0   ,                   0   ,            967   ,          5   ,                        8   ,                   0   ,                    0   ,               22.0   ,                   7.5   ,               6.4   ,                11.9   ,              4.5   ,               12.0   ,             10.6   ,               12.0   ,                         8.1   ,              16   ,        0.6500   ,               42.0   ,                  8340   ,
2026-08-06 19:13:28 ,         139.0   ,            101.3   ,               31.5   ,        45.5   ,               0   ,                   0   ,            967   ,          5   ,                        7   ,                   0   ,                    0   ,               22.2   ,                   7.3   ,               6.4   ,                11.9   ,              4.4   ,               12.0   ,             10.7   ,               12.0   ,                         8.1   ,              16   ,        0.6500   ,               34.0   ,                  8329   ,
2026-08-06 19:13:29 ,         139.0   ,            101.3   ,               31.3   ,        45.3   ,               0   ,                   0   ,            967   ,          5   ,                        8   ,                   0   ,                    0   ,               22.1   ,                   7.3   ,               6.4   ,                11.9   ,              4.4   ,               12.0   ,             10.6   ,               12.0   ,                         8.1   ,              16   ,        0.6500   ,               35.0   ,                  8329   ,
2026-08-06 19:13:30 ,         139.0   ,            101.3   ,               31.4   ,        45.4   ,               0   ,                   0   ,            967   ,          5   ,                        8   ,                   0   ,                    0   ,               22.1   ,                   7.3   ,               6.4   ,                11.9   ,              4.4   ,               12.0   ,             10.6   ,               12.0   ,                         8.0   ,              16   ,        0.6500   ,               34.0   ,                  8327   ,
2026-08-06 19:13:31 ,         139.0   ,            101.3   ,               31.4   ,        45.4   ,               0   ,                   0   ,            967   ,          5   ,                        8   ,                   0   ,                    0   ,               21.7   ,                   7.2   ,               6.3   ,                11.9   ,              4.3   ,               12.0   ,             10.4   ,               12.0   ,                         7.9   ,              16   ,        0.6500   ,               34.0   ,                  8325   ,
2026-08-06 19:13:32 ,         139.0   ,            101.3   ,               31.2   ,        45.2   ,               0   ,                   0   ,            967   ,          0   ,                        7   ,                   0   ,                    0   ,               21.9   ,                   7.2   ,               6.3   ,                11.9   ,              4.3   ,               12.0   ,             10.6   ,               12.0   ,                         8.0   ,              16   ,        0.6500   ,               34.0   ,                  8323   ,
2026-08-06 19:13:33 ,         139.0   ,            101.3   ,               31.3   ,        45.3   ,               0   ,                   0   ,            969   ,          0   ,                        7   ,                   0   ,                    0   ,               22.0   ,                   7.2   ,               6.4   ,                11.9   ,              4.3   ,               12.0   ,             10.6   ,               11.9   ,                         8.0   ,              16   ,        0.6500   ,               39.0   ,                  8322   ,
2026-08-06 19:13:34 ,         139.0   ,            101.3   ,               31.2   ,        45.2   ,               0   ,                   0   ,            967   ,          0   ,                        8   ,                   0   ,                    0   ,               21.9   ,                   7.2   ,               6.3   ,                11.9   ,              4.3   ,               12.0   ,             10.6   ,               11.9   ,                         8.0   ,              16   ,        0.6500   ,               40.0   ,                  8322   ,
2026-08-06 19:13:35 ,         139.0   ,            101.3   ,               31.2   ,        45.2   ,               0   ,                   0   ,            967   ,          0   ,                        7   ,                   0   ,                    0   ,               21.9   ,                   7.2   ,               6.3   ,                11.9   ,              4.3   ,               12.0   ,             10.6   ,               12.0   ,                         8.0   ,              16   ,        0.6500   ,               34.0   ,                  8322   ,
2026-08-06 19:13:36 ,         139.0   ,            101.3   ,               31.1   ,        45.1   ,               0   ,                   0   ,            967   ,          0   ,                        7   ,                   0   ,                    0   ,               21.9   ,                   7.2   ,               6.3   ,                11.9   ,              4.3   ,               12.0   ,             10.6   ,               12.0   ,                         8.0   ,              16   ,        0.6500   ,               41.0   ,                  8322   ,
2026-08-06 19:13:37 ,         139.0   ,            101.3   ,               31.2   ,        45.2   ,               0   ,                   0   ,            967   ,          0   ,                        7   ,                   0   ,                    0   ,               21.9   ,                   7.2   ,               6.3   ,                11.9   ,              4.3   ,               12.0   ,             10.6   ,               12.0   ,                         8.0   ,              16   ,        0.6500   ,               34.0   ,                  8321   ,
2026-08-06 19:13:38 ,         139.0   ,            101.3   ,               31.1   ,        45.1   ,               0   ,                   0   ,            979   ,          0   ,                        7   ,                   0   ,                    0   ,               21.9   ,                   7.2   ,               6.3   ,                11.9   ,              4.3   ,               12.0   ,             10.6   ,               12.0   ,                         8.0   ,              16   ,        0.6500   ,               34.0   ,                  8324   ,
2026-08-06 19:13:39 ,         139.0   ,            101.3   ,               31.1   ,        45.1   ,               0   ,                   0   ,            979   ,          0   ,                        7   ,                   0   ,                    0   ,               23.3   ,                   7.2   ,               7.7   ,                11.9   ,              4.3   ,               12.0   ,             10.6   ,               12.0   ,                         8.5   ,              16   ,        0.6500   ,               36.0   ,                  8324   ,
2026-08-06 19:13:40 ,         139.0   ,            101.3   ,               31.2   ,        45.2   ,               0   ,                   0   ,            979   ,          0   ,                        7   ,                   0   ,                    0   ,               22.0   ,                   7.2   ,               6.4   ,                11.9   ,              4.3   ,               12.0   ,             10.6   ,               12.0   ,                         8.0   ,              16   ,        0.6500   ,               34.0   ,                  8324   ,
2026-08-06 19:13:41 ,         139.0   ,            101.3   ,               31.1   ,        45.1   ,               0   ,                   0   ,            979   ,          0   ,                        7   ,                   0   ,                    0   ,               21.8   ,                   7.2   ,               6.3   ,                11.9   ,              4.3   ,               12.0   ,             10.5   ,               12.0   ,                         7.9   ,              16   ,        0.6500   ,               37.0   ,                  8324   ,
2026-08-06 19:13:42 ,         139.0   ,            101.3   ,               31.1   ,        45.1   ,               0   ,                   0   ,            979   ,          0   ,                        7   ,                   0   ,                    0   ,               21.9   ,                   7.2   ,               6.3   ,                11.9   ,              4.3   ,               12.0   ,             10.6   ,               12.0   ,                         8.0   ,              16   ,        0.6500   ,               35.0   ,                  8341   ,
2026-08-06 19:13:43 ,         139.0   ,            101.3   ,               31.0   ,        45.0   ,               0   ,                   0   ,            979   ,          0   ,                        7   ,                   0   ,                    0   ,               22.1   ,                   7.3   ,               6.4   ,                11.9   ,              4.4   ,               12.0   ,             10.6   ,               12.0   ,                         8.0   ,              16   ,        0.6500   ,               34.0   ,                  8341   ,
2026-08-06 19:13:44 ,         139.0   ,            101.3   ,               31.0   ,        45.0   ,               0   ,                   0   ,            979   ,          0   ,                        7   ,                   0   ,                    0   ,               21.9   ,                   7.2   ,               6.3   ,                11.9   ,              4.3   ,               12.0   ,             10.6   ,               12.0   ,                         8.0   ,              16   ,        0.6500   ,               34.0   ,                  8341   ,
2026-08-06 19:13:45 ,         139.0   ,            101.3   ,               30.9   ,        44.9   ,               0   ,                   0   ,            979   ,          0   ,                        7   ,                   0   ,                    0   ,               21.9   ,                   7.3   ,               6.3   ,                11.9   ,              4.4   ,               12.0   ,             10.5   ,               12.0   ,                         8.0   ,              16   ,        0.6500   ,               35.0   ,                  8341   ,
2026-08-06 19:13:46 ,         139.0   ,            101.3   ,               30.9   ,        44.9   ,               0   ,                   0   ,            979   ,          0   ,                        7   ,                   0   ,                    0   ,               22.0   ,                   7.3   ,               6.3   ,                11.9   ,              4.4   ,               12.0   ,             10.6   ,               11.9   ,                         8.0   ,              16   ,        0.6500   ,               40.0   ,                  8341   ,
2026-08-06 19:13:47 ,         139.0   ,            101.3   ,               31.0   ,        45.0   ,               0   ,                   0   ,            979   ,          0   ,                        7   ,                   0   ,                    0   ,               22.0   ,                   7.3   ,               6.4   ,                11.9   ,              4.4   ,               12.0   ,             10.5   ,               12.0   ,                         8.0   ,              16   ,        0.6500   ,               39.0   ,                  8341   ,
2026-08-06 19:13:48 ,         139.0   ,            101.3   ,               31.0   ,        45.0   ,               0   ,                   0   ,            979   ,          0   ,                        7   ,                   0   ,                    0   ,               21.9   ,                   7.2   ,               6.3   ,                11.9   ,              4.3   ,               12.0   ,             10.6   ,               12.0   ,                         8.0   ,              16   ,        0.6500   ,               35.0   ,                  8341   ,
2026-08-06 19:13:49 ,         139.0   ,            101.3   ,               30.9   ,        44.9   ,               0   ,                   0   ,            976   ,          0   ,                        7   ,                   0   ,                    0   ,               21.9   ,                   7.2   ,               6.3   ,                11.9   ,              4.3   ,               12.0   ,             10.6   ,               12.0   ,                         8.0   ,              16   ,        0.6500   ,               34.0   ,                  8341   ,
2026-08-06 19:13:50 ,         139.0   ,            101.3   ,               30.8   ,        44.8   ,               0   ,                   0   ,            976   ,          1   ,                        7   ,                   0   ,                    0   ,               21.9   ,                   7.2   ,               6.3   ,                11.9   ,              4.3   ,               12.0   ,             10.6   ,               12.0   ,                         8.0   ,              16   ,        0.6500   ,               34.0   ,                  8341   ,
2026-08-06 19:13:51 ,         139.0   ,            101.3   ,               30.9   ,        44.9   ,               0   ,                   0   ,            974   ,          1   ,                        7   ,                   0   ,                    0   ,               22.0   ,                   7.3   ,               6.3   ,                11.9   ,              4.4   ,               12.0   ,             10.6   ,               12.0   ,                         8.0   ,              16   ,        0.6500   ,               41.0   ,                  8341   ,
2026-08-06 19:13:52 ,         139.0   ,            101.3   ,               30.8   ,        44.8   ,               0   ,                   0   ,            974   ,          1   ,                        7   ,                   0   ,                    0   ,               21.9   ,                   7.2   ,               6.3   ,                11.9   ,              4.3   ,               12.0   ,             10.6   ,               12.0   ,                         8.0   ,              16   ,        0.6500   ,               35.0   ,                  8341   ,
2026-08-06 19:13:53 ,         139.0   ,            101.3   ,               30.8   ,        44.8   ,               0   ,                   0   ,            974   ,          1   ,                        7   ,                   0   ,                    0   ,               21.8   ,                   7.2   ,               6.3   ,                11.9   ,              4.3   ,               12.0   ,             10.5   ,               11.9   ,                         7.9   ,              16   ,        0.6500   ,               34.0   ,                  8341   ,
2026-08-06 19:13:54 ,         139.0   ,            101.3   ,               30.8   ,        44.8   ,               0   ,                   0   ,            974   ,          1   ,                        7   ,                   0   ,                    0   ,               21.9   ,                   7.2   ,               6.3   ,                11.9   ,              4.3   ,               12.0   ,             10.6   ,               12.0   ,                         8.0   ,              16   ,        0.6500   ,               38.0   ,                  8341   ,
2026-08-06 19:13:55 ,         139.0   ,            101.3   ,               31.0   ,        45.0   ,               0   ,                   0   ,            971   ,          1   ,                        7   ,                   0   ,                    0   ,               23.1   ,                   7.2   ,               7.6   ,                11.9   ,              4.3   ,               12.0   ,             10.5   ,               12.0   ,                         8.4   ,              16   ,        0.6500   ,               40.0   ,                  8340   ,
2026-08-06 19:13:56 ,         139.0   ,            101.3   ,               30.8   ,        44.8   ,               0   ,                   0   ,            971   ,          1   ,                        7   ,                   0   ,                    0   ,               21.9   ,                   7.3   ,               6.3   ,                11.9   ,              4.4   ,               12.0   ,             10.5   ,               12.0   ,                         8.0   ,              16   ,        0.6500   ,               36.0   ,                  8340   ,
2026-08-06 19:13:57 ,         139.0   ,            101.3   ,               30.8   ,        44.8   ,               0   ,                   0   ,            971   ,          1   ,                        7   ,                   0   ,                    0   ,               22.0   ,                   7.3   ,               6.3   ,                11.9   ,              4.4   ,               12.0   ,             10.6   ,               11.9   ,                         8.0   ,              16   ,        0.6500   ,               35.0   ,                  8338   ,
2026-08-06 19:13:58 ,         139.0   ,            101.3   ,               30.7   ,        44.7   ,               0   ,                   0   ,            971   ,          1   ,                        7   ,                   0   ,                    0   ,               21.9   ,                   7.2   ,               6.3   ,                11.9   ,              4.3   ,               12.0   ,             10.6   ,               12.0   ,                         8.0   ,              16   ,        0.6500   ,               37.0   ,                  8340   ,
2026-08-06 19:13:59 ,         139.0   ,            101.3   ,               30.7   ,        44.7   ,               0   ,                   0   ,            971   ,          1   ,                        7   ,                   0   ,                    0   ,               21.9   ,                   7.2   ,               6.3   ,                11.9   ,              4.3   ,               12.0   ,             10.6   ,               12.0   ,                         8.0   ,              16   ,        0.6500   ,               35.0   ,                  8339   ,
2026-08-06 19:14:00 ,         139.0   ,            101.3   ,               30.7   ,        44.7   ,               0   ,                   0   ,            971   ,          1   ,                        7   ,                   0   ,                    0   ,               21.8   ,                   7.2   ,               6.3   ,                11.9   ,              4.3   ,               12.0   ,             10.5   ,               12.0   ,                         7.9   ,              16   ,        0.6500   ,               36.0   ,                  8339   ,
2026-08-06 19:14:01 ,         139.0   ,            101.3   ,               30.8   ,        44.8   ,               0   ,                   0   ,            971   ,          0   ,                        7   ,                   0   ,                    0   ,               21.7   ,                   7.2   ,               6.2   ,                11.9   ,              4.3   ,               12.0   ,             10.5   ,               11.9   ,                         7.9   ,              16   ,        0.6500   ,               34.0   ,                  8338   ,
2026-08-06 19:14:02 ,         139.0   ,            101.3   ,               30.8   ,        44.8   ,               0   ,                   0   ,            971   ,          0   ,                        7   ,                   0   ,                    0   ,               21.8   ,                   7.2   ,               6.3   ,                11.9   ,              4.3   ,               12.0   ,             10.5   ,               12.0   ,                         7.9   ,              16   ,        0.6500   ,               36.0   ,                  8339   ,
2026-08-06 19:14:03 ,         139.0   ,            101.3   ,               30.6   ,        44.6   ,               0   ,                   0   ,            972   ,          0   ,                        8   ,                   0   ,                    0   ,               21.0   ,                   6.7   ,               6.0   ,                11.9   ,              4.0   ,               12.0   ,             10.3   ,               12.0   ,                         7.7   ,              16   ,        0.6500   ,               34.0   ,                  8339   ,
2026-08-06 19:14:04 ,         139.0   ,            101.3   ,               30.8   ,        44.8   ,               0   ,                   0   ,            972   ,          0   ,                        7   ,                   0   ,                    0   ,               22.1   ,                   7.3   ,               6.3   ,                11.9   ,              4.4   ,               12.0   ,             10.7   ,               11.9   ,                         8.0   ,              16   ,        0.6500   ,               41.0   ,                  8339   ,
2026-08-06 19:14:05 ,         139.0   ,            101.3   ,               30.7   ,        44.7   ,               0   ,                   0   ,            979   ,         16   ,                       10   ,                   0   ,                    0   ,               22.0   ,                   7.3   ,               6.3   ,                11.9   ,              4.4   ,               12.0   ,             10.6   ,               12.0   ,                         8.0   ,              16   ,        0.6500   ,               42.0   ,                  8341   ,
2026-08-06 19:14:06 ,         139.0   ,            101.3   ,               30.7   ,        44.7   ,               0   ,                   0   ,            979   ,          5   ,                        9   ,                   0   ,                    0   ,               21.9   ,                   7.2   ,               6.3   ,                11.9   ,              4.3   ,               12.0   ,             10.6   ,               12.0   ,                         8.0   ,              16   ,        0.6500   ,               40.0   ,                  8347   ,
2026-08-06 19:14:07 ,         139.0   ,            101.3   ,               30.8   ,        44.8   ,               0   ,                   0   ,            975   ,          7   ,                        8   ,                   0   ,                    0   ,               21.8   ,                   7.2   ,               6.3   ,                11.9   ,              4.3   ,               12.0   ,             10.5   ,               12.0   ,                         8.1   ,              16   ,        0.6500   ,               35.0   ,                  8347   ,
2026-08-06 19:14:08 ,         139.0   ,            101.3   ,               30.7   ,        44.7   ,               0   ,                   0   ,            962   ,          5   ,                        7   ,                   0   ,                    0   ,               20.8   ,                   6.4   ,               6.0   ,                11.9   ,              3.8   ,               12.0   ,             10.2   ,               12.0   ,                         7.5   ,              16   ,        0.6500   ,               34.0   ,                  8347   ,
2026-08-06 19:14:09 ,         139.0   ,            101.3   ,               30.8   ,        44.8   ,               0   ,                   0   ,            962   ,          5   ,                        7   ,                   0   ,                    0   ,               22.5   ,                   7.5   ,               6.5   ,                11.9   ,              4.5   ,               12.0   ,             10.8   ,               12.0   ,                         8.2   ,              16   ,        0.6500   ,               36.0   ,                  8347   ,
2026-08-06 19:14:10 ,         139.0   ,            101.3   ,               30.8   ,        44.8   ,               0   ,                   0   ,            961   ,          5   ,                        8   ,                   0   ,                    0   ,               21.9   ,                   7.2   ,               6.3   ,                11.9   ,              4.3   ,               12.0   ,             10.6   ,               12.0   ,                         8.1   ,              16   ,        0.6500   ,               34.0   ,                  8347   ,
2026-08-06 19:14:11 ,         139.0   ,            101.3   ,               30.8   ,        44.8   ,               0   ,                   0   ,            961   ,          5   ,                        8   ,                   0   ,                    0   ,               23.5   ,                   7.3   ,               7.7   ,                11.9   ,              4.4   ,               12.0   ,             10.7   ,               12.0   ,                         8.6   ,              16   ,        0.6500   ,               34.0   ,                  8342   ,
2026-08-06 19:14:12 ,         139.0   ,            101.3   ,               30.8   ,        44.8   ,               0   ,                   0   ,            961   ,          6   ,                        8   ,                   0   ,                    0   ,               20.0   ,                   7.3   ,               6.4   ,                11.9   ,              4.4   ,               12.0   ,             10.6   ,               12.0   ,                         8.0   ,              16   ,        0.6500   ,               37.0   ,                  8338   ,
2026-08-06 19:14:13 ,         139.0   ,            101.3   ,               30.8   ,        44.8   ,               0   ,                   0   ,            961   ,          6   ,                        7   ,                   0   ,                    0   ,               21.9   ,                   7.2   ,               6.3   ,                11.9   ,              4.3   ,               12.0   ,             10.6   ,               12.0   ,                         8.0   ,              16   ,        0.6500   ,               37.0   ,                  8337   ,
2026-08-06 19:14:14 ,         139.0   ,            101.3   ,               30.8   ,        44.8   ,               0   ,                   0   ,            961   ,          5   ,                        8   ,                   0   ,                    0   ,               22.0   ,                   7.3   ,               6.3   ,                11.9   ,              4.4   ,               12.0   ,             10.6   ,               12.0   ,                         8.0   ,              16   ,        0.6500   ,               35.0   ,                  8337   ,
2026-08-06 19:14:15 ,         139.0   ,            101.3   ,               30.7   ,        44.7   ,               0   ,                   0   ,            961   ,          4   ,                        7   ,                   0   ,                    0   ,               21.9   ,                   7.2   ,               6.3   ,                11.9   ,              4.3   ,               12.0   ,             10.6   ,               12.0   ,                         8.0   ,              16   ,        0.6500   ,               36.0   ,                  8336   ,
2026-08-06 19:14:16 ,         139.0   ,            101.3   ,               30.8   ,        44.8   ,               0   ,                   0   ,            961   ,          5   ,                        7   ,                   0   ,                    0   ,               22.1   ,                   7.3   ,               6.4   ,                11.9   ,              4.4   ,               12.0   ,             10.6   ,               12.0   ,                         8.1   ,              16   ,        0.6500   ,               37.0   ,                  8336   ,
2026-08-06 19:14:17 ,         139.0   ,            101.3   ,               30.6   ,        44.6   ,               0   ,                   0   ,            961   ,          0   ,                        7   ,                   0   ,                    0   ,               21.8   ,                   7.2   ,               6.3   ,                11.9   ,              4.3   ,               12.0   ,             10.5   ,               12.0   ,                         7.9   ,              16   ,        0.6500   ,               34.0   ,                  8336   ,
2026-08-06 19:14:18 ,         139.0   ,            101.3   ,               30.5   ,        44.5   ,               0   ,                   0   ,            964   ,          0   ,                        7   ,                   0   ,                    0   ,               21.9   ,                   7.2   ,               6.3   ,                11.9   ,              4.3   ,               12.0   ,             10.6   ,               11.9   ,                         8.0   ,              16   ,        0.6500   ,               34.0   ,                  8336   ,
2026-08-06 19:14:19 ,         139.0   ,            101.3   ,               30.5   ,        44.5   ,               0   ,                   0   ,            964   ,          0   ,                        7   ,                   0   ,                    0   ,               21.9   ,                   7.2   ,               6.3   ,                11.9   ,              4.3   ,               12.0   ,             10.6   ,               11.9   ,                         8.0   ,              16   ,        0.6500   ,               40.0   ,                  8336   ,
2026-08-06 19:14:20 ,         139.0   ,            101.3   ,               30.6   ,        44.6   ,               0   ,                   0   ,            964   ,          0   ,                        7   ,                   0   ,                    0   ,               21.9   ,                   7.2   ,               6.3   ,                11.9   ,              4.3   ,               12.0   ,             10.6   ,               11.9   ,                         8.0   ,              16   ,        0.6500   ,               34.0   ,                  8336   ,
2026-08-06 19:14:21 ,         139.0   ,            101.3   ,               30.6   ,        44.6   ,               0   ,                   0   ,            964   ,          0   ,                        7   ,                   0   ,                    0   ,               21.9   ,                   7.2   ,               6.3   ,                11.9   ,              4.3   ,               12.0   ,             10.6   ,               12.0   ,                         8.0   ,              16   ,        0.6500   ,               34.0   ,                  8336   ,
2026-08-06 19:14:22 ,         139.0   ,            101.3   ,               30.6   ,        44.6   ,               0   ,                   0   ,            964   ,          0   ,                        7   ,                   0   ,                    0   ,               21.9   ,                   7.2   ,               6.3   ,                11.9   ,              4.3   ,               12.0   ,             10.6   ,               12.0   ,                         8.0   ,              16   ,        0.6500   ,               35.0   ,                  8335   ,
2026-08-06 19:14:23 ,         139.0   ,            101.3   ,               30.6   ,        44.6   ,               0   ,                   0   ,            964   ,          1   ,                        7   ,                   0   ,                    0   ,               21.9   ,                   7.2   ,               6.3   ,                11.9   ,              4.3   ,               12.0   ,             10.6   ,               12.0   ,                         8.0   ,              16   ,        0.6500   ,               34.0   ,                  8335   ,
2026-08-06 19:14:24 ,         139.0   ,            101.3   ,               30.5   ,        44.5   ,               0   ,                   0   ,            964   ,          1   ,                        7   ,                   0   ,                    0   ,               21.9   ,                   7.2   ,               6.3   ,                11.9   ,              4.3   ,               12.0   ,             10.6   ,               12.0   ,                         8.0   ,              16   ,        0.6500   ,               34.0   ,                  8335   ,
2026-08-06 19:14:25 ,         139.0   ,            101.3   ,               30.5   ,        44.5   ,               0   ,                   0   ,            964   ,          1   ,                        7   ,                   0   ,                    0   ,               21.8   ,                   7.2   ,               6.3   ,                11.9   ,              4.3   ,               12.0   ,             10.5   ,               12.0   ,                         7.9   ,              16   ,        0.6500   ,               34.0   ,                  8335   ,
2026-08-06 19:14:26 ,         139.0   ,            101.3   ,               30.6   ,        44.6   ,               0   ,                   0   ,            964   ,          1   ,                        7   ,                   0   ,                    0   ,               21.8   ,                   7.2   ,               6.3   ,                11.9   ,              4.3   ,               12.0   ,             10.5   ,               12.0   ,                         7.9   ,              16   ,        0.6500   ,               34.0   ,                  8335   ,
2026-08-06 19:14:27 ,         139.0   ,            101.3   ,               30.4   ,        44.4   ,               0   ,                   0   ,            964   ,          1   ,                        7   ,                   0   ,                    0   ,               23.3   ,                   7.2   ,               7.7   ,                11.9   ,              4.3   ,               12.0   ,             10.6   ,               12.0   ,                         8.5   ,              16   ,        0.6500   ,               46.0   ,                  8335   ,
2026-08-06 19:14:28 ,         139.0   ,            101.3   ,               30.5   ,        44.5   ,               0   ,                   0   ,            964   ,          1   ,                        7   ,                   0   ,                    0   ,               21.9   ,                   7.2   ,               6.3   ,                11.9   ,              4.3   ,               12.0   ,             10.6   ,               12.0   ,                         8.0   ,              16   ,        0.6500   ,               36.0   ,                  8335   ,
2026-08-06 19:14:29 ,         139.0   ,            101.3   ,               30.4   ,        44.4   ,               0   ,                   0   ,            967   ,          1   ,                        7   ,                   0   ,                    0   ,               21.9   ,                   7.2   ,               6.3   ,                11.9   ,              4.3   ,               12.0   ,             10.6   ,               12.0   ,                         8.0   ,              16   ,        0.6500   ,               37.0   ,                  8365   ,
2026-08-06 19:14:30 ,         139.0   ,            101.3   ,               30.5   ,        44.5   ,               0   ,                   0   ,            965   ,          7   ,                        8   ,                   0   ,                    0   ,               21.9   ,                   7.2   ,               6.3   ,                11.9   ,              4.3   ,               12.0   ,             10.6   ,               12.0   ,                         8.0   ,              16   ,        0.6500   ,               37.0   ,                  8366   ,
2026-08-06 19:14:31 ,         139.0   ,            101.3   ,               30.4   ,        44.4   ,               0   ,                   0   ,            955   ,          0   ,                        8   ,                   0   ,                    0   ,               21.7   ,                   7.0   ,               6.2   ,                11.9   ,              4.2   ,               12.0   ,             10.6   ,               12.0   ,                         7.9   ,              16   ,        0.6500   ,               35.0   ,                  8384   ,
2026-08-06 19:14:32 ,         139.0   ,            101.3   ,               30.4   ,        44.4   ,               0   ,                   0   ,            977   ,          8   ,                        9   ,                   0   ,                    0   ,               22.1   ,                   7.3   ,               6.3   ,                11.9   ,              4.4   ,               12.0   ,             10.7   ,               12.0   ,                         8.0   ,              16   ,        0.6500   ,               46.0   ,                  8451   ,
2026-08-06 19:14:33 ,         139.0   ,            101.3   ,               30.3   ,        44.3   ,               0   ,                   0   ,            976   ,          3   ,                        8   ,                   0   ,                    0   ,               22.0   ,                   7.2   ,               6.3   ,                11.9   ,              4.3   ,               12.0   ,             10.7   ,               12.0   ,                         8.0   ,              16   ,        0.6500   ,               35.0   ,                  8452   ,
2026-08-06 19:14:34 ,         139.0   ,            101.3   ,               30.4   ,        44.4   ,               0   ,                   0   ,            976   ,          1   ,                        8   ,                   0   ,                    0   ,               20.0   ,                   6.2   ,               5.8   ,                11.9   ,              3.7   ,               12.0   ,              9.8   ,               12.0   ,                         7.3   ,              16   ,        0.6500   ,               34.0   ,                  8454   ,
2026-08-06 19:14:35 ,         139.0   ,            101.3   ,               30.4   ,        44.4   ,               0   ,                   0   ,            976   ,          4   ,                        8   ,                   0   ,                    0   ,               21.1   ,                   6.7   ,               6.1   ,                11.9   ,              4.0   ,               12.0   ,             10.3   ,               12.0   ,                         7.7   ,              16   ,        0.6500   ,               34.0   ,                  8451   ,
2026-08-06 19:14:36 ,         139.0   ,            101.3   ,               30.4   ,        44.4   ,               0   ,                   0   ,            976   ,          0   ,                        7   ,                   0   ,                    0   ,               21.9   ,                   7.2   ,               6.3   ,                11.9   ,              4.3   ,               12.0   ,             10.6   ,               11.9   ,                         8.0   ,              16   ,        0.6500   ,               39.0   ,                  8455   ,
