        Date        , GPU Clock [MHz] , Memory Clock [MHz] , GPU Temperature [°C] , Hot Spot [°C] , Fan Speed (%) [%] , Fan Speed (RPM) [RPM] , Memory Used [MB] , GPU Load [%] , Memory Controller Load [%] , Video Engine Load [%] , Bus Interface Load [%] , Board Power Draw [W] , GPU Chip Power Draw [W] , PCIe Slot Power [W] , PCIe Slot Voltage [V] , 8-Pin #1 Power [W] , 8-Pin #1 Voltage [V] , 8-Pin #2 Power [W] , 8-Pin #2 Voltage [V] , Power Consumption (%) [% TDP] , PerfCap Reason [] , GPU Voltage [V] , CPU Temperature [°C] , System Memory Used [MB] ,
2026-08-20 18:01:38 ,         139.0   ,            101.3   ,               26.1   ,        40.1   ,               0   ,                   0   ,            802   ,          2   ,                        8   ,                   0   ,                    0   ,               18.3   ,                   8.1   ,               3.8   ,                11.9   ,              4.9   ,               12.0   ,              8.9   ,               12.0   ,                         6.7   ,              16   ,        0.6500   ,               32.0   ,                  5774   ,
2026-08-20 18:01:39 ,         139.0   ,            101.3   ,               26.1   ,        40.1   ,               0   ,                   0   ,            798   ,          2   ,                        8   ,                   0   ,                    1   ,               18.0   ,                   7.7   ,               4.0   ,                11.9   ,              4.6   ,               12.0   ,              8.7   ,               12.0   ,                         6.5   ,              16   ,        0.6500   ,               31.0   ,                  5775   ,
2026-08-20 18:01:40 ,         139.0   ,            101.3   ,               26.2   ,        40.2   ,               0   ,                   0   ,            813   ,          4   ,                       10   ,                   0   ,                    0   ,               17.2   ,                   7.2   ,               3.7   ,                12.0   ,              4.3   ,               12.0   ,              8.5   ,               12.0   ,                         6.3   ,              16   ,        0.6500   ,               32.0   ,                  5780   ,
2026-08-20 18:01:41 ,         139.0   ,            101.3   ,               26.1   ,        40.1   ,               0   ,                   0   ,            806   ,          2   ,                        7   ,                   0   ,                    0   ,               22.3   ,                   9.6   ,               5.3   ,                11.9   ,              5.6   ,               12.0   ,             10.6   ,               12.0   ,                         8.0   ,              16   ,        0.6500   ,               37.0   ,                  5775   ,
2026-08-20 18:01:42 ,         139.0   ,            101.3   ,               26.0   ,        40.0   ,               0   ,                   0   ,            789   ,         36   ,                       22   ,                   0   ,                    1   ,               18.4   ,                   7.8   ,               4.0   ,                12.0   ,              4.7   ,               12.0   ,              9.0   ,               12.0   ,                         6.7   ,              16   ,        0.6500   ,               33.0   ,                  5780   ,
2026-08-20 18:01:43 ,         139.0   ,            101.3   ,               26.1   ,        40.1   ,               0   ,                   0   ,            789   ,          5   ,                        8   ,                   0   ,                    1   ,               20.4   ,                   8.9   ,               4.6   ,                12.0   ,              5.4   ,               12.0   ,              9.8   ,               12.0   ,                         7.4   ,              16   ,        0.6500   ,               31.0   ,                  5763   ,
2026-08-20 18:01:44 ,         139.0   ,            101.3   ,               26.1   ,        40.1   ,               0   ,                   0   ,            789   ,          2   ,                        8   ,                   0   ,                    0   ,               21.4   ,                   9.3   ,               5.0   ,                12.0   ,              5.6   ,               12.0   ,             10.1   ,               12.0   ,                         7.8   ,              16   ,        0.6500   ,               32.0   ,                  5766   ,
2026-08-20 18:01:45 ,         139.0   ,            101.3   ,               26.1   ,        40.1   ,               0   ,                   0   ,            789   ,          4   ,                        8   ,                   0   ,                    0   ,               19.9   ,                   8.9   ,               4.4   ,                12.0   ,              5.4   ,               12.0   ,             10.6   ,               12.0   ,                         8.3   ,              16   ,        0.6500   ,               34.0   ,                  5765   ,
2026-08-20 18:01:46 ,         139.0   ,            101.3   ,               26.1   ,        40.1   ,               0   ,                   0   ,            791   ,          3   ,                        8   ,                   0   ,                    0   ,               21.7   ,                   9.1   ,               5.0   ,                12.0   ,              5.5   ,               12.0   ,             10.6   ,               12.0   ,                         7.9   ,              16   ,        0.6500   ,               31.0   ,                  5766   ,
2026-08-20 18:01:47 ,         139.0   ,            101.3   ,               26.2   ,        40.2   ,               0   ,                   0   ,            791   ,          3   ,                        8   ,                   0   ,                    1   ,               22.0   ,                   9.4   ,               5.1   ,                11.9   ,              5.6   ,               12.0   ,             10.6   ,               12.0   ,                         8.0   ,              16   ,        0.6500   ,               31.0   ,                  5761   ,
2026-08-20 18:01:48 ,        1151.5   ,           1377.0   ,               26.8   ,        40.8   ,               0   ,                   0   ,            871   ,         95   ,                       12   ,                   0   ,                    2   ,              145.8   ,                  87.5   ,              29.4   ,                11.9   ,             52.5   ,               11.9   ,             63.2   ,               11.9   ,                        53.0   ,               1   ,        0.7810   ,               47.0   ,                  5966   ,
2026-08-20 18:01:49 ,        1733.5   ,           1377.0   ,               30.8   ,        44.8   ,               0   ,                   0   ,            871   ,         94   ,                       87   ,                   0   ,                    0   ,              274.5   ,                 205.2   ,              36.8   ,                11.9   ,            123.1   ,               11.8   ,            113.9   ,               11.9   ,                        99.8   ,               1   ,        0.8930   ,               47.0   ,                  6024   ,
2026-08-20 18:01:50 ,        1733.5   ,           1377.0   ,               31.5   ,        45.5   ,               0   ,                   0   ,            871   ,         96   ,                       94   ,                   0   ,                    0   ,              265.5   ,                  79.3   ,              25.5   ,                11.9   ,             47.6   ,               11.9   ,             56.7   ,               11.9   ,                        47.5   ,              16   ,        0.8930   ,               36.0   ,                  5972   ,
2026-08-20 18:01:51 ,        1759.0   ,           1377.0   ,               32.1   ,        46.1   ,               0   ,                   0   ,            871   ,         87   ,                       85   ,                   0   ,                    0   ,              138.0   ,                  86.3   ,              26.2   ,                11.9   ,             51.8   ,               11.9   ,             59.3   ,               11.9   ,                        50.2   ,               1   ,        0.9000   ,               46.0   ,                  5951   ,
2026-08-20 18:01:52 ,        1721.0   ,           1377.0   ,               32.3   ,        46.3   ,               0   ,                   0   ,            871   ,         95   ,                       92   ,                   0   ,                    0   ,              182.1   ,                 122.1   ,              29.6   ,                11.9   ,             95.5   ,               11.9   ,             93.3   ,               11.9   ,                        80.9   ,              16   ,        0.8810   ,               46.0   ,                  5947   ,
2026-08-20 18:01:53 ,        1733.5   ,           1377.0   ,               32.8   ,        46.8   ,               0   ,                   0   ,            871   ,         96   ,                       93   ,                   0   ,                    0   ,              278.8   ,                 210.4   ,              37.1   ,                11.9   ,            126.2   ,               11.9   ,            114.8   ,               11.9   ,                        41.8   ,              16   ,        0.8930   ,               47.0   ,                  5936   ,
2026-08-20 18:01:54 ,        1733.5   ,           1377.0   ,               33.2   ,        47.2   ,               0   ,                   0   ,            871   ,         86   ,                       83   ,                   0   ,                    0   ,              267.0   ,                 200.1   ,              36.3   ,                11.9   ,            120.1   ,               11.9   ,            110.0   ,               11.9   ,                        97.1   ,               1   ,        0.8810   ,               48.0   ,                  5923   ,
2026-08-20 18:01:55 ,        1746.5   ,           1377.0   ,               33.5   ,        47.5   ,               0   ,                   0   ,            871   ,         85   ,                       81   ,                   0   ,                    0   ,              223.7   ,                 158.7   ,              32.9   ,                11.9   ,             95.2   ,               11.9   ,             94.9   ,               11.9   ,                        81.3   ,              16   ,        0.8930   ,               48.0   ,                  5913   ,
2026-08-20 18:01:56 ,        1733.5   ,           1377.0   ,               33.8   ,        47.8   ,               0   ,                   0   ,            871   ,         95   ,                       93   ,                   0   ,                    0   ,              110.3   ,                  62.8   ,              23.9   ,                11.9   ,             37.7   ,               12.0   ,             48.0   ,               11.9   ,                        40.1   ,               1   ,        0.9000   ,               48.0   ,                  5908   ,
2026-08-20 18:01:57 ,        1733.5   ,           1377.0   ,               34.1   ,        48.1   ,               0   ,                   0   ,            871   ,         93   ,                       90   ,                   0   ,                    0   ,              269.0   ,                 197.4   ,              36.5   ,                11.9   ,            118.5   ,               11.9   ,            113.4   ,               11.9   ,                        97.8   ,               1   ,        0.9000   ,               49.0   ,                  5909   ,
2026-08-20 18:01:58 ,        1733.5   ,           1377.0   ,               34.4   ,        48.4   ,               0   ,                   0   ,            871   ,         95   ,                       93   ,                   0   ,                    0   ,              275.7   ,                 206.8   ,              36.9   ,                11.9   ,            124.1   ,               11.9   ,            114.0   ,               11.9   ,                       100.2   ,              16   ,        0.8930   ,               46.0   ,                  5905   ,
2026-08-20 18:01:59 ,        1721.0   ,           1377.0   ,               34.5   ,        48.5   ,               0   ,                   0   ,            871   ,         95   ,                       91   ,                   0   ,                    0   ,              230.5   ,                 169.1   ,              33.7   ,                11.9   ,            100.8   ,               11.9   ,             97.1   ,               11.9   ,                        84.4   ,              16   ,        0.8810   ,               44.0   ,                  5899   ,
2026-08-20 18:02:00 ,        1721.0   ,           1377.0   ,               35.1   ,        49.1   ,               0   ,                   0   ,            871   ,         96   ,                       94   ,                   0   ,                    0   ,              212.7   ,                 150.3   ,              31.9   ,                11.9   ,             90.2   ,               11.9   ,             90.0   ,               11.9   ,                        92.4   ,              16   ,        0.8810   ,               45.0   ,                  5904   ,
2026-08-20 18:02:01 ,        1721.0   ,           1377.0   ,               35.4   ,        49.4   ,               0   ,                   0   ,            871   ,         96   ,                       93   ,                   0   ,                    0   ,              272.7   ,                 202.5   ,              37.1   ,                11.9   ,            121.5   ,               11.9   ,            113.3   ,               11.9   ,                        99.1   ,               1   ,        0.8810   ,               46.0   ,                  5903   ,
2026-08-20 18:02:02 ,        1733.5   ,           1377.0   ,               35.8   ,        49.8   ,               0   ,                   0   ,            871   ,         96   ,                       94   ,                   0   ,                    0   ,              193.8   ,                 135.6   ,              30.7   ,                11.9   ,             81.3   ,               11.9   ,             81.2   ,               11.9   ,                        70.5   ,               1   ,        0.8930   ,               48.0   ,                  5902   ,
2026-08-20 18:02:03 ,        1733.5   ,           1377.0   ,               36.1   ,        50.1   ,               0   ,                   0   ,            871   ,         95   ,                       92   ,                   0   ,                    0   ,              179.2   ,                 126.1   ,              29.4   ,                11.9   ,             75.7   ,               11.9   ,             73.4   ,               11.9   ,                        65.2   ,               1   ,        0.8930   ,               45.0   ,                  5902   ,
2026-08-20 18:02:04 ,        1721.0   ,           1377.0   ,               36.4   ,        50.4   ,               0   ,                   0   ,            871   ,         95   ,                       92   ,                   0   ,                    0   ,              264.8   ,                 196.8   ,              36.9   ,                11.9   ,            118.1   ,               11.9   ,            109.2   ,               11.9   ,                        96.3   ,               1   ,        0.8810   ,               47.0   ,                  5905   ,
2026-08-20 18:02:05 ,        1733.5   ,           1377.0   ,               36.7   ,        50.7   ,               0   ,                   0   ,            871   ,         94   ,                       90   ,                   0   ,                    0   ,              260.8   ,                  75.2   ,              25.2   ,                11.9   ,             45.1   ,               12.0   ,             54.1   ,               11.9   ,                        45.5   ,              16   ,        0.8810   ,               47.0   ,                  5899   ,
2026-08-20 18:02:06 ,        1721.0   ,           1377.0   ,               36.9   ,        50.9   ,               0   ,                   0   ,            871   ,         96   ,                       93   ,                   0   ,                    0   ,              241.8   ,                 177.4   ,              34.8   ,                11.9   ,            106.4   ,               11.9   ,             99.9   ,               11.9   ,                        87.9   ,               1   ,        0.8810   ,               47.0   ,                  5906   ,
2026-08-20 18:02:07 ,        1721.0   ,           1377.0   ,               37.3   ,        51.3   ,               0   ,                   0   ,            871   ,         95   ,                       92   ,                   0   ,                    0   ,              263.2   ,                     -   ,                 -   ,                   -   ,                -   ,                  -   ,                -   ,                  -   ,                        95.7   ,              16   ,        0.8810   ,               45.0   ,                  5902   ,
2026-08-20 18:02:08 ,        1733.5   ,           1377.0   ,               37.5   ,        51.5   ,               0   ,                   0   ,            871   ,         94   ,                       92   ,                   0   ,                    0   ,              155.3   ,                 103.0   ,              27.4   ,                11.9   ,             61.8   ,               11.9   ,             65.5   ,               11.9   ,                        56.5   ,              16   ,        0.8930   ,               45.0   ,                  5902   ,
2026-08-20 18:02:09 ,        1733.5   ,           1377.0   ,               37.7   ,        51.7   ,               0   ,                   0   ,            871   ,         95   ,                       93   ,                   0   ,                    0   ,              196.8   ,                 146.1   ,              31.6   ,                11.9   ,             87.7   ,               11.9   ,             86.5   ,               11.9   ,                        75.1   ,              16   ,        0.8930   ,               46.0   ,                  5902   ,
2026-08-20 18:02:10 ,        1721.0   ,           1377.0   ,               37.9   ,        51.9   ,               0   ,                   0   ,            871   ,         96   ,                       94   ,                   0   ,                    0   ,              141.2   ,                  91.1   ,              26.4   ,                11.9   ,             54.7   ,               11.9   ,             59.5   ,               11.9   ,                        51.4   ,               1   ,        0.8930   ,               46.0   ,                  5903   ,
2026-08-20 18:02:11 ,        1721.0   ,           1377.0   ,               38.3   ,        52.3   ,               0   ,                   0   ,            871   ,         95   ,                       90   ,                   0   ,                    0   ,              266.3   ,                 197.0   ,              36.5   ,                11.9   ,            118.2   ,               11.9   ,            111.0   ,               11.9   ,                        96.8   ,               1   ,        0.8810   ,               47.0   ,                  5898   ,
2026-08-20 18:02:12 ,        1733.5   ,           1377.0   ,               38.7   ,        52.7   ,               0   ,                   0   ,            871   ,         96   ,                       93   ,                   0   ,                    0   ,              268.3   ,                 202.3   ,              36.7   ,                11.9   ,            121.4   ,               11.9   ,            109.5   ,               11.9   ,                        50.5   ,              16   ,        0.8930   ,               41.0   ,                  5905   ,
2026-08-20 18:02:13 ,        1721.0   ,           1377.0   ,               38.8   ,        52.8   ,               0   ,                   0   ,            871   ,         95   ,                       91   ,                   0   ,                    0   ,              266.4   ,                 199.6   ,              36.6   ,                11.9   ,            119.8   ,               11.9   ,            109.3   ,               11.9   ,                        96.9   ,               1   ,        0.8810   ,               47.0   ,                  5901   ,
2026-08-20 18:02:14 ,        1733.5   ,           1377.0   ,               39.0   ,        53.0   ,               0   ,                   0   ,            871   ,         96   ,                       93   ,                   0   ,                    0   ,              263.0   ,                  74.6   ,              25.3   ,                11.9   ,             44.7   ,               12.0   ,             54.0   ,               11.9   ,                        45.4   ,              16   ,        0.8930   ,               48.0   ,                  5898   ,
2026-08-20 18:02:15 ,        1733.5   ,           1377.0   ,               39.3   ,        53.3   ,               0   ,                   0   ,            871   ,         95   ,                       94   ,                   0   ,                    0   ,              248.8   ,                 184.4   ,              34.5   ,                11.9   ,             46.7   ,               11.9   ,             55.4   ,               11.9   ,                        46.6   ,              16   ,        0.8930   ,               46.0   ,                  5898   ,
2026-08-20 18:02:16 ,        1721.0   ,           1377.0   ,               39.5   ,        53.5   ,               0   ,                   0   ,            871   ,         91   ,                       88   ,                   0   ,                    0   ,              129.0   ,                  79.5   ,              25.5   ,                11.9   ,             47.7   ,               12.0   ,             55.1   ,               11.9   ,                        46.9   ,              16   ,        0.8810   ,               47.0   ,                  5900   ,
2026-08-20 18:02:17 ,        1733.5   ,           1377.0   ,               39.6   ,        53.6   ,               0   ,                   0   ,            870   ,         95   ,                       92   ,                   0   ,                    0   ,              249.8   ,                 183.5   ,              28.2   ,                11.9   ,             64.2   ,               11.9   ,             67.8   ,               11.9   ,                        58.5   ,              16   ,        0.8930   ,               46.0   ,                  5895   ,
2026-08-20 18:02:18 ,        1721.0   ,           1377.0   ,               39.9   ,        53.9   ,               0   ,                   0   ,            870   ,         96   ,                       92   ,                   0   ,                    0   ,              264.7   ,                 196.2   ,              36.7   ,                11.9   ,            117.7   ,               11.9   ,            109.5   ,               11.9   ,                        43.0   ,              16   ,        0.8810   ,               47.0   ,                  5878   ,
2026-08-20 18:02:19 ,        1746.5   ,           1377.0   ,               40.2   ,        54.2   ,               0   ,                   0   ,            870   ,         95   ,                       94   ,                   0   ,                    0   ,              165.7   ,                 113.1   ,              28.4   ,                11.9   ,             67.8   ,               11.9   ,             68.8   ,               11.9   ,                        60.3   ,               1   ,        0.8810   ,               46.0   ,                  5874   ,
2026-08-20 18:02:20 ,        1721.0   ,           1377.0   ,               40.2   ,        54.2   ,               0   ,                   0   ,            870   ,         95   ,                       92   ,                   0   ,                    0   ,              189.4   ,                  77.4   ,              25.2   ,                11.9   ,             46.5   ,               12.0   ,             55.2   ,               11.9   ,                        46.4   ,              16   ,        0.8930   ,               46.0   ,                  5745   ,
2026-08-20 18:02:21 ,        1733.5   ,           1377.0   ,               40.5   ,        54.5   ,               0   ,                   0   ,            870   ,         90   ,                       86   ,                   0   ,                    0   ,              269.0   ,                  81.0   ,              25.5   ,                11.9   ,             48.6   ,               12.0   ,             55.7   ,               11.9   ,                        47.4   ,               1   ,        0.8930   ,               44.0   ,                  5744   ,
2026-08-20 18:02:22 ,        1733.5   ,           1377.0   ,               40.8   ,        54.8   ,               0   ,                   0   ,            870   ,         95   ,                       93   ,                   0   ,                    0   ,              272.1   ,                 204.4   ,              36.2   ,                11.9   ,            122.6   ,               11.9   ,            112.6   ,               11.9   ,                        99.0   ,               1   ,        0.8930   ,               47.0   ,                  5743   ,
2026-08-20 18:02:23 ,        1733.5   ,           1377.0   ,               41.0   ,        55.0   ,               0   ,                   0   ,            870   ,         96   ,                       94   ,                   0   ,                    0   ,              282.7   ,                 215.0   ,              37.2   ,                11.9   ,            129.0   ,               11.9   ,            115.8   ,               11.9   ,                       102.8   ,               1   ,        0.8930   ,               47.0   ,                  5737   ,
2026-08-20 18:02:24 ,        1708.5   ,           1377.0   ,               40.8   ,        54.8   ,               0   ,                   0   ,            870   ,         81   ,                       78   ,                   0   ,                    0   ,              276.4   ,                 205.4   ,              37.2   ,                11.9   ,            123.2   ,               11.9   ,            115.3   ,               11.9   ,                       100.5   ,               1   ,        0.8810   ,               47.0   ,                  5743   ,
2026-08-20 18:02:25 ,        1708.5   ,           1377.0   ,               41.2   ,        55.2   ,               0   ,                   0   ,            870   ,         88   ,                       86   ,                   0   ,                    0   ,              264.6   ,                 197.6   ,              36.8   ,                11.9   ,            118.5   ,               11.9   ,            108.7   ,               11.9   ,                        45.7   ,               1   ,        0.8810   ,               43.0   ,                  5738   ,
2026-08-20 18:02:26 ,        1708.5   ,           1377.0   ,               41.2   ,        55.2   ,               0   ,                   0   ,            870   ,         95   ,                       92   ,                   0   ,                    0   ,              224.3   ,                 162.6   ,              32.8   ,                11.9   ,             97.5   ,               11.9   ,             93.3   ,               11.9   ,                        81.6   ,               1   ,        0.8930   ,               45.0   ,                  5739   ,
2026-08-20 18:02:27 ,        1708.5   ,           1377.0   ,               41.6   ,        55.6   ,               0   ,                   0   ,            870   ,         88   ,                       85   ,                   0   ,                    0   ,              110.7   ,                  61.7   ,              24.1   ,                11.9   ,             37.0   ,               12.0   ,             48.9   ,               11.9   ,                        40.3   ,              16   ,        0.8810   ,               45.0   ,                  5737   ,
2026-08-20 18:02:28 ,        1708.5   ,           1377.0   ,               41.8   ,        55.8   ,               0   ,                   0   ,            870   ,         92   ,                       91   ,                   0   ,                    0   ,              178.1   ,                 121.3   ,              28.5   ,                11.9   ,             72.8   ,               11.9   ,             76.2   ,               11.9   ,                        64.8   ,              16   ,        0.8930   ,               44.0   ,                  5741   ,
2026-08-20 18:02:29 ,        1708.5   ,           1377.0   ,               42.1   ,        56.1   ,               0   ,                   0   ,            870   ,         96   ,                       92   ,                   0   ,                    0   ,              271.8   ,                 198.4   ,              37.2   ,                11.9   ,            119.0   ,               11.8   ,            114.9   ,               11.9   ,                        98.8   ,              16   ,        0.8810   ,               47.0   ,                  5733   ,
2026-08-20 18:02:30 ,        1708.5   ,           1377.0   ,               42.2   ,        56.2   ,               0   ,                   0   ,            870   ,         96   ,                       92   ,                   0   ,                    0   ,              183.6   ,                 126.8   ,              30.1   ,                11.9   ,             76.1   ,               11.9   ,             76.8   ,               11.9   ,                        66.8   ,               1   ,        0.8810   ,               47.0   ,                  5742   ,
2026-08-20 18:02:31 ,        1708.5   ,           1377.0   ,               42.3   ,        56.3   ,               0   ,                   0   ,            870   ,         95   ,                       92   ,                   0   ,                    0   ,              272.1   ,                 200.9   ,              37.5   ,                11.9   ,            120.6   ,               11.9   ,            113.4   ,               11.8   ,                        98.9   ,               1   ,        0.8810   ,               47.0   ,                  5739   ,
2026-08-20 18:02:32 ,        1708.5   ,           1377.0   ,               42.6   ,        56.6   ,               0   ,                   0   ,            870   ,         95   ,                       91   ,                   0   ,                    0   ,              179.4   ,                 123.4   ,              29.6   ,                11.9   ,             74.0   ,               11.9   ,             75.0   ,               11.9   ,                        65.2   ,              16   ,        0.8810   ,               43.0   ,                  5738   ,
2026-08-20 18:02:33 ,        1721.0   ,           1377.0   ,               42.8   ,        56.8   ,               0   ,                   0   ,            870   ,         91   ,                       88   ,                   0   ,                    0   ,              279.5   ,                  51.0   ,              23.2   ,                11.9   ,             30.6   ,               12.0   ,             44.0   ,               11.9   ,                        35.8   ,               1   ,        0.8930   ,               46.0   ,                  5739   ,
2026-08-20 18:02:34 ,        1708.5   ,           1377.0   ,               43.0   ,        57.0   ,               0   ,                   0   ,            870   ,         95   ,                       92   ,                   0   ,                    0   ,              274.7   ,                 204.1   ,              37.5   ,                11.9   ,            122.4   ,               11.9   ,            114.1   ,               11.9   ,                        99.9   ,              16   ,        0.8810   ,               45.0   ,                  5741   ,
2026-08-20 18:02:35 ,        1708.5   ,           1377.0   ,               43.1   ,        57.1   ,               0   ,                   0   ,            870   ,         96   ,                       92   ,                   0   ,                    0   ,              120.2   ,                  71.2   ,              24.9   ,                11.9   ,             42.7   ,               12.0   ,             51.9   ,               11.9   ,                        43.7   ,               1   ,        0.8750   ,               48.0   ,                  5736   ,
2026-08-20 18:02:36 ,        1708.5   ,           1377.0   ,               43.0   ,        57.0   ,               0   ,                   0   ,            870   ,         93   ,                       90   ,                   0   ,                    0   ,              268.9   ,                 198.9   ,              37.0   ,                11.9   ,             31.5   ,               12.0   ,             44.2   ,               11.9   ,                        36.2   ,              16   ,        0.8810   ,               46.0   ,                  5742   ,
2026-08-20 18:02:37 ,        1721.0   ,           1377.0   ,               43.3   ,        57.3   ,               0   ,                   0   ,            870   ,         95   ,                       92   ,                   0   ,                    0   ,              210.0   ,                 146.8   ,              32.3   ,                11.9   ,             88.1   ,               11.9   ,             89.0   ,               11.9   ,                        76.4   ,              16   ,        0.8810   ,               46.0   ,                  5738   ,
2026-08-20 18:02:38 ,        1733.5   ,           1377.0   ,               43.3   ,        57.3   ,               0   ,                   0   ,            870   ,         94   ,                       94   ,                   0   ,                    0   ,              265.6   ,                 199.4   ,              36.2   ,                11.9   ,            119.7   ,               11.9   ,            109.0   ,               11.9   ,                        96.6   ,               1   ,        0.8930   ,               47.0   ,                  5738   ,
2026-08-20 18:02:39 ,        1708.5   ,           1377.0   ,               43.6   ,        57.6   ,               0   ,                   0   ,            870   ,         96   ,                       92   ,                   0   ,                    0   ,              223.7   ,                 159.5   ,              33.2   ,                11.9   ,             95.7   ,               11.9   ,             94.1   ,               11.9   ,                        81.3   ,              16   ,        0.8810   ,               45.0   ,                  5738   ,
2026-08-20 18:02:40 ,        1708.5   ,           1377.0   ,               43.8   ,        57.8   ,               0   ,                   0   ,            870   ,         96   ,                       93   ,                   0   ,                    0   ,              265.4   ,                 194.9   ,              36.8   ,                11.9   ,            116.9   ,               11.9   ,            111.1   ,               11.9   ,                        96.5   ,               1   ,        0.8810   ,               39.0   ,                  5739   ,
2026-08-20 18:02:41 ,        1733.5   ,           1377.0   ,               43.9   ,        57.9   ,               0   ,                   0   ,            870   ,         95   ,                       92   ,                   0   ,                    0   ,              112.1   ,                  63.1   ,              24.2   ,                11.9   ,             37.9   ,               12.0   ,             49.3   ,               11.9   ,                        40.8   ,              16   ,        0.8810   ,               47.0   ,                  5731   ,
2026-08-20 18:02:42 ,        1695.5   ,           1377.0   ,               43.9   ,        57.9   ,               0   ,                   0   ,            870   ,         95   ,                       93   ,                   0   ,                    0   ,              172.5   ,                 116.5   ,              29.0   ,                11.9   ,             81.2   ,               11.9   ,             79.8   ,               11.9   ,                        70.0   ,              16   ,        0.8810   ,               45.0   ,                  5741   ,
2026-08-20 18:02:43 ,        1695.5   ,           1377.0   ,               43.9   ,        57.9   ,               0   ,                   0   ,            870   ,         96   ,                       92   ,                   0   ,                    0   ,              217.3   ,                 156.1   ,              33.5   ,                11.9   ,             93.6   ,               11.9   ,             89.5   ,               11.9   ,                        79.0   ,              16   ,        0.8750   ,               46.0   ,                  5737   ,
2026-08-20 18:02:44 ,        1708.5   ,           1377.0   ,               44.3   ,        58.3   ,               0   ,                   0   ,            870   ,         91   ,                       87   ,                   0   ,                    0   ,              227.6   ,                 162.1   ,              26.4   ,                11.9   ,             52.3   ,               11.9   ,             59.0   ,               11.9   ,                        50.3   ,              16   ,        0.8930   ,               49.0   ,                  5737   ,
2026-08-20 18:02:45 ,        1721.0   ,           1377.0   ,               44.6   ,        58.6   ,               0   ,                   0   ,            870   ,         93   ,                       91   ,                   0   ,                    0   ,              115.3   ,                  65.8   ,              24.4   ,                11.9   ,             39.5   ,               12.0   ,             50.7   ,               11.9   ,                        41.9   ,               1   ,        0.8930   ,               48.0   ,                  5736   ,
2026-08-20 18:02:46 ,        1708.5   ,           1377.0   ,               44.7   ,        58.7   ,               0   ,                   0   ,            870   ,         96   ,                       92   ,                   0   ,                    0   ,              115.3   ,                  66.8   ,              24.7   ,                11.9   ,             40.1   ,               12.0   ,             49.9   ,               11.9   ,                        41.9   ,               1   ,        0.8810   ,               48.0   ,                  5737   ,
2026-08-20 18:02:47 ,        1708.5   ,           1377.0   ,               44.8   ,        58.8   ,               0   ,                   0   ,            870   ,         95   ,                       92   ,                   0   ,                    0   ,              222.7   ,                 160.7   ,              32.9   ,                11.9   ,             96.4   ,               11.9   ,             92.6   ,               11.9   ,                        81.0   ,               1   ,        0.8750   ,               46.0   ,                  5730   ,
2026-08-20 18:02:48 ,        1708.5   ,           1377.0   ,               45.1   ,        59.1   ,               0   ,                   0   ,            870   ,         90   ,                       86   ,                   0   ,                    0   ,               95.7   ,                  48.8   ,              22.9   ,                11.9   ,             29.3   ,               11.9   ,             75.9   ,               11.9   ,                        63.7   ,              16   ,        0.8810   ,               46.0   ,                  5737   ,
2026-08-20 18:02:49 ,        1733.5   ,           1377.0   ,               45.0   ,        59.0   ,               0   ,                   0   ,            870   ,         95   ,                       93   ,                   0   ,                    0   ,              271.6   ,                 203.3   ,              36.5   ,                11.9   ,            122.0   ,               11.9   ,            112.5   ,               11.9   ,                        38.4   ,               1   ,        0.8930   ,               40.0   ,                  5734   ,
2026-08-20 18:02:50 ,        1733.5   ,           1377.0   ,               44.9   ,        58.9   ,               0   ,                   0   ,            870   ,         80   ,                       79   ,                   0   ,                    0   ,              265.6   ,                 198.2   ,              25.1   ,                11.9   ,             44.6   ,               12.0   ,             53.9   ,               11.9   ,                        45.1   ,               1   ,        0.8930   ,               46.0   ,                  5731   ,
2026-08-20 18:02:51 ,        1784.5   ,           1377.0   ,               44.7   ,        58.7   ,               0   ,                   0   ,            870   ,         78   ,                       79   ,                   0   ,                    0   ,              299.4   ,                  75.8   ,              22.6   ,                11.9   ,             28.6   ,               12.0   ,             44.0   ,               11.9   ,                        34.9   ,              16   ,        0.9120   ,               47.0   ,                  5733   ,
2026-08-20 18:02:52 ,        1733.5   ,           1377.0   ,               45.3   ,        59.3   ,               0   ,                   0   ,            870   ,         93   ,                       91   ,                   0   ,                    0   ,              278.1   ,                 209.9   ,              36.9   ,                11.9   ,            125.9   ,               11.9   ,            114.6   ,               11.9   ,                       101.1   ,              16   ,        0.8930   ,               47.0   ,                  5735   ,
2026-08-20 18:02:53 ,        1733.5   ,           1377.0   ,               45.4   ,        59.4   ,               0   ,                   0   ,            870   ,         95   ,                       92   ,                   0   ,                    0   ,              267.9   ,                  98.4   ,              25.6   ,                11.9   ,             59.0   ,               11.9   ,             54.3   ,               11.9   ,                        50.8   ,              16   ,        0.8810   ,               48.0   ,                  5743   ,
2026-08-20 18:02:54 ,        1695.5   ,           1377.0   ,               45.4   ,        59.4   ,               0   ,                   0   ,            870   ,         94   ,                       90   ,                   0   ,                    0   ,              264.0   ,                 200.3   ,              24.3   ,                11.9   ,             46.5   ,               11.9   ,             49.2   ,               11.9   ,                        43.9   ,              16   ,        0.8750   ,               47.0   ,                  5748   ,
2026-08-20 18:02:55 ,        1670.5   ,           1377.0   ,               45.5   ,        59.5   ,               0   ,                   0   ,            870   ,         92   ,                       89   ,                   0   ,                    0   ,              200.3   ,                 141.0   ,              30.8   ,                11.9   ,             84.6   ,               11.9   ,             84.3   ,               11.9   ,                        72.8   ,              16   ,        0.8750   ,               46.0   ,                  5744   ,
2026-08-20 18:02:56 ,        1695.5   ,           1377.0   ,               45.2   ,        59.2   ,               0   ,                   0   ,            870   ,         94   ,                       90   ,                   0   ,                    0   ,              105.5   ,                  63.1   ,              23.3   ,                11.9   ,             37.9   ,               12.0   ,             43.7   ,               11.9   ,                        38.4   ,               1   ,        0.8750   ,               48.0   ,                  5742   ,
2026-08-20 18:02:57 ,        1695.5   ,           1377.0   ,               45.1   ,        59.1   ,               0   ,                   0   ,            870   ,         95   ,                       92   ,                   0   ,                    0   ,              171.6   ,                  77.2   ,              24.8   ,                11.9   ,             46.3   ,               11.9   ,             50.4   ,               11.9   ,                        44.4   ,              16   ,        0.8750   ,               46.0   ,                  5741   ,
2026-08-20 18:02:58 ,        1695.5   ,           1377.0   ,               44.9   ,        59.0   ,               0   ,                   0   ,            870   ,         95   ,                       92   ,                   0   ,                    0   ,              268.4   ,                 202.0   ,              36.2   ,                11.9   ,            121.2   ,               11.9   ,            110.4   ,               11.9   ,                        47.1   ,               1   ,        0.8750   ,               45.0   ,                  5744   ,
2026-08-20 18:02:59 ,        1695.5   ,           1377.0   ,               45.0   ,        59.0   ,               0   ,                   0   ,            870   ,         95   ,                       92   ,                   0   ,                    0   ,              151.1   ,                 102.3   ,              27.1   ,                11.9   ,             61.4   ,               11.9   ,             62.0   ,               11.9   ,                        55.0   ,               1   ,        0.8750   ,               43.0   ,                  5735   ,
2026-08-20 18:03:00 ,        1695.5   ,           1377.0   ,               44.7   ,        58.7   ,               0   ,                   0   ,            870   ,         95   ,                       92   ,                   0   ,                    0   ,              259.1   ,                 194.7   ,              36.3   ,                11.9   ,            116.8   ,               11.9   ,            105.4   ,               11.9   ,                        40.7   ,              16   ,        0.8750   ,               46.0   ,                  5743   ,
2026-08-20 18:03:01 ,        1695.5   ,           1377.0   ,               44.6   ,        58.6   ,               0   ,                   0   ,            870   ,         93   ,                       89   ,                   0   ,                    0   ,              238.5   ,                 173.8   ,              25.0   ,                11.9   ,             48.1   ,               12.0   ,             52.2   ,               11.9   ,                        45.8   ,              16   ,        0.8750   ,               47.0   ,                  5741   ,
2026-08-20 18:03:02 ,        1708.5   ,           1377.0   ,               44.3   ,        58.3   ,               0   ,                   0   ,            870   ,         93   ,                       91   ,                   0   ,                    0   ,              260.4   ,                 196.3   ,              36.3   ,                11.9   ,            117.8   ,               11.9   ,            105.6   ,               11.9   ,                        94.7   ,               1   ,        0.8810   ,               48.0   ,                  5740   ,
2026-08-20 18:03:03 ,        1695.5   ,           1377.0   ,               44.2   ,        58.2   ,               0   ,                   0   ,            870   ,         96   ,                       94   ,                   0   ,                    0   ,              132.4   ,                  84.4   ,              25.8   ,                11.9   ,             50.6   ,               11.9   ,             55.2   ,               11.9   ,                        48.1   ,               1   ,        0.8750   ,               47.0   ,                  5740   ,
2026-08-20 18:03:04 ,        1695.5   ,           1377.0   ,               44.2   ,        58.2   ,               0   ,                   0   ,            870   ,         94   ,                       91   ,                   0   ,                    0   ,              263.8   ,                 199.8   ,              36.7   ,                11.9   ,            119.9   ,               11.9   ,            106.5   ,               11.9   ,                        95.9   ,               1   ,        0.8750   ,               48.0   ,                  5743   ,
2026-08-20 18:03:05 ,        1695.5   ,           1377.0   ,               44.1   ,        58.1   ,               0   ,                   0   ,            870   ,         96   ,                       93   ,                   0   ,                    0   ,              152.1   ,                 102.6   ,              27.0   ,                11.9   ,             61.5   ,               11.9   ,             62.8   ,               11.9   ,                        55.3   ,               1   ,        0.8750   ,               47.0   ,                  5735   ,
2026-08-20 18:03:06 ,        1683.0   ,           1377.0   ,               43.9   ,        57.9   ,               0   ,                   0   ,            870   ,         95   ,                       92   ,                   0   ,                    0   ,              271.6   ,                 204.1   ,              36.7   ,                11.9   ,            122.4   ,               11.9   ,            111.7   ,               11.9   ,                        98.7   ,               1   ,        0.8750   ,               47.0   ,                  5745   ,
2026-08-20 18:03:07 ,        1695.5   ,           1377.0   ,               43.8   ,        57.8   ,               0   ,                   0   ,            870   ,         96   ,                       92   ,                   0   ,                    0   ,              277.5   ,                 210.1   ,              37.1   ,                11.9   ,            126.1   ,               11.8   ,            113.6   ,               11.9   ,                       100.9   ,               1   ,        0.8750   ,               47.0   ,                  5740   ,
2026-08-20 18:03:08 ,        1708.5   ,           1377.0   ,               43.7   ,        57.7   ,               0   ,                   0   ,            870   ,         96   ,                       92   ,                   0   ,                    0   ,              145.1   ,                  95.3   ,              26.6   ,                11.9   ,             57.2   ,               11.9   ,             60.6   ,               11.9   ,                        52.8   ,              16   ,        0.8750   ,               48.0   ,                  5740   ,
2026-08-20 18:03:09 ,        1708.5   ,           1377.0   ,               43.6   ,        57.6   ,               0   ,                   0   ,            870   ,         94   ,                       92   ,                   0   ,                    0   ,              202.0   ,                 148.0   ,              30.9   ,                11.9   ,             88.8   ,               11.9   ,             81.6   ,               11.9   ,                        73.5   ,               1   ,        0.8810   ,               47.0   ,                  5740   ,
2026-08-20 18:03:10 ,        1708.5   ,           1377.0   ,               43.5   ,        57.5   ,               0   ,                   0   ,            870   ,         95   ,                       92   ,                   0   ,                    0   ,              203.2   ,                 144.2   ,              29.2   ,                11.9   ,             72.0   ,               11.9   ,             69.2   ,               11.9   ,                        75.7   ,              16   ,        0.8810   ,               46.0   ,                  5741   ,
2026-08-20 18:03:11 ,        1670.5   ,           1377.0   ,               43.3   ,        57.3   ,               0   ,                   0   ,            870   ,         95   ,                       90   ,                   0   ,                    0   ,              197.3   ,                 140.3   ,              31.2   ,                11.9   ,             84.1   ,               11.9   ,             43.7   ,               12.0   ,                        37.7   ,              16   ,        0.8750   ,               47.0   ,                  5736   ,
2026-08-20 18:03:12 ,        1695.5   ,           1377.0   ,               43.4   ,        57.4   ,               0   ,                   0   ,            870   ,         80   ,                       78   ,                   0   ,                    0   ,              207.9   ,                 152.6   ,              31.7   ,                11.9   ,             91.5   ,               11.9   ,             84.0   ,               11.9   ,                        75.6   ,               1   ,        0.8750   ,               49.0   ,                  5743   ,
2026-08-20 18:03:13 ,        1708.5   ,           1377.0   ,               43.3   ,        57.3   ,               0   ,                   0   ,            870   ,         86   ,                       83   ,                   0   ,                    0   ,              162.9   ,                 111.2   ,              27.8   ,                11.9   ,             66.7   ,               11.9   ,             67.7   ,               11.9   ,                        59.2   ,              16   ,        0.8810   ,               44.0   ,                  5740   ,
2026-08-20 18:03:14 ,        1708.5   ,           1377.0   ,               43.2   ,        57.2   ,               0   ,                   0   ,            870   ,         87   ,                       84   ,                   0   ,                    0   ,              268.2   ,                 201.9   ,              36.7   ,                11.9   ,            121.1   ,               11.9   ,            109.7   ,               11.9   ,                        97.5   ,               1   ,        0.8810   ,               47.0   ,                  5739   ,
2026-08-20 18:03:15 ,        1733.5   ,           1377.0   ,               42.9   ,        56.9   ,               0   ,                   0   ,            870   ,         82   ,                       81   ,                   0   ,                    0   ,              269.9   ,                 205.0   ,              36.8   ,                11.9   ,             42.5   ,               12.0   ,             47.8   ,               11.9   ,                        41.9   ,               1   ,        0.8750   ,               46.0   ,                  5739   ,
2026-08-20 18:03:16 ,        1695.5   ,           1377.0   ,               42.9   ,        56.9   ,               0   ,                   0   ,            870   ,         82   ,                       79   ,                   0   ,                    0   ,              272.2   ,                 208.7   ,              36.9   ,                11.9   ,            125.2   ,               11.9   ,            109.4   ,               11.9   ,                        99.0   ,               1   ,        0.8620   ,               48.0   ,                  5742   ,
2026-08-20 18:03:17 ,        1695.5   ,           1377.0   ,               42.5   ,        56.5   ,               0   ,                   0   ,            870   ,         95   ,                       93   ,                   0   ,                    0   ,              225.7   ,                  57.7   ,              22.9   ,                11.9   ,             34.6   ,               12.0   ,             42.5   ,               11.9   ,                        36.6   ,              16   ,        0.8750   ,               49.0   ,                  5735   ,
2026-08-20 18:03:18 ,        1708.5   ,           1377.0   ,               42.7   ,        56.7   ,               0   ,                   0   ,            870   ,         94   ,                       92   ,                   0   ,                    0   ,              207.1   ,                 150.1   ,              31.2   ,                11.9   ,             90.1   ,               11.9   ,             85.2   ,               11.9   ,                        80.9   ,              16   ,        0.8810   ,               45.0   ,                  5744   ,
2026-08-20 18:03:19 ,        1670.5   ,           1377.0   ,               43.0   ,        57.0   ,               0   ,                   0   ,            870   ,         95   ,                       91   ,                   0   ,                    0   ,              112.3   ,                  68.5   ,              24.2   ,                11.9   ,             41.1   ,               12.0   ,             46.3   ,               11.9   ,                        47.6   ,              16   ,        0.8620   ,               46.0   ,                  5739   ,
2026-08-20 18:03:20 ,        1695.5   ,           1377.0   ,               43.0   ,        57.0   ,               0   ,                   0   ,            869   ,         90   ,                       86   ,                   0   ,                    0   ,              184.2   ,                 129.1   ,              29.8   ,                11.9   ,             77.5   ,               11.9   ,             76.2   ,               11.9   ,                        67.0   ,              16   ,        0.8750   ,               47.0   ,                  5739   ,
2026-08-20 18:03:21 ,        1695.5   ,           1377.0   ,               42.9   ,        56.9   ,               0   ,                   0   ,            869   ,         95   ,                       92   ,                   0   ,                    0   ,              271.0   ,                 206.5   ,              36.6   ,                11.9   ,            123.9   ,               11.9   ,            109.8   ,               11.9   ,                        98.5   ,               1   ,        0.8750   ,               48.0   ,                  5739   ,
2026-08-20 18:03:22 ,        1695.5   ,           1377.0   ,               42.8   ,        56.8   ,               0   ,                   0   ,            869   ,         95   ,                       92   ,                   0   ,                    0   ,              115.0   ,                  70.8   ,              24.0   ,                11.9   ,             42.5   ,               12.0   ,             47.9   ,               11.9   ,                        41.8   ,               1   ,        0.8750   ,               49.0   ,                  5742   ,
2026-08-20 18:03:23 ,        1708.5   ,           1377.0   ,               42.8   ,        56.8   ,               0   ,                   0   ,            869   ,         94   ,                       90   ,                   0   ,                    0   ,              118.5   ,                  72.8   ,              24.3   ,                11.9   ,             43.7   ,               12.0   ,             49.8   ,               11.9   ,                        43.1   ,               1   ,        0.8750   ,               49.0   ,                  5736   ,
2026-08-20 18:03:24 ,        1695.5   ,           1377.0   ,               42.8   ,        56.8   ,               0   ,                   0   ,            869   ,         96   ,                       93   ,                   0   ,                    0   ,              266.3   ,                 203.6   ,              36.7   ,                11.9   ,            122.1   ,               11.9   ,             46.9   ,               11.9   ,                        40.6   ,              16   ,        0.8750   ,               48.0   ,                  5743   ,
2026-08-20 18:03:25 ,        1695.5   ,           1377.0   ,               42.8   ,        56.8   ,               0   ,                   0   ,            869   ,         95   ,                       92   ,                   0   ,                    0   ,              124.9   ,                  79.3   ,              25.0   ,                11.9   ,             47.6   ,               11.9   ,             51.7   ,               11.9   ,                        45.4   ,               1   ,        0.8810   ,               46.0   ,                  5738   ,
2026-08-20 18:03:26 ,        1708.5   ,           1377.0   ,               42.8   ,        56.8   ,               0   ,                   0   ,            869   ,         92   ,                       89   ,                   0   ,                    0   ,              274.2   ,                 209.2   ,              36.5   ,                11.9   ,            125.5   ,               12.0   ,             46.3   ,               11.9   ,                        40.2   ,               1   ,        0.8750   ,               50.0   ,                  5738   ,
2026-08-20 18:03:27 ,        1695.5   ,           1377.0   ,               42.7   ,        56.7   ,               0   ,                   0   ,            869   ,         95   ,                       92   ,                   0   ,                    0   ,              128.3   ,                  82.2   ,              25.2   ,                11.9   ,             49.3   ,               11.9   ,             53.1   ,               11.9   ,                        46.6   ,              16   ,        0.8810   ,               50.0   ,                  5738   ,
2026-08-20 18:03:28 ,        1695.5   ,           1377.0   ,               42.7   ,        56.7   ,               0   ,                   0   ,            869   ,         95   ,                       92   ,                   0   ,                    0   ,              136.5   ,                  89.3   ,              26.1   ,                11.9   ,             53.6   ,               11.9   ,             56.1   ,               11.9   ,                        49.6   ,              16   ,        0.8750   ,               49.0   ,                  5741   ,
2026-08-20 18:03:29 ,        1721.0   ,           1377.0   ,               42.8   ,        56.8   ,               0   ,                   0   ,            869   ,         95   ,                       92   ,                   0   ,                    0   ,              273.6   ,                 206.8   ,              36.7   ,                11.9   ,            124.1   ,               11.9   ,             45.4   ,               11.9   ,                        39.4   ,               1   ,        0.8810   ,               49.0   ,                  5734   ,
2026-08-20 18:03:30 ,        1683.0   ,           1377.0   ,               42.6   ,        56.6   ,               0   ,                   0   ,            869   ,         95   ,                       92   ,                   0   ,                    0   ,              269.1   ,                  49.0   ,              21.6   ,                11.9   ,             26.4   ,               12.0   ,             36.2   ,               12.0   ,                        30.9   ,              16   ,        0.8750   ,               48.0   ,                  5741   ,
2026-08-20 18:03:31 ,        1708.5   ,           1377.0   ,               42.4   ,        56.4   ,               0   ,                   0   ,            869   ,         95   ,                       92   ,                   0   ,                    0   ,              264.1   ,                 198.9   ,              36.6   ,                11.9   ,            119.3   ,               11.9   ,            107.6   ,               11.9   ,                        96.1   ,               1   ,        0.8810   ,               48.0   ,                  5737   ,
2026-08-20 18:03:32 ,        1683.0   ,           1377.0   ,               42.5   ,        56.5   ,               0   ,                   0   ,            869   ,         96   ,                       92   ,                   0   ,                    0   ,              203.2   ,                 149.8   ,              31.9   ,                11.9   ,             89.9   ,               11.9   ,             80.8   ,               11.9   ,                        73.9   ,              16   ,        0.8750   ,               46.0   ,                  5735   ,
2026-08-20 18:03:33 ,        1683.0   ,           1377.0   ,               42.6   ,        56.6   ,               0   ,                   0   ,            869   ,         93   ,                       89   ,                   0   ,                    0   ,              197.8   ,                 144.1   ,              31.2   ,                11.9   ,             86.4   ,               11.9   ,             79.4   ,               11.9   ,                        71.9   ,              16   ,        0.8750   ,               50.0   ,                  5735   ,
2026-08-20 18:03:34 ,        1695.5   ,           1377.0   ,               42.5   ,        56.5   ,               0   ,                   0   ,            869   ,         95   ,                       92   ,                   0   ,                    0   ,              266.4   ,                 200.9   ,              36.4   ,                11.9   ,            120.6   ,               11.9   ,            108.7   ,               11.9   ,                        48.9   ,              16   ,        0.8750   ,               42.0   ,                  5737   ,
2026-08-20 18:03:35 ,        1708.5   ,           1377.0   ,               42.6   ,        56.6   ,               0   ,                   0   ,            869   ,         95   ,                       92   ,                   0   ,                    0   ,              103.0   ,                  59.6   ,              23.1   ,                11.9   ,             35.8   ,               12.0   ,             43.4   ,               12.0   ,                        37.4   ,               1   ,        0.8620   ,               50.0   ,                  5733   ,
2026-08-20 18:03:36 ,        1695.5   ,           1377.0   ,               42.5   ,        56.5   ,               0   ,                   0   ,            869   ,         94   ,                       90   ,                   0   ,                    0   ,              274.3   ,                 208.5   ,              36.9   ,                11.9   ,            125.1   ,               11.9   ,            111.6   ,               11.9   ,                        42.1   ,               1   ,        0.8750   ,               48.0   ,                  5739   ,
2026-08-20 18:03:37 ,        1708.5   ,           1377.0   ,               42.5   ,        56.5   ,               0   ,                   0   ,            869   ,         94   ,                       92   ,                   0   ,                    0   ,              144.3   ,                  95.7   ,              26.6   ,                11.9   ,             57.4   ,               11.9   ,             59.6   ,               11.9   ,                        52.5   ,              16   ,        0.8810   ,               49.0   ,                  5734   ,
2026-08-20 18:03:38 ,        1695.5   ,           1377.0   ,               42.5   ,        56.5   ,               0   ,                   0   ,            869   ,         93   ,                       89   ,                   0   ,                    0   ,              217.5   ,                 159.0   ,              32.5   ,                11.9   ,             95.4   ,               11.9   ,             88.8   ,               11.9   ,                        79.1   ,               1   ,        0.8750   ,               48.0   ,                  5734   ,
2026-08-20 18:03:39 ,        1708.5   ,           1377.0   ,               42.6   ,        56.6   ,               0   ,                   0   ,            869   ,         81   ,                       79   ,                   0   ,                    0   ,              124.5   ,                  78.7   ,              24.8   ,                11.9   ,             47.2   ,               11.9   ,             51.8   ,               11.9   ,                        45.3   ,               1   ,        0.8810   ,               49.0   ,                  5734   ,
2026-08-20 18:03:40 ,        1695.5   ,           1377.0   ,               42.4   ,        56.4   ,               0   ,                   0   ,            869   ,         88   ,                       85   ,                   0   ,                    0   ,              272.0   ,                  47.2   ,              21.6   ,                11.9   ,             26.2   ,               12.0   ,             36.1   ,               12.0   ,                        30.8   ,              16   ,        0.8750   ,               48.0   ,                  5737   ,
2026-08-20 18:03:41 ,        1695.5   ,           1377.0   ,               42.6   ,        56.6   ,               0   ,                   0   ,            869   ,         91   ,                       88   ,                   0   ,                    0   ,              199.7   ,                 143.5   ,              30.9   ,                11.9   ,             86.1   ,               11.9   ,             82.0   ,               11.9   ,                        72.6   ,               1   ,        0.8750   ,               48.0   ,                  5731   ,
2026-08-20 18:03:42 ,        1695.5   ,           1377.0   ,               42.5   ,        56.5   ,               0   ,                   0   ,            869   ,         86   ,                       82   ,                   0   ,                    0   ,              254.7   ,                 192.1   ,              36.4   ,                11.9   ,            115.3   ,               11.9   ,            102.4   ,               11.9   ,                        92.6   ,               1   ,        0.8750   ,               48.0   ,                  5736   ,
2026-08-20 18:03:43 ,        1708.5   ,           1377.0   ,               42.3   ,        56.3   ,               0   ,                   0   ,            869   ,         94   ,                       91   ,                   0   ,                    0   ,              271.0   ,                 205.2   ,              37.3   ,                11.9   ,            123.1   ,               11.9   ,            109.9   ,               11.8   ,                        98.5   ,               1   ,        0.8810   ,               48.0   ,                  5734   ,
2026-08-20 18:03:44 ,        1695.5   ,           1377.0   ,               42.3   ,        56.3   ,               0   ,                   0   ,            869   ,         95   ,                       91   ,                   0   ,                    0   ,              200.2   ,                  90.9   ,              26.1   ,                11.9   ,             54.5   ,               11.9   ,             57.6   ,               11.9   ,                        50.5   ,              16   ,        0.8750   ,               47.0   ,                  5733   ,
2026-08-20 18:03:45 ,        1695.5   ,           1377.0   ,               42.4   ,        56.4   ,               0   ,                   0   ,            869   ,         91   ,                       86   ,                   0   ,                    0   ,              177.3   ,                 121.6   ,              28.9   ,                11.9   ,             72.9   ,               11.9   ,             74.8   ,               11.9   ,                        72.3   ,              16   ,        0.8750   ,               46.0   ,                  5734   ,
2026-08-20 18:03:46 ,        1695.5   ,           1377.0   ,               42.4   ,        56.4   ,               0   ,                   0   ,            869   ,         96   ,                       92   ,                   0   ,                    0   ,              277.8   ,                 210.4   ,              37.3   ,                11.9   ,            126.3   ,               11.8   ,            113.5   ,               11.9   ,                       101.0   ,              16   ,        0.8750   ,               49.0   ,                  5737   ,
2026-08-20 18:03:47 ,        1708.5   ,           1377.0   ,               42.5   ,        56.5   ,               0   ,                   0   ,            869   ,         95   ,                       92   ,                   0   ,                    0   ,              276.0   ,                 211.4   ,              37.6   ,                11.9   ,            126.8   ,               11.9   ,            111.0   ,               11.9   ,                       100.4   ,               1   ,        0.8750   ,               46.0   ,                  5730   ,
2026-08-20 18:03:48 ,        1708.5   ,           1377.0   ,               42.5   ,        56.5   ,               0   ,                   0   ,            869   ,         95   ,                       91   ,                   0   ,                    0   ,              173.3   ,                 122.0   ,              28.7   ,                11.9   ,             73.2   ,               11.9   ,             70.8   ,               11.9   ,                        63.0   ,               1   ,        0.8810   ,               49.0   ,                  5738   ,
2026-08-20 18:03:49 ,        1695.5   ,           1377.0   ,               42.6   ,        56.6   ,               0   ,                   0   ,            869   ,         96   ,                       93   ,                   0   ,                    0   ,              277.2   ,                 208.9   ,              37.3   ,                11.9   ,            125.3   ,               11.8   ,            113.9   ,               11.9   ,                       100.8   ,              16   ,        0.8750   ,               46.0   ,                  5734   ,
2026-08-20 18:03:50 ,        1708.5   ,           1377.0   ,               42.5   ,        56.5   ,               0   ,                   0   ,            869   ,         93   ,                       90   ,                   0   ,                    0   ,              116.4   ,                  71.6   ,              24.2   ,                11.9   ,             42.9   ,               12.0   ,             48.5   ,               11.9   ,                        42.3   ,               1   ,        0.8810   ,               48.0   ,                  5733   ,
2026-08-20 18:03:51 ,        1708.5   ,           1377.0   ,               42.5   ,        56.5   ,               0   ,                   0   ,            869   ,         96   ,                       92   ,                   0   ,                    0   ,              106.5   ,                  63.0   ,              23.3   ,                11.9   ,             37.8   ,               12.0   ,             44.7   ,               11.9   ,                        64.8   ,              16   ,        0.8810   ,               48.0   ,                  5734   ,
2026-08-20 18:03:52 ,        1683.0   ,           1377.0   ,               42.4   ,        56.4   ,               0   ,                   0   ,            869   ,         93   ,                       90   ,                   0   ,                    0   ,              238.0   ,                 177.9   ,              34.1   ,                11.9   ,            106.7   ,               11.9   ,             96.5   ,               11.9   ,                        86.6   ,              16   ,        0.8750   ,               49.0   ,                  5736   ,
2026-08-20 18:03:53 ,        1695.5   ,           1377.0   ,               42.5   ,        56.5   ,               0   ,                   0   ,            869   ,         95   ,                       92   ,                   0   ,                    0   ,              236.9   ,                 174.4   ,              34.9   ,                11.9   ,            104.6   ,               11.9   ,             96.7   ,               11.9   ,                        86.1   ,               1   ,        0.8750   ,               49.0   ,                  5730   ,
2026-08-20 18:03:54 ,        1695.5   ,           1377.0   ,               42.4   ,        56.4   ,               0   ,                   0   ,            869   ,         95   ,                       91   ,                   0   ,                    0   ,              197.6   ,                 143.8   ,              30.8   ,                11.9   ,             86.3   ,               11.9   ,             79.8   ,               11.9   ,                        62.1   ,              16   ,        0.8810   ,               48.0   ,                  5737   ,
2026-08-20 18:03:55 ,        1708.5   ,           1377.0   ,               42.4   ,        56.4   ,               0   ,                   0   ,            869   ,         94   ,                       90   ,                   0   ,                    0   ,              121.7   ,                  76.5   ,              24.6   ,                11.9   ,             45.9   ,               12.0   ,             50.5   ,               11.9   ,                        44.3   ,               1   ,        0.8810   ,               49.0   ,                  5734   ,
2026-08-20 18:03:56 ,        1695.5   ,           1377.0   ,               42.5   ,        56.5   ,               0   ,                   0   ,            869   ,         93   ,                       89   ,                   0   ,                    0   ,              137.8   ,                  89.5   ,              26.0   ,                11.9   ,             53.7   ,               11.9   ,             57.4   ,               11.9   ,                        50.1   ,               1   ,        0.8810   ,               49.0   ,                  5734   ,
2026-08-20 18:03:57 ,        1695.5   ,           1377.0   ,               42.4   ,        56.4   ,               0   ,                   0   ,            869   ,         95   ,                       91   ,                   0   ,                    0   ,              110.1   ,                  66.1   ,              23.7   ,                11.9   ,             39.7   ,               12.0   ,             46.0   ,               11.9   ,                        40.0   ,               1   ,        0.8750   ,               49.0   ,                  5733   ,
2026-08-20 18:03:58 ,        1695.5   ,           1377.0   ,               42.6   ,        56.6   ,               0   ,                   0   ,            869   ,         93   ,                       89   ,                   0   ,                    0   ,              274.7   ,                 209.1   ,              37.1   ,                11.9   ,            125.5   ,               11.9   ,            111.4   ,               11.9   ,                        99.9   ,              16   ,        0.8750   ,               50.0   ,                  5736   ,
2026-08-20 18:03:59 ,        1695.5   ,           1377.0   ,               42.5   ,        56.5   ,               0   ,                   0   ,            869   ,         96   ,                       92   ,                   0   ,                    0   ,              273.4   ,                 203.8   ,              37.2   ,                11.9   ,            122.3   ,               11.8   ,            113.2   ,               11.9   ,                        99.4   ,               1   ,        0.8750   ,               47.0   ,                  5731   ,
2026-08-20 18:04:00 ,        1695.5   ,           1377.0   ,               42.6   ,        56.6   ,               0   ,                   0   ,            869   ,         95   ,                       91   ,                   0   ,                    0   ,              254.3   ,                 192.0   ,              36.0   ,                11.9   ,             60.3   ,               11.9   ,             61.7   ,               11.9   ,                        54.4   ,              16   ,        0.8750   ,               44.0   ,                  5737   ,
2026-08-20 18:04:01 ,        1683.0   ,           1377.0   ,               42.4   ,        56.4   ,               0   ,                   0   ,            869   ,         94   ,                       90   ,                   0   ,                    0   ,              217.5   ,                 161.0   ,              33.2   ,                11.9   ,             96.6   ,               11.9   ,             87.0   ,               11.9   ,                        79.1   ,              16   ,        0.8750   ,               47.0   ,                  5734   ,
2026-08-20 18:04:02 ,        1695.5   ,           1377.0   ,               42.4   ,        56.4   ,               0   ,                   0   ,            869   ,         95   ,                       92   ,                   0   ,                    0   ,              119.2   ,                  74.5   ,              24.6   ,                11.9   ,             44.7   ,               11.9   ,             49.2   ,               11.9   ,                        43.3   ,              16   ,        0.8750   ,               43.0   ,                  5732   ,
2026-08-20 18:04:03 ,        1708.5   ,           1377.0   ,               42.5   ,        56.5   ,               0   ,                   0   ,            869   ,         95   ,                       91   ,                   0   ,                    0   ,              144.6   ,                  97.7   ,              26.7   ,                11.9   ,             58.6   ,               11.9   ,             58.6   ,               11.9   ,                        52.6   ,               1   ,        0.8810   ,               50.0   ,                  5733   ,
2026-08-20 18:04:04 ,        1695.5   ,           1377.0   ,               42.7   ,        56.7   ,               0   ,                   0   ,            869   ,         94   ,                       91   ,                   0   ,                    0   ,              134.2   ,                  86.0   ,              26.0   ,                11.9   ,             51.6   ,               11.9   ,             55.9   ,               11.9   ,                        48.8   ,              16   ,        0.8750   ,               50.0   ,                  5736   ,
2026-08-20 18:04:05 ,        1695.5   ,           1377.0   ,               42.4   ,        56.4   ,               0   ,                   0   ,            869   ,         95   ,                       86   ,                   0   ,                    0   ,              276.2   ,                 210.3   ,              37.3   ,                11.9   ,            126.1   ,               11.9   ,            112.1   ,               11.9   ,                       100.4   ,               1   ,        0.8750   ,               39.0   ,                  5731   ,
2026-08-20 18:04:06 ,        1683.0   ,           1377.0   ,               42.3   ,        56.3   ,               0   ,                   0   ,            869   ,         92   ,                       89   ,                   0   ,                    0   ,              215.0   ,                 160.0   ,              32.8   ,                11.9   ,             96.0   ,               11.9   ,             85.5   ,               11.9   ,                        78.2   ,              16   ,        0.8750   ,               46.0   ,                  5733   ,
2026-08-20 18:04:07 ,        1695.5   ,           1377.0   ,               42.6   ,        56.6   ,               0   ,                   0   ,            869   ,         95   ,                       91   ,                   0   ,                    0   ,              113.4   ,                  68.1   ,              24.1   ,                11.9   ,             40.8   ,               12.0   ,             47.8   ,               11.9   ,                        41.2   ,              16   ,        0.8750   ,               49.0   ,                  5728   ,
2026-08-20 18:04:08 ,        1695.5   ,           1377.0   ,               42.4   ,        56.4   ,               0   ,                   0   ,            869   ,         95   ,                       92   ,                   0   ,                    0   ,              104.7   ,                  61.5   ,              23.3   ,                11.9   ,             36.9   ,               12.0   ,             74.4   ,               11.9   ,                        64.7   ,              16   ,        0.8750   ,               48.0   ,                  5731   ,
2026-08-20 18:04:09 ,        1695.5   ,           1377.0   ,               42.4   ,        56.4   ,               0   ,                   0   ,            869   ,         95   ,                       92   ,                   0   ,                    0   ,              180.4   ,                 129.8   ,              29.6   ,                11.9   ,             77.9   ,               11.9   ,             72.2   ,               11.9   ,                        78.9   ,              16   ,        0.8810   ,               47.0   ,                  5728   ,
2026-08-20 18:04:10 ,        1708.5   ,           1377.0   ,               42.5   ,        56.5   ,               0   ,                   0   ,            869   ,         78   ,                       76   ,                   0   ,                    0   ,              283.6   ,                 216.9   ,              37.4   ,                11.9   ,            130.1   ,               11.8   ,             55.5   ,               11.9   ,                        48.8   ,              16   ,        0.8750   ,               50.0   ,                  5731   ,
2026-08-20 18:04:11 ,        1708.5   ,           1377.0   ,               42.6   ,        56.6   ,               0   ,                   0   ,            869   ,         95   ,                       92   ,                   0   ,                    0   ,              271.1   ,                 203.1   ,              36.8   ,                11.9   ,            121.9   ,               11.9   ,            111.8   ,               11.9   ,                        98.6   ,               1   ,        0.8810   ,               49.0   ,                  5728   ,
2026-08-20 18:04:12 ,        1695.5   ,           1377.0   ,               42.0   ,        56.0   ,               0   ,                   0   ,            869   ,         94   ,                       91   ,                   0   ,                    0   ,              231.6   ,                 172.8   ,              34.5   ,                11.9   ,            103.7   ,               11.9   ,             92.8   ,               11.9   ,                        84.2   ,               1   ,        0.9430   ,               50.0   ,                  5732   ,
2026-08-20 18:04:13 ,        1695.5   ,           1377.0   ,               42.6   ,        56.6   ,               0   ,                   0   ,            869   ,         94   ,                       90   ,                   0   ,                    0   ,              270.1   ,                 203.2   ,              36.7   ,                11.9   ,             29.6   ,               12.0   ,             36.9   ,               11.9   ,                        31.3   ,              16   ,        0.8750   ,               48.0   ,                  5728   ,
2026-08-20 18:04:14 ,        1708.5   ,           1377.0   ,               42.4   ,        56.4   ,               0   ,                   0   ,            869   ,         92   ,                       90   ,                   0   ,                    0   ,              110.4   ,                  66.1   ,              23.8   ,                11.9   ,             39.7   ,               12.0   ,             46.2   ,               11.9   ,                        40.2   ,               1   ,        0.8810   ,               48.0   ,                  5727   ,
2026-08-20 18:04:15 ,        1708.5   ,           1377.0   ,               42.5   ,        56.5   ,               0   ,                   0   ,            869   ,         95   ,                       93   ,                   0   ,                    0   ,              218.6   ,                 160.4   ,              32.7   ,                11.9   ,             96.2   ,               11.9   ,             89.0   ,               11.9   ,                        60.5   ,              16   ,        0.8750   ,               48.0   ,                  5728   ,
2026-08-20 18:04:16 ,        1695.5   ,           1377.0   ,               42.7   ,        56.7   ,               0   ,                   0   ,            869   ,         94   ,                       90   ,                   0   ,                    0   ,              100.0   ,                 102.4   ,              27.2   ,                11.9   ,             61.5   ,               11.9   ,             64.4   ,               11.9   ,                        55.9   ,              16   ,        0.8750   ,               46.0   ,                  5731   ,
2026-08-20 18:04:17 ,        1695.5   ,           1377.0   ,               42.6   ,        56.6   ,               0   ,                   0   ,            869   ,         95   ,                       91   ,                   0   ,                    0   ,              127.4   ,                  80.6   ,              25.3   ,                11.9   ,             48.3   ,               11.9   ,             53.1   ,               11.9   ,                        46.3   ,              16   ,        0.8750   ,               49.0   ,                  5728   ,
2026-08-20 18:04:18 ,        1708.5   ,           1377.0   ,               42.6   ,        56.6   ,               0   ,                   0   ,            869   ,         95   ,                       92   ,                   0   ,                    0   ,              177.9   ,                 167.2   ,              33.1   ,                11.9   ,            100.3   ,               11.9   ,             90.7   ,               11.9   ,                        81.7   ,              16   ,        0.8750   ,               47.0   ,                  5731   ,
2026-08-20 18:04:19 ,        1708.5   ,           1377.0   ,               42.6   ,        56.6   ,               0   ,                   0   ,            869   ,         94   ,                       91   ,                   0   ,                    0   ,              272.4   ,                 206.8   ,              36.8   ,                11.9   ,            124.1   ,               11.9   ,            110.9   ,               11.9   ,                        42.4   ,               1   ,        0.8810   ,               49.0   ,                  5727   ,
2026-08-20 18:04:20 ,        1708.5   ,           1377.0   ,               42.7   ,        56.7   ,               0   ,                   0   ,            869   ,         93   ,                       90   ,                   0   ,                    0   ,              133.9   ,                  87.0   ,              25.5   ,                11.9   ,             52.2   ,               11.9   ,             55.5   ,               11.9   ,                        48.7   ,              16   ,        0.8810   ,               49.0   ,                  5727   ,
2026-08-20 18:04:21 ,        1708.5   ,           1377.0   ,               42.5   ,        56.5   ,               0   ,                   0   ,            869   ,         91   ,                       88   ,                   0   ,                    0   ,              116.2   ,                  70.8   ,              24.4   ,                11.9   ,             42.5   ,               12.0   ,             48.6   ,               11.9   ,                        42.2   ,               1   ,        0.8810   ,               50.0   ,                  5727   ,
2026-08-20 18:04:22 ,        1695.5   ,           1377.0   ,               42.6   ,        56.6   ,               0   ,                   0   ,            869   ,         95   ,                       91   ,                   0   ,                    0   ,              230.8   ,                 106.2   ,              24.8   ,                11.9   ,             45.8   ,               11.9   ,             50.0   ,               11.9   ,                        44.1   ,              16   ,        0.8750   ,               48.0   ,                  5729   ,
2026-08-20 18:04:23 ,        1695.5   ,           1377.0   ,               42.8   ,        56.8   ,               0   ,                   0   ,            869   ,         95   ,                       91   ,                   0   ,                    0   ,              146.2   ,                  98.8   ,              26.9   ,                11.9   ,             59.3   ,               11.9   ,             59.4   ,               11.9   ,                        53.2   ,              16   ,        0.8750   ,               49.0   ,                  5727   ,
2026-08-20 18:04:24 ,        1708.5   ,           1377.0   ,               42.7   ,        56.7   ,               0   ,                   0   ,            869   ,         94   ,                       92   ,                   0   ,                    0   ,              237.3   ,                 175.3   ,              34.1   ,                11.9   ,            105.2   ,               11.9   ,             97.3   ,               11.9   ,                        86.3   ,               1   ,        0.8810   ,               47.0   ,                  5731   ,
2026-08-20 18:04:25 ,        1695.5   ,           1377.0   ,               42.6   ,        56.6   ,               0   ,                   0   ,            869   ,         95   ,                       91   ,                   0   ,                    0   ,              269.9   ,                 201.7   ,              36.9   ,                11.9   ,            121.0   ,               11.9   ,            111.2   ,               11.9   ,                        32.3   ,               1   ,        0.8750   ,               50.0   ,                  5726   ,
2026-08-20 18:04:26 ,        1695.5   ,           1377.0   ,               42.7   ,        56.7   ,               0   ,                   0   ,            869   ,         95   ,                       91   ,                   0   ,                    0   ,              261.0   ,                 193.2   ,              36.5   ,                11.9   ,            115.9   ,               11.9   ,            107.9   ,               11.9   ,                        45.7   ,               1   ,        0.8810   ,               48.0   ,                  5728   ,
2026-08-20 18:04:27 ,        1695.5   ,           1377.0   ,               42.6   ,        56.6   ,               0   ,                   0   ,            869   ,         93   ,                       91   ,                   0   ,                    0   ,              192.0   ,                 135.2   ,              30.1   ,                11.9   ,             81.1   ,               11.9   ,             74.8   ,               11.9   ,                        66.4   ,              16   ,        0.8810   ,               49.0   ,                  5725   ,
2026-08-20 18:04:28 ,        1695.5   ,           1377.0   ,               42.6   ,        56.6   ,               0   ,                   0   ,            869   ,         94   ,                       91   ,                   0   ,                    0   ,              157.1   ,                 106.4   ,              27.6   ,                11.9   ,             63.8   ,               11.9   ,             65.0   ,               11.9   ,                        57.1   ,               1   ,        0.8750   ,               49.0   ,                  5728   ,
2026-08-20 18:04:29 ,        1708.5   ,           1377.0   ,               42.6   ,        56.6   ,               0   ,                   0   ,            869   ,         94   ,                       89   ,                   0   ,                    0   ,              258.8   ,                 197.2   ,              35.6   ,                11.9   ,            118.3   ,               11.9   ,            104.1   ,               11.9   ,                        94.1   ,               1   ,        0.8810   ,               49.0   ,                  5722   ,
2026-08-20 18:04:30 ,        1695.5   ,           1377.0   ,               42.6   ,        56.6   ,               0   ,                   0   ,            869   ,         93   ,                       89   ,                   0   ,                    0   ,              166.0   ,                 116.3   ,              28.6   ,                11.9   ,             69.8   ,               11.9   ,             67.0   ,               11.9   ,                        60.4   ,               1   ,        0.8750   ,               47.0   ,                  5729   ,
2026-08-20 18:04:31 ,        1695.5   ,           1377.0   ,               42.6   ,        56.6   ,               0   ,                   0   ,            869   ,         93   ,                       88   ,                   0   ,                    0   ,              136.8   ,                  89.7   ,              25.9   ,                11.9   ,             53.8   ,               11.9   ,             56.4   ,               11.9   ,                        49.8   ,              16   ,        0.8750   ,               51.0   ,                  5725   ,
2026-08-20 18:04:32 ,        1683.0   ,           1377.0   ,               42.7   ,        56.7   ,               0   ,                   0   ,            869   ,         96   ,                       92   ,                   0   ,                    0   ,              269.3   ,                 201.0   ,              23.1   ,                11.9   ,             34.5   ,               12.0   ,             42.8   ,               12.0   ,                        36.8   ,              16   ,        0.8750   ,               50.0   ,                  5728   ,
2026-08-20 18:04:33 ,        1708.5   ,           1377.0   ,               42.6   ,        56.6   ,               0   ,                   0   ,            869   ,         88   ,                       84   ,                   0   ,                    0   ,              266.6   ,                 198.7   ,              36.5   ,                11.9   ,             47.7   ,               11.9   ,             53.2   ,               11.9   ,                        46.1   ,               1   ,        0.8810   ,               45.0   ,                  5724   ,
2026-08-20 18:04:34 ,        1695.5   ,           1377.0   ,               42.6   ,        56.6   ,               0   ,                   0   ,            869   ,         89   ,                       85   ,                   0   ,                    0   ,              266.5   ,                 196.7   ,              36.9   ,                11.9   ,            118.0   ,               11.8   ,            111.0   ,               11.9   ,                        39.2   ,              16   ,        0.8750   ,               42.0   ,                  5727   ,
2026-08-20 18:04:35 ,        1695.5   ,           1377.0   ,               42.6   ,        56.6   ,               0   ,                   0   ,            869   ,         85   ,                       81   ,                   0   ,                    0   ,              264.8   ,                 195.7   ,              36.5   ,                11.9   ,            117.4   ,               11.9   ,            110.3   ,               11.9   ,                        43.2   ,              16   ,        0.8750   ,               48.0   ,                  5721   ,
2026-08-20 18:04:36 ,        1746.5   ,           1377.0   ,               42.4   ,        56.4   ,               0   ,                   0   ,            869   ,         70   ,                       68   ,                   0   ,                    0   ,              237.0   ,                 173.9   ,              34.0   ,                11.9   ,            104.3   ,               11.9   ,             98.0   ,               11.9   ,                        86.2   ,              16   ,        0.8810   ,               48.0   ,                  5727   ,
2026-08-20 18:04:37 ,        1695.5   ,           1377.0   ,               42.7   ,        56.7   ,               0   ,                   0   ,            869   ,         95   ,                       91   ,                   0   ,                    0   ,              271.0   ,                 203.8   ,              37.4   ,                11.9   ,            122.3   ,               11.8   ,            110.7   ,               11.9   ,                        98.6   ,               1   ,        0.8750   ,               49.0   ,                  5724   ,
2026-08-20 18:04:38 ,        1670.5   ,           1377.0   ,               42.4   ,        56.4   ,               0   ,                   0   ,            869   ,         86   ,                       83   ,                   0   ,                    0   ,              150.0   ,                  72.1   ,              24.6   ,                11.9   ,             43.3   ,               11.9   ,             50.1   ,               11.9   ,                        43.1   ,              16   ,        0.8620   ,               49.0   ,                  5726   ,
2026-08-20 18:04:39 ,        1695.5   ,           1377.0   ,               42.8   ,        56.8   ,               0   ,                   0   ,            869   ,         95   ,                       92   ,                   0   ,                    0   ,              193.1   ,                 138.6   ,              30.4   ,                11.9   ,             83.2   ,               11.9   ,             78.8   ,               11.9   ,                        70.2   ,              16   ,        0.8750   ,               47.0   ,                  5723   ,
2026-08-20 18:04:40 ,        1695.5   ,           1377.0   ,               42.8   ,        56.8   ,               0   ,                   0   ,            869   ,         95   ,                       92   ,                   0   ,                    0   ,              272.0   ,                 204.4   ,              37.3   ,                11.9   ,            122.6   ,               11.9   ,            111.4   ,               11.9   ,                        98.9   ,               1   ,        0.8750   ,               49.0   ,                  5726   ,
2026-08-20 18:04:41 ,        1721.0   ,           1377.0   ,               42.7   ,        56.7   ,               0   ,                   0   ,            869   ,         93   ,                       89   ,                   0   ,                    0   ,              214.4   ,                 153.1   ,              32.1   ,                11.9   ,             91.8   ,               11.9   ,             89.7   ,               11.9   ,                        78.0   ,              16   ,        0.8810   ,               48.0   ,                  5720   ,
2026-08-20 18:04:42 ,        1683.0   ,           1377.0   ,               42.7   ,        56.7   ,               0   ,                   0   ,            869   ,         96   ,                       92   ,                   0   ,                    0   ,              263.1   ,                 199.5   ,              36.3   ,                11.9   ,            119.7   ,               11.9   ,            106.5   ,               11.9   ,                        95.7   ,              16   ,        0.8750   ,               49.0   ,                  5727   ,
2026-08-20 18:04:43 ,        1695.5   ,           1377.0   ,               42.7   ,        56.7   ,               0   ,                   0   ,            869   ,         96   ,                       93   ,                   0   ,                    0   ,              175.6   ,                 125.9   ,              29.2   ,                11.9   ,             75.5   ,               11.9   ,             70.2   ,               11.9   ,                        63.9   ,               1   ,        0.8750   ,               50.0   ,                  5723   ,
2026-08-20 18:04:44 ,        1695.5   ,           1377.0   ,               42.8   ,        56.8   ,               0   ,                   0   ,            869   ,         94   ,                       92   ,                   0   ,                    0   ,              278.7   ,                 211.7   ,              37.2   ,                11.9   ,            127.0   ,               11.8   ,            113.9   ,               11.9   ,                       101.4   ,               1   ,        0.8750   ,               49.0   ,                  5726   ,
2026-08-20 18:04:45 ,        1695.5   ,           1377.0   ,               42.8   ,        56.8   ,               0   ,                   0   ,            869   ,         95   ,                       92   ,                   0   ,                    0   ,              129.1   ,                  82.5   ,              25.4   ,                11.9   ,             49.5   ,               11.9   ,             53.5   ,               11.9   ,                        46.9   ,               1   ,        0.8750   ,               50.0   ,                  5723   ,
2026-08-20 18:04:46 ,        1695.5   ,           1377.0   ,               42.6   ,        56.6   ,               0   ,                   0   ,            869   ,         95   ,                       93   ,                   0   ,                    0   ,              150.6   ,                 114.7   ,              28.2   ,                11.9   ,             68.8   ,               11.9   ,             65.4   ,               11.9   ,                        59.3   ,              16   ,        0.8750   ,               50.0   ,                  5726   ,
2026-08-20 18:04:47 ,        1695.5   ,           1377.0   ,               42.5   ,        56.5   ,               0   ,                   0   ,            869   ,         95   ,                       93   ,                   0   ,                    0   ,              207.2   ,                 129.4   ,              25.1   ,                11.9   ,             48.5   ,               11.9   ,             53.0   ,               11.9   ,                        46.3   ,              16   ,        0.8750   ,               51.0   ,                  5716   ,
2026-08-20 18:04:48 ,        1708.5   ,           1377.0   ,               42.6   ,        56.6   ,               0   ,                   0   ,            869   ,         95   ,                       92   ,                   0   ,                    0   ,              144.5   ,                  97.6   ,              26.6   ,                11.9   ,             58.5   ,               11.9   ,             58.7   ,               11.9   ,                        52.5   ,               1   ,        0.8810   ,               46.0   ,                  5722   ,
2026-08-20 18:04:49 ,        1708.5   ,           1377.0   ,               42.8   ,        56.8   ,               0   ,                   0   ,            869   ,         94   ,                       92   ,                   0   ,                    0   ,              274.6   ,                 209.3   ,              37.4   ,                11.9   ,            125.6   ,               11.9   ,            110.9   ,               11.8   ,                        46.3   ,              16   ,        0.8750   ,               49.0   ,                  5717   ,
2026-08-20 18:04:50 ,        1695.5   ,           1377.0   ,               42.8   ,        56.8   ,               0   ,                   0   ,            869   ,         95   ,                       92   ,                   0   ,                    0   ,              207.3   ,                 154.4   ,              32.1   ,                11.9   ,             92.6   ,               11.9   ,             81.9   ,               11.9   ,                        75.4   ,               1   ,        0.8750   ,               51.0   ,                  5720   ,
2026-08-20 18:04:51 ,        1695.5   ,           1377.0   ,               42.8   ,        56.8   ,               0   ,                   0   ,            869   ,         93   ,                       90   ,                   0   ,                    0   ,              268.9   ,                  58.5   ,              23.1   ,                11.9   ,             35.1   ,               12.0   ,             42.4   ,               11.9   ,                        36.8   ,               1   ,        0.8750   ,               50.0   ,                  5716   ,
2026-08-20 18:04:52 ,        1695.5   ,           1377.0   ,               42.8   ,        56.8   ,               0   ,                   0   ,            869   ,         96   ,                       93   ,                   0   ,                    0   ,              269.9   ,                  72.4   ,              24.5   ,                11.9   ,             43.4   ,               12.0   ,             48.3   ,               11.9   ,                        42.5   ,               1   ,        0.8750   ,               49.0   ,                  5718   ,
2026-08-20 18:04:53 ,        1695.5   ,           1377.0   ,               42.8   ,        56.8   ,               0   ,                   0   ,            869   ,         95   ,                       91   ,                   0   ,                    0   ,               94.2   ,                 114.9   ,              28.4   ,                11.9   ,             68.9   ,               11.9   ,             69.1   ,               11.9   ,                        60.8   ,              16   ,        0.8750   ,               49.0   ,                  5716   ,
2026-08-20 18:04:54 ,        1708.5   ,           1377.0   ,               42.8   ,        56.8   ,               0   ,                   0   ,            869   ,         94   ,                       91   ,                   0   ,                    0   ,              143.7   ,                  94.9   ,              26.5   ,                11.9   ,             56.9   ,               11.9   ,             59.6   ,               11.9   ,                        52.3   ,              16   ,        0.8810   ,               51.0   ,                  5719   ,
2026-08-20 18:04:55 ,        1695.5   ,           1377.0   ,               42.6   ,        56.6   ,               0   ,                   0   ,            869   ,         95   ,                       93   ,                   0   ,                    0   ,              146.6   ,                  97.6   ,              27.0   ,                11.9   ,             58.5   ,               11.9   ,             60.3   ,               11.9   ,                        53.3   ,              16   ,        0.8750   ,               51.0   ,                  5715   ,
2026-08-20 18:04:56 ,        1695.5   ,           1377.0   ,               42.8   ,        56.8   ,               0   ,                   0   ,            869   ,         95   ,                       92   ,                   0   ,                    0   ,              274.7   ,                 213.4   ,              37.3   ,                11.9   ,            128.0   ,               11.9   ,            108.7   ,               11.9   ,                        99.9   ,               1   ,        0.8750   ,               49.0   ,                  5718   ,
2026-08-20 18:04:57 ,        1683.0   ,           1377.0   ,               43.0   ,        57.0   ,               0   ,                   0   ,            869   ,         95   ,                       90   ,                   0   ,                    0   ,              178.2   ,                 126.4   ,              29.3   ,                11.9   ,             75.8   ,               11.9   ,             72.4   ,               11.9   ,                        62.5   ,              16   ,        0.8810   ,               49.0   ,                  5716   ,
2026-08-20 18:04:58 ,        1670.5   ,           1377.0   ,               42.8   ,        56.8   ,               0   ,                   0   ,            869   ,         84   ,                       81   ,                   0   ,                    0   ,              268.5   ,                 197.9   ,              37.4   ,                11.9   ,            118.8   ,               11.8   ,            111.6   ,               11.9   ,                        97.6   ,               1   ,        0.8620   ,               50.0   ,                  5718   ,
2026-08-20 18:04:59 ,        1695.5   ,           1377.0   ,               42.8   ,        56.8   ,               0   ,                   0   ,            869   ,         93   ,                       90   ,                   0   ,                    0   ,              186.6   ,                 130.6   ,              30.6   ,                11.9   ,             78.3   ,               11.9   ,             77.1   ,               11.9   ,                        47.4   ,              16   ,        0.8810   ,               45.0   ,                  5712   ,
2026-08-20 18:05:00 ,        1733.5   ,           1377.0   ,               42.8   ,        56.8   ,               0   ,                   0   ,            869   ,         75   ,                       74   ,                   0   ,                    0   ,              266.0   ,                 204.5   ,              36.2   ,                11.9   ,            122.7   ,               11.9   ,            106.5   ,               11.9   ,                        58.3   ,              16   ,        0.8750   ,               48.0   ,                  5719   ,
2026-08-20 18:05:01 ,        1695.5   ,           1377.0   ,               43.0   ,        57.0   ,               0   ,                   0   ,            869   ,         80   ,                       77   ,                   0   ,                    0   ,              153.8   ,                 106.8   ,              27.4   ,                11.9   ,             64.1   ,               11.9   ,             61.6   ,               11.9   ,                        55.9   ,               1   ,        0.8750   ,               50.0   ,                  5714   ,
2026-08-20 18:05:02 ,        1695.5   ,           1377.0   ,               42.4   ,        56.4   ,               0   ,                   0   ,            869   ,         95   ,                       93   ,                   0   ,                    0   ,              170.1   ,                 119.4   ,              28.9   ,                11.9   ,             71.7   ,               11.9   ,             68.8   ,               11.9   ,                        61.8   ,              16   ,        0.8750   ,               50.0   ,                  5719   ,
2026-08-20 18:05:03 ,        1695.5   ,           1377.0   ,               42.6   ,        56.6   ,               0   ,                   0   ,            869   ,         95   ,                       92   ,                   0   ,                    0   ,              151.3   ,                 102.4   ,              27.3   ,                11.9   ,             61.5   ,               11.9   ,             61.9   ,               11.9   ,                        55.0   ,              16   ,        0.8750   ,               50.0   ,                  5717   ,
2026-08-20 18:05:04 ,        1670.5   ,           1377.0   ,               42.5   ,        56.5   ,               0   ,                   0   ,            869   ,         93   ,                       89   ,                   0   ,                    0   ,              211.1   ,                 151.3   ,              32.5   ,                11.9   ,             90.8   ,               11.9   ,            102.4   ,               11.9   ,                        92.4   ,              16   ,        0.8620   ,               48.0   ,                  5727   ,
2026-08-20 18:05:05 ,        1683.0   ,           1377.0   ,               42.8   ,        56.8   ,               0   ,                   0   ,            869   ,         96   ,                       93   ,                   0   ,                    0   ,              104.1   ,                  49.6   ,              22.2   ,                11.9   ,             29.8   ,               12.0   ,             39.0   ,               12.0   ,                        33.3   ,              16   ,        0.8750   ,               48.0   ,                  5725   ,
2026-08-20 18:05:06 ,        1695.5   ,           1377.0   ,               42.8   ,        56.8   ,               0   ,                   0   ,            869   ,         95   ,                       92   ,                   0   ,                    0   ,              271.0   ,                 203.8   ,              36.6   ,                11.9   ,            122.3   ,               11.8   ,            111.4   ,               11.9   ,                        36.7   ,              16   ,        0.8750   ,               41.0   ,                  5734   ,
2026-08-20 18:05:07 ,        1695.5   ,           1377.0   ,               43.1   ,        57.1   ,               0   ,                   0   ,            869   ,         95   ,                       92   ,                   0   ,                    0   ,              272.2   ,                 206.3   ,              37.1   ,                11.9   ,            123.8   ,               11.9   ,            110.7   ,               11.9   ,                        99.0   ,               1   ,        0.8620   ,               50.0   ,                  5729   ,
2026-08-20 18:05:08 ,        1695.5   ,           1377.0   ,               42.9   ,        56.9   ,               0   ,                   0   ,            869   ,         95   ,                       92   ,                   0   ,                    0   ,              134.3   ,                  86.2   ,              26.0   ,                11.9   ,             51.7   ,               11.9   ,             55.9   ,               11.9   ,                        48.8   ,              16   ,        0.8750   ,               51.0   ,                  5732   ,
2026-08-20 18:05:09 ,        1708.5   ,           1377.0   ,               43.0   ,        57.0   ,               0   ,                   0   ,            869   ,         90   ,                       87   ,                   0   ,                    0   ,              230.3   ,                  81.9   ,              25.2   ,                11.9   ,             49.1   ,               11.9   ,             53.1   ,               11.9   ,                        46.5   ,              16   ,        0.8810   ,               51.0   ,                  5729   ,
2026-08-20 18:05:10 ,        1695.5   ,           1377.0   ,               42.8   ,        56.8   ,               0   ,                   0   ,            869   ,         95   ,                       93   ,                   0   ,                    0   ,              198.8   ,                 146.0   ,              31.2   ,                11.9   ,             87.6   ,               11.9   ,             90.9   ,               11.9   ,                        79.9   ,              16   ,        0.8750   ,               50.0   ,                  5731   ,
2026-08-20 18:05:11 ,        1695.5   ,           1377.0   ,               43.0   ,        57.0   ,               0   ,                   0   ,            869   ,         95   ,                       93   ,                   0   ,                    0   ,              171.2   ,                  89.6   ,              26.7   ,                11.9   ,             53.8   ,               11.9   ,             57.3   ,               11.9   ,                        50.3   ,              16   ,        0.8810   ,               51.0   ,                  5725   ,
2026-08-20 18:05:12 ,        1670.5   ,           1377.0   ,               42.9   ,        56.9   ,               0   ,                   0   ,            869   ,         95   ,                       93   ,                   0   ,                    0   ,              165.5   ,                 167.8   ,              33.7   ,                11.9   ,            100.7   ,               11.9   ,             94.8   ,               11.9   ,                        83.6   ,              16   ,        0.8750   ,               50.0   ,                  5733   ,
2026-08-20 18:05:13 ,        1695.5   ,           1377.0   ,               42.9   ,        56.9   ,               0   ,                   0   ,            869   ,         95   ,                       91   ,                   0   ,                    0   ,              197.9   ,                 143.7   ,              30.9   ,                11.9   ,             86.2   ,               11.9   ,             80.0   ,               11.9   ,                        72.0   ,              16   ,        0.8750   ,               50.0   ,                  5729   ,
2026-08-20 18:05:14 ,        1695.5   ,           1377.0   ,               42.8   ,        56.8   ,               0   ,                   0   ,            869   ,         94   ,                       91   ,                   0   ,                    0   ,              132.1   ,                  84.6   ,              25.8   ,                11.9   ,             50.7   ,               11.9   ,             54.9   ,               11.9   ,                        48.1   ,              16   ,        0.8810   ,               50.0   ,                  5732   ,
2026-08-20 18:05:15 ,        1670.5   ,           1377.0   ,               42.8   ,        56.8   ,               0   ,                   0   ,            869   ,         96   ,                       92   ,                   0   ,                    0   ,              137.8   ,                  89.0   ,              26.7   ,                11.9   ,             53.4   ,               11.9   ,             57.1   ,               11.9   ,                        50.1   ,              16   ,        0.8750   ,               45.0   ,                  5730   ,
2026-08-20 18:05:16 ,        1695.5   ,           1377.0   ,               43.0   ,        57.0   ,               0   ,                   0   ,            869   ,         95   ,                       91   ,                   0   ,                    0   ,              200.9   ,                 143.5   ,              31.2   ,                11.9   ,             86.1   ,               11.9   ,             82.9   ,               11.9   ,                        73.1   ,               1   ,        0.8750   ,               50.0   ,                  5732   ,
2026-08-20 18:05:17 ,        1695.5   ,           1377.0   ,               43.1   ,        57.1   ,               0   ,                   0   ,            869   ,         95   ,                       92   ,                   0   ,                    0   ,              140.6   ,                  94.2   ,              26.3   ,                11.9   ,             56.5   ,               11.9   ,             57.1   ,               11.9   ,                        51.1   ,               1   ,        0.8750   ,               52.0   ,                  5726   ,
2026-08-20 18:05:18 ,        1695.5   ,           1377.0   ,               43.0   ,        57.0   ,               0   ,                   0   ,            869   ,         96   ,                       93   ,                   0   ,                    0   ,              279.1   ,                 211.5   ,              37.6   ,                11.9   ,            126.9   ,               11.8   ,            113.9   ,               11.9   ,                       101.5   ,               1   ,        0.8750   ,               51.0   ,                  5733   ,
2026-08-20 18:05:19 ,        1708.5   ,           1377.0   ,               43.0   ,        57.0   ,               0   ,                   0   ,            869   ,         95   ,                       91   ,                   0   ,                    0   ,              276.9   ,                 207.9   ,              37.0   ,                11.9   ,            124.7   ,               11.8   ,            114.5   ,               11.9   ,                       100.7   ,               1   ,        0.8810   ,               50.0   ,                  5728   ,
2026-08-20 18:05:20 ,        1708.5   ,           1377.0   ,               43.0   ,        57.0   ,               0   ,                   0   ,            869   ,         92   ,                       88   ,                   0   ,                    0   ,              199.3   ,                 143.3   ,              31.5   ,                11.9   ,             86.0   ,               11.9   ,             86.1   ,               11.9   ,                        76.6   ,              16   ,        0.8620   ,               49.0   ,                  5731   ,
2026-08-20 18:05:21 ,        1695.5   ,           1377.0   ,               42.9   ,        56.9   ,               0   ,                   0   ,            869   ,         95   ,                       92   ,                   0   ,                    0   ,              272.2   ,                 207.7   ,              37.1   ,                11.9   ,            124.6   ,               11.9   ,            109.7   ,               11.9   ,                        99.0   ,               1   ,        0.8750   ,               49.0   ,                  5729   ,
2026-08-20 18:05:22 ,        1695.5   ,           1377.0   ,               42.9   ,        56.9   ,               0   ,                   0   ,            869   ,         96   ,                       92   ,                   0   ,                    0   ,              205.7   ,                 151.4   ,              31.9   ,                11.9   ,             90.9   ,               11.9   ,             82.3   ,               11.9   ,                        74.8   ,               1   ,        0.8750   ,               49.0   ,                  5729   ,
2026-08-20 18:05:23 ,        1695.5   ,           1377.0   ,               43.0   ,        57.0   ,               0   ,                   0   ,            869   ,         95   ,                       92   ,                   0   ,                    0   ,              181.5   ,                 129.1   ,              29.7   ,                11.9   ,             77.4   ,               11.9   ,             73.7   ,               11.9   ,                        66.0   ,               1   ,        0.8750   ,               51.0   ,                  5728   ,
2026-08-20 18:05:24 ,        1708.5   ,           1377.0   ,               43.0   ,        57.0   ,               0   ,                   0   ,            869   ,         93   ,                       90   ,                   0   ,                    0   ,              238.4   ,                 175.0   ,              34.2   ,                11.9   ,            105.0   ,               11.9   ,             98.6   ,               11.9   ,                        53.1   ,              16   ,        0.8750   ,               49.0   ,                  5731   ,
2026-08-20 18:05:25 ,        1708.5   ,           1377.0   ,               42.8   ,        56.8   ,               0   ,                   0   ,            869   ,         83   ,                       80   ,                   0   ,                    0   ,              107.8   ,                  64.5   ,              23.4   ,                11.9   ,             38.7   ,               12.0   ,             44.9   ,               11.9   ,                        39.2   ,               1   ,        0.8810   ,               51.0   ,                  5727   ,
2026-08-20 18:05:26 ,        1695.5   ,           1377.0   ,               43.1   ,        57.1   ,               0   ,                   0   ,            868   ,         95   ,                       91   ,                   0   ,                    0   ,              151.6   ,                 101.6   ,              27.4   ,                11.9   ,             61.0   ,               11.9   ,             76.2   ,               11.9   ,                        70.0   ,              16   ,        0.8750   ,               50.0   ,                  5730   ,
2026-08-20 18:05:27 ,        1708.5   ,           1377.0   ,               43.1   ,        57.1   ,               0   ,                   0   ,            868   ,         96   ,                       93   ,                   0   ,                    0   ,              257.8   ,                 195.3   ,              35.6   ,                11.9   ,            117.2   ,               11.9   ,            104.3   ,               11.9   ,                        93.8   ,               1   ,        0.8750   ,               52.0   ,                  5728   ,
2026-08-20 18:05:28 ,        1670.5   ,           1377.0   ,               42.8   ,        56.8   ,               0   ,                   0   ,            868   ,         94   ,                       90   ,                   0   ,                    0   ,              218.8   ,                  84.9   ,              25.7   ,                11.9   ,             50.9   ,               11.9   ,             80.3   ,               11.9   ,                        69.0   ,              16   ,        0.9000   ,               49.0   ,                  5730   ,
2026-08-20 18:05:29 ,        1670.5   ,           1377.0   ,               42.9   ,        56.9   ,               0   ,                   0   ,            868   ,         96   ,                       92   ,                   0   ,                    0   ,              227.3   ,                 165.4   ,              33.7   ,                11.9   ,             99.3   ,               11.9   ,             93.6   ,               11.9   ,                        82.6   ,              16   ,        0.8810   ,               48.0   ,                  5728   ,
2026-08-20 18:05:30 ,        1670.5   ,           1377.0   ,               43.0   ,        57.0   ,               0   ,                   0   ,            868   ,         95   ,                       92   ,                   0   ,                    0   ,              158.8   ,                 135.2   ,              30.9   ,                11.9   ,             81.1   ,               11.9   ,             80.0   ,               11.9   ,                        70.1   ,              16   ,        0.9620   ,               47.0   ,                  5729   ,
2026-08-20 18:05:31 ,        1695.5   ,           1377.0   ,               43.1   ,        57.1   ,               0   ,                   0   ,            868   ,         96   ,                       91   ,                   0   ,                    0   ,              129.9   ,                  83.1   ,              25.4   ,                11.9   ,             49.9   ,               11.9   ,             54.0   ,               11.9   ,                        47.3   ,              16   ,        0.8750   ,               46.0   ,                  5728   ,
2026-08-20 18:05:32 ,        1695.5   ,           1377.0   ,               42.9   ,        56.9   ,               0   ,                   0   ,            868   ,         91   ,                       87   ,                   0   ,                    0   ,              257.3   ,                  53.2   ,              21.9   ,                11.9   ,             27.8   ,               12.0   ,             37.4   ,               12.0   ,                        31.9   ,              16   ,        0.8750   ,               51.0   ,                  5732   ,
2026-08-20 18:05:33 ,        1695.5   ,           1377.0   ,               43.1   ,        57.1   ,               0   ,                   0   ,            868   ,         95   ,                       92   ,                   0   ,                    0   ,              123.9   ,                  79.3   ,              25.0   ,                11.9   ,             47.6   ,               11.9   ,             50.7   ,               11.9   ,                        45.1   ,              16   ,        0.8750   ,               50.0   ,                  5729   ,
2026-08-20 18:05:34 ,        1708.5   ,           1377.0   ,               43.1   ,        57.1   ,               0   ,                   0   ,            868   ,         96   ,                       93   ,                   0   ,                    0   ,              148.1   ,                  98.3   ,              26.8   ,                11.9   ,             59.0   ,               11.9   ,             61.7   ,               11.9   ,                        53.9   ,               1   ,        0.8810   ,               50.0   ,                  5730   ,
2026-08-20 18:05:35 ,        1708.5   ,           1377.0   ,               43.1   ,        57.1   ,               0   ,                   0   ,            868   ,         93   ,                       90   ,                   0   ,                    0   ,              271.3   ,                 205.7   ,              37.0   ,                11.9   ,            123.4   ,               11.9   ,            110.2   ,               11.8   ,                        98.7   ,               1   ,        0.8810   ,               50.0   ,                  5726   ,
2026-08-20 18:05:36 ,        1695.5   ,           1377.0   ,               43.2   ,        57.2   ,               0   ,                   0   ,            868   ,         96   ,                       93   ,                   0   ,                    0   ,              246.8   ,                 181.9   ,              35.1   ,                11.9   ,            109.1   ,               11.9   ,            101.9   ,               11.9   ,                        89.8   ,               1   ,        0.8750   ,               51.0   ,                  5730   ,
2026-08-20 18:05:37 ,        1695.5   ,           1377.0   ,               43.2   ,        57.2   ,               0   ,                   0   ,            868   ,         96   ,                       92   ,                   0   ,                    0   ,              149.1   ,                 102.5   ,              27.0   ,                11.9   ,             61.5   ,               11.9   ,             59.9   ,               11.9   ,                        54.2   ,               1   ,        0.8750   ,               45.0   ,                  5725   ,
2026-08-20 18:05:38 ,        1708.5   ,           1377.0   ,               43.1   ,        57.1   ,               0   ,                   0   ,            868   ,         96   ,                       92   ,                   0   ,                    0   ,              123.9   ,                  78.2   ,              24.8   ,                11.9   ,             46.9   ,               11.9   ,             51.5   ,               11.9   ,                        45.0   ,              16   ,        0.8810   ,               50.0   ,                  5730   ,
2026-08-20 18:05:39 ,        1695.5   ,           1377.0   ,               43.1   ,        57.1   ,               0   ,                   0   ,            868   ,         96   ,                       93   ,                   0   ,                    0   ,              265.5   ,                 196.7   ,              37.2   ,                11.9   ,            118.0   ,               11.9   ,            109.6   ,               11.9   ,                        96.6   ,               1   ,        0.8750   ,               52.0   ,                  5727   ,
2026-08-20 18:05:40 ,        1683.0   ,           1377.0   ,               43.3   ,        57.3   ,               0   ,                   0   ,            868   ,         93   ,                       93   ,                   0   ,                    0   ,              110.0   ,                  64.9   ,              23.8   ,                11.9   ,             38.9   ,               12.0   ,             46.6   ,               11.9   ,                        71.3   ,              16   ,        0.8750   ,               48.0   ,                  5728   ,
2026-08-20 18:05:41 ,        1695.5   ,           1377.0   ,               43.2   ,        57.2   ,               0   ,                   0   ,            868   ,         95   ,                       91   ,                   0   ,                    0   ,              271.9   ,                 202.4   ,              36.8   ,                11.9   ,            121.4   ,               11.8   ,            112.9   ,               11.9   ,                        98.9   ,               1   ,        0.8750   ,               50.0   ,                  5723   ,
2026-08-20 18:05:42 ,        1695.5   ,           1377.0   ,               43.2   ,        57.2   ,               0   ,                   0   ,            868   ,         96   ,                       92   ,                   0   ,                    0   ,              275.3   ,                 209.9   ,              37.5   ,                11.9   ,            126.0   ,               11.9   ,            111.2   ,               11.8   ,                       100.1   ,               1   ,        0.8750   ,               49.0   ,                  5727   ,
2026-08-20 18:05:43 ,        1708.5   ,           1377.0   ,               43.3   ,        57.3   ,               0   ,                   0   ,            868   ,         96   ,                       93   ,                   0   ,                    0   ,              203.7   ,                 146.2   ,              31.3   ,                11.9   ,             87.7   ,               11.9   ,             84.1   ,               11.9   ,                        74.1   ,               1   ,        0.8810   ,               46.0   ,                  5723   ,
2026-08-20 18:05:44 ,        1695.5   ,           1377.0   ,               43.3   ,        57.3   ,               0   ,                   0   ,            868   ,         95   ,                       92   ,                   0   ,                    0   ,              246.0   ,                 185.1   ,              35.2   ,                11.9   ,            111.1   ,               11.9   ,             99.1   ,               11.9   ,                        89.5   ,               1   ,        0.8750   ,               50.0   ,                  5726   ,
2026-08-20 18:05:45 ,        1695.5   ,           1377.0   ,               43.2   ,        57.2   ,               0   ,                   0   ,            868   ,         94   ,                       92   ,                   0   ,                    0   ,              251.5   ,                 190.1   ,              35.5   ,                11.9   ,            114.0   ,               11.9   ,            101.4   ,               11.9   ,                        91.5   ,              16   ,        0.8750   ,               50.0   ,                  5722   ,
2026-08-20 18:05:46 ,        1708.5   ,           1377.0   ,               43.3   ,        57.3   ,               0   ,                   0   ,            868   ,         95   ,                       92   ,                   0   ,                    0   ,              176.4   ,                 123.8   ,              29.2   ,                11.9   ,             74.3   ,               11.9   ,             72.2   ,               11.9   ,                        64.2   ,              16   ,        0.8750   ,               50.0   ,                  5725   ,
2026-08-20 18:05:47 ,        1695.5   ,           1377.0   ,               43.2   ,        57.2   ,               0   ,                   0   ,            868   ,         93   ,                       89   ,                   0   ,                    0   ,              234.8   ,                 175.8   ,              34.8   ,                11.9   ,            105.5   ,               11.9   ,             93.8   ,               11.9   ,                        48.4   ,              16   ,        0.8750   ,               50.0   ,                  5722   ,
2026-08-20 18:05:48 ,        1695.5   ,           1377.0   ,               43.3   ,        57.3   ,               0   ,                   0   ,            868   ,         92   ,                       88   ,                   0   ,                    0   ,              276.8   ,                 214.8   ,              37.4   ,                11.9   ,            128.9   ,               11.9   ,            109.9   ,               11.9   ,                       100.7   ,               1   ,        0.8750   ,               49.0   ,                  5726   ,
2026-08-20 18:05:49 ,        1708.5   ,           1377.0   ,               43.3   ,        57.3   ,               0   ,                   0   ,            868   ,         89   ,                       84   ,                   0   ,                    0   ,              277.8   ,                 210.3   ,              37.5   ,                11.9   ,            126.2   ,               11.8   ,            113.4   ,               11.9   ,                        43.4   ,               1   ,        0.8750   ,               49.0   ,                  5756   ,
2026-08-20 18:05:50 ,        1695.5   ,           1377.0   ,               43.3   ,        57.3   ,               0   ,                   0   ,            868   ,         94   ,                       90   ,                   0   ,                    0   ,              164.2   ,                 112.9   ,              28.3   ,                11.9   ,             67.8   ,               11.9   ,             67.5   ,               11.9   ,                        59.7   ,               1   ,        0.8750   ,               50.0   ,                  5755   ,
2026-08-20 18:05:51 ,        1670.5   ,           1377.0   ,               43.1   ,        57.1   ,               0   ,                   0   ,            868   ,         84   ,                       81   ,                   0   ,                    0   ,              229.1   ,                 101.2   ,              24.6   ,                11.9   ,             44.4   ,               11.9   ,             49.0   ,               11.9   ,                        43.2   ,              16   ,        0.8620   ,               51.0   ,                  5750   ,
2026-08-20 18:05:52 ,        1695.5   ,           1377.0   ,               43.3   ,        57.3   ,               0   ,                   0   ,            868   ,         83   ,                       80   ,                   0   ,                    0   ,              119.9   ,                  73.7   ,              24.6   ,                11.9   ,             44.2   ,               11.9   ,             50.4   ,               11.9   ,                        43.6   ,               1   ,        0.8750   ,               50.0   ,                  5753   ,
2026-08-20 18:05:53 ,        1695.5   ,           1377.0   ,               43.1   ,        57.1   ,               0   ,                   0   ,            868   ,         80   ,                       78   ,                   0   ,                    0   ,              259.5   ,                 196.5   ,              35.1   ,                11.9   ,            117.9   ,               11.9   ,            105.8   ,               11.9   ,                        94.4   ,               1   ,        0.8810   ,               50.0   ,                  5748   ,
2026-08-20 18:05:54 ,        1695.5   ,           1377.0   ,               43.0   ,        57.0   ,               0   ,                   0   ,            868   ,         92   ,                       88   ,                   0   ,                    0   ,              228.2   ,                 166.5   ,              33.2   ,                11.9   ,             99.9   ,               11.9   ,             94.4   ,               11.9   ,                        80.9   ,               1   ,        0.9620   ,               49.0   ,                  5754   ,
2026-08-20 18:05:55 ,        1683.0   ,           1377.0   ,               43.4   ,        57.4   ,               0   ,                   0   ,            868   ,         96   ,                       93   ,                   0   ,                    0   ,              116.9   ,                  72.5   ,              24.5   ,                11.9   ,             43.5   ,               11.9   ,             48.2   ,               11.9   ,                        70.5   ,              16   ,        0.8750   ,               49.0   ,                  5747   ,
2026-08-20 18:05:56 ,        1695.5   ,           1377.0   ,               43.5   ,        57.5   ,               0   ,                   0   ,            868   ,         96   ,                       92   ,                   0   ,                    0   ,              172.9   ,                 121.8   ,              28.8   ,                11.9   ,             73.0   ,               11.9   ,             70.4   ,               11.9   ,                        62.9   ,               1   ,        0.8810   ,               51.0   ,                  5755   ,
2026-08-20 18:05:57 ,        1683.0   ,           1377.0   ,               43.4   ,        57.4   ,               0   ,                   0   ,            868   ,         95   ,                       92   ,                   0   ,                    0   ,              248.5   ,                 185.3   ,              36.0   ,                11.9   ,            111.2   ,               11.9   ,            100.6   ,               11.9   ,                        90.4   ,              16   ,        0.8750   ,               50.0   ,                  5752   ,
2026-08-20 18:05:58 ,        1695.5   ,           1377.0   ,               43.4   ,        57.4   ,               0   ,                   0   ,            868   ,         95   ,                       92   ,                   0   ,                    0   ,              271.4   ,                 203.8   ,              36.7   ,                11.9   ,            122.3   ,               11.8   ,            111.7   ,               11.9   ,                        98.7   ,               1   ,        0.8750   ,               49.0   ,                  5754   ,
2026-08-20 18:05:59 ,        1695.5   ,           1377.0   ,               43.3   ,        57.3   ,               0   ,                   0   ,            868   ,         96   ,                       92   ,                   0   ,                    0   ,              118.0   ,                 103.6   ,              27.8   ,                11.9   ,             62.2   ,               11.9   ,             65.9   ,               11.9   ,                        56.9   ,              16   ,        0.8750   ,               49.0   ,                  5749   ,
2026-08-20 18:06:00 ,        1695.5   ,           1377.0   ,               43.2   ,        57.2   ,               0   ,                   0   ,            868   ,         93   ,                       89   ,                   0   ,                    0   ,              267.7   ,                 198.4   ,              36.5   ,                11.9   ,            119.0   ,               11.8   ,            111.4   ,               11.9   ,                        97.3   ,              16   ,        0.8750   ,               51.0   ,                  5755   ,
2026-08-20 18:06:01 ,        1695.5   ,           1377.0   ,               43.4   ,        57.4   ,               0   ,                   0   ,            868   ,         95   ,                       92   ,                   0   ,                    0   ,              268.8   ,                 202.5   ,              36.9   ,                11.9   ,            121.5   ,               11.9   ,            109.7   ,               11.9   ,                        97.8   ,               1   ,        0.8750   ,               50.0   ,                  5749   ,
2026-08-20 18:06:02 ,        1695.5   ,           1377.0   ,               43.4   ,        57.4   ,               0   ,                   0   ,            868   ,         95   ,                       92   ,                   0   ,                    0   ,              273.0   ,                 205.8   ,              37.4   ,                11.9   ,            123.5   ,               11.9   ,            111.5   ,               11.8   ,                        99.3   ,               1   ,        0.8750   ,               50.0   ,                  5755   ,
2026-08-20 18:06:03 ,        1670.5   ,           1377.0   ,               43.4   ,        57.3   ,               0   ,                   0   ,            868   ,         95   ,                       91   ,                   0   ,                    0   ,              186.9   ,                 132.4   ,              30.5   ,                11.9   ,             79.4   ,               11.9   ,             83.5   ,               11.9   ,                        73.8   ,              16   ,        0.8620   ,               50.0   ,                  5754   ,
2026-08-20 18:06:04 ,        1683.0   ,           1377.0   ,               43.3   ,        57.3   ,               0   ,                   0   ,            868   ,         95   ,                       93   ,                   0   ,                    0   ,              260.3   ,                 198.2   ,              36.2   ,                11.9   ,            118.9   ,               11.9   ,            104.5   ,               11.9   ,                        94.7   ,              16   ,        0.8750   ,               51.0   ,                  5755   ,
2026-08-20 18:06:05 ,        1708.5   ,           1377.0   ,               43.3   ,        57.3   ,               0   ,                   0   ,            868   ,         95   ,                       92   ,                   0   ,                    0   ,              128.3   ,                 104.8   ,              27.8   ,                11.9   ,             62.9   ,               11.9   ,             69.2   ,               11.9   ,                        58.4   ,              16   ,        0.8750   ,               50.0   ,                  5753   ,
2026-08-20 18:06:06 ,        1708.5   ,           1377.0   ,               43.3   ,        57.3   ,               0   ,                   0   ,            868   ,         94   ,                       92   ,                   0   ,                    0   ,              277.7   ,                 210.1   ,              37.6   ,                11.9   ,            126.1   ,               11.8   ,            113.4   ,               11.8   ,                       101.0   ,               1   ,        0.8810   ,               51.0   ,                  5751   ,
2026-08-20 18:06:07 ,        1695.5   ,           1377.0   ,               43.4   ,        57.4   ,               0   ,                   0   ,            868   ,         96   ,                       92   ,                   0   ,                    0   ,              102.7   ,                  50.4   ,              22.3   ,                11.9   ,             30.2   ,               12.0   ,             39.2   ,               11.9   ,                        33.6   ,              16   ,        0.8750   ,               49.0   ,                  5747   ,
2026-08-20 18:06:08 ,        1695.5   ,           1377.0   ,               43.4   ,        57.4   ,               0   ,                   0   ,            868   ,         96   ,                       93   ,                   0   ,                    0   ,              173.7   ,                 120.0   ,              29.1   ,                11.9   ,             72.0   ,               11.9   ,             71.9   ,               11.9   ,                        63.2   ,               1   ,        0.8750   ,               51.0   ,                  5751   ,
2026-08-20 18:06:09 ,        1695.5   ,           1377.0   ,               43.4   ,        57.4   ,               0   ,                   0   ,            868   ,         96   ,                       92   ,                   0   ,                    0   ,              251.7   ,                 186.7   ,              35.2   ,                11.9   ,            112.0   ,               11.9   ,             49.4   ,               11.9   ,                        42.8   ,               1   ,        0.8930   ,               50.0   ,                  5748   ,
2026-08-20 18:06:10 ,        1695.5   ,           1377.0   ,               43.3   ,        57.3   ,               0   ,                   0   ,            868   ,         96   ,                       92   ,                   0   ,                    0   ,              271.8   ,                 212.3   ,              37.3   ,                11.9   ,            127.4   ,               11.9   ,            106.4   ,               11.9   ,                        98.8   ,               1   ,        0.8750   ,               50.0   ,                  5750   ,
2026-08-20 18:06:11 ,        1695.5   ,           1377.0   ,               43.5   ,        57.5   ,               0   ,                   0   ,            868   ,         91   ,                       88   ,                   0   ,                    0   ,              150.3   ,                 102.1   ,              27.3   ,                11.9   ,             61.3   ,               11.9   ,             61.1   ,               11.9   ,                        54.7   ,               1   ,        0.8750   ,               52.0   ,                  5746   ,
2026-08-20 18:06:12 ,        1695.5   ,           1377.0   ,               43.5   ,        57.5   ,               0   ,                   0   ,            868   ,         93   ,                       89   ,                   0   ,                    0   ,              106.3   ,                  62.3   ,              23.4   ,                11.9   ,             37.4   ,               12.0   ,             44.8   ,               11.9   ,                        38.7   ,               1   ,        0.8750   ,               52.0   ,                  5751   ,
2026-08-20 18:06:13 ,        1708.5   ,           1377.0   ,               43.5   ,        57.5   ,               0   ,                   0   ,            868   ,         95   ,                       91   ,                   0   ,                    0   ,              124.7   ,                  78.0   ,              25.0   ,                11.9   ,             46.8   ,               11.9   ,             52.2   ,               11.9   ,                        45.3   ,              16   ,        0.8750   ,               51.0   ,                  5748   ,
2026-08-20 18:06:14 ,        1695.5   ,           1377.0   ,               43.3   ,        57.3   ,               0   ,                   0   ,            868   ,         90   ,                       87   ,                   0   ,                    0   ,              140.9   ,                  92.8   ,              26.4   ,                11.9   ,             55.7   ,               11.9   ,             58.2   ,               11.9   ,                        51.3   ,              16   ,        0.8750   ,               52.0   ,                  5752   ,
2026-08-20 18:06:15 ,        1708.5   ,           1377.0   ,               43.4   ,        57.4   ,               0   ,                   0   ,            868   ,         86   ,                       83   ,                   0   ,                    0   ,              172.8   ,                 120.2   ,              29.2   ,                11.9   ,             72.1   ,               11.9   ,             70.9   ,               11.9   ,                        62.9   ,               1   ,        0.8810   ,               52.0   ,                  5749   ,
2026-08-20 18:06:16 ,        1695.5   ,           1377.0   ,               43.4   ,        57.4   ,               0   ,                   0   ,            868   ,         94   ,                       92   ,                   0   ,                    0   ,              203.2   ,                 145.8   ,              32.0   ,                11.9   ,             87.5   ,               11.9   ,             83.0   ,               11.9   ,                        73.9   ,               1   ,        0.8750   ,               52.0   ,                  5748   ,
2026-08-20 18:06:17 ,        1695.5   ,           1377.0   ,               43.4   ,        57.4   ,               0   ,                   0   ,            868   ,         94   ,                       91   ,                   0   ,                    0   ,              271.4   ,                 202.7   ,              37.3   ,                11.9   ,            121.6   ,               11.8   ,            111.8   ,               11.9   ,                        98.7   ,               1   ,        0.8750   ,               50.0   ,                  5749   ,
2026-08-20 18:06:18 ,        1759.0   ,           1377.0   ,               43.3   ,        57.3   ,               0   ,                   0   ,            868   ,         85   ,                       83   ,                   0   ,                    0   ,              244.1   ,                 182.6   ,              34.0   ,                11.9   ,            109.5   ,               11.9   ,             99.8   ,               11.9   ,                        66.7   ,              16   ,        0.8810   ,               45.0   ,                  5752   ,
2026-08-20 18:06:19 ,        1683.0   ,           1377.0   ,               43.1   ,        57.1   ,               0   ,                   0   ,            868   ,         79   ,                       77   ,                   0   ,                    0   ,              245.5   ,                 183.5   ,              34.6   ,                11.9   ,             63.3   ,               11.9   ,             62.9   ,               11.9   ,                        71.7   ,              16   ,        0.8750   ,               46.0   ,                  5749   ,
2026-08-20 18:06:20 ,        1695.5   ,           1377.0   ,               43.3   ,        57.3   ,               0   ,                   0   ,            868   ,         96   ,                       93   ,                   0   ,                    0   ,              222.7   ,                 163.0   ,              33.3   ,                11.9   ,             97.8   ,               11.9   ,             90.9   ,               11.9   ,                        81.0   ,              16   ,        0.8750   ,               50.0   ,                  5749   ,
2026-08-20 18:06:21 ,        1683.0   ,           1377.0   ,               43.6   ,        57.6   ,               0   ,                   0   ,            868   ,         96   ,                       92   ,                   0   ,                    0   ,              122.8   ,                  76.4   ,              24.9   ,                11.9   ,             45.8   ,               11.9   ,             51.5   ,               11.9   ,                        44.7   ,              16   ,        0.8750   ,               51.0   ,                  5747   ,
2026-08-20 18:06:22 ,        1695.5   ,           1377.0   ,               43.4   ,        57.4   ,               0   ,                   0   ,            868   ,         95   ,                       91   ,                   0   ,                    0   ,              265.1   ,                 199.6   ,              36.7   ,                11.9   ,            119.8   ,               11.9   ,            107.9   ,               11.9   ,                        43.5   ,              16   ,        0.8750   ,               51.0   ,                  5750   ,
2026-08-20 18:06:23 ,        1683.0   ,           1377.0   ,               43.5   ,        57.5   ,               0   ,                   0   ,            868   ,         93   ,                       90   ,                   0   ,                    0   ,              185.8   ,                 130.4   ,              30.0   ,                11.9   ,             78.2   ,               11.9   ,             76.9   ,               11.9   ,                        67.6   ,              16   ,        0.8750   ,               47.0   ,                  5750   ,
2026-08-20 18:06:24 ,        1695.5   ,           1377.0   ,               43.4   ,        57.4   ,               0   ,                   0   ,            868   ,         93   ,                       90   ,                   0   ,                    0   ,              129.0   ,                  81.8   ,              25.3   ,                11.9   ,             49.1   ,               11.9   ,             53.9   ,               11.9   ,                        46.9   ,              16   ,        0.8750   ,               52.0   ,                  5752   ,
2026-08-20 18:06:25 ,        1670.5   ,           1377.0   ,               43.5   ,        57.5   ,               0   ,                   0   ,            868   ,         95   ,                       91   ,                   0   ,                    0   ,              159.0   ,                 107.8   ,              27.9   ,                11.9   ,             64.7   ,               11.9   ,             65.8   ,               11.9   ,                        57.8   ,              16   ,        0.8620   ,               48.0   ,                  5748   ,
2026-08-20 18:06:26 ,        1695.5   ,           1377.0   ,               43.5   ,        57.5   ,               0   ,                   0   ,            868   ,         93   ,                       90   ,                   0   ,                    0   ,              252.6   ,                  75.3   ,              24.6   ,                11.9   ,             45.2   ,               11.9   ,             50.0   ,               11.9   ,                        42.4   ,               1   ,        0.9810   ,               47.0   ,                  5751   ,
2026-08-20 18:06:27 ,        1695.5   ,           1377.0   ,               43.4   ,        57.4   ,               0   ,                   0   ,            868   ,         96   ,                       93   ,                   0   ,                    0   ,              115.1   ,                  69.6   ,              24.4   ,                11.9   ,             41.8   ,               11.9   ,             48.2   ,               11.9   ,                        41.8   ,               1   ,        0.8750   ,               51.0   ,                  5747   ,
2026-08-20 18:06:28 ,        1695.5   ,           1377.0   ,               43.4   ,        57.4   ,               0   ,                   0   ,            868   ,         96   ,                       92   ,                   0   ,                    0   ,              157.5   ,                 107.4   ,              27.7   ,                11.9   ,             64.4   ,               11.9   ,             64.7   ,               11.9   ,                        57.3   ,               1   ,        0.8750   ,               52.0   ,                  5749   ,
2026-08-20 18:06:29 ,        1683.0   ,           1377.0   ,               43.5   ,        57.5   ,               0   ,                   0   ,            868   ,         95   ,                       91   ,                   0   ,                    0   ,              129.3   ,                  82.8   ,              25.3   ,                11.9   ,             49.7   ,               11.9   ,             53.6   ,               11.9   ,                        47.0   ,              16   ,        0.8750   ,               52.0   ,                  5745   ,
2026-08-20 18:06:30 ,        1695.5   ,           1377.0   ,               43.5   ,        57.5   ,               0   ,                   0   ,            868   ,         96   ,                       93   ,                   0   ,                    0   ,              199.8   ,                 142.2   ,              31.2   ,                11.9   ,             85.3   ,               11.9   ,             82.6   ,               11.9   ,                        72.7   ,              16   ,        0.8750   ,               50.0   ,                  5750   ,
2026-08-20 18:06:31 ,        1683.0   ,           1377.0   ,               43.4   ,        57.4   ,               0   ,                   0   ,            868   ,         96   ,                       92   ,                   0   ,                    0   ,              143.8   ,                  94.2   ,              27.0   ,                11.9   ,             56.5   ,               11.9   ,             80.0   ,               11.9   ,                        70.3   ,              16   ,        0.8620   ,               50.0   ,                  5745   ,
2026-08-20 18:06:32 ,        1695.5   ,           1377.0   ,               43.6   ,        57.6   ,               0   ,                   0   ,            868   ,         96   ,                       93   ,                   0   ,                    0   ,              110.6   ,                  65.7   ,              23.8   ,                11.9   ,             39.4   ,               11.9   ,             74.6   ,               11.9   ,                        64.8   ,              16   ,        0.8620   ,               50.0   ,                  5748   ,
2026-08-20 18:06:33 ,        1695.5   ,           1377.0   ,               43.3   ,        57.3   ,               0   ,                   0   ,            868   ,         96   ,                       93   ,                   0   ,                    0   ,              268.7   ,                 204.1   ,              36.7   ,                11.9   ,            122.4   ,               11.9   ,            108.9   ,               11.9   ,                        97.7   ,               1   ,        0.8750   ,               50.0   ,                  5746   ,
2026-08-20 18:06:34 ,        1683.0   ,           1377.0   ,               43.4   ,        57.4   ,               0   ,                   0   ,            868   ,         96   ,                       92   ,                   0   ,                    0   ,              205.5   ,                 147.8   ,              31.6   ,                11.9   ,             88.7   ,               11.9   ,             84.5   ,               11.9   ,                        74.7   ,              16   ,        0.8620   ,               49.0   ,                  5748   ,
2026-08-20 18:06:35 ,        1670.5   ,           1377.0   ,               43.4   ,        57.4   ,               0   ,                   0   ,            868   ,         96   ,                       80   ,                   0   ,                    0   ,              264.8   ,                 197.2   ,              36.6   ,                11.9   ,            118.3   ,               11.8   ,            109.1   ,               11.9   ,                        40.9   ,              16   ,        0.8620   ,               50.0   ,                  5746   ,
2026-08-20 18:06:36 ,        1695.5   ,           1377.0   ,               43.4   ,        57.4   ,               0   ,                   0   ,            868   ,         74   ,                       72   ,                   0   ,                    0   ,              275.6   ,                 206.2   ,              37.4   ,                11.9   ,            123.7   ,               11.8   ,            113.9   ,               11.9   ,                       100.2   ,               1   ,        0.8750   ,               51.0   ,                  5749   ,
2026-08-20 18:06:37 ,        1695.5   ,           1377.0   ,               43.5   ,        57.5   ,               0   ,                   0   ,            868   ,         96   ,                       93   ,                   0   ,                    0   ,              147.8   ,                  97.8   ,              26.9   ,                11.9   ,             58.7   ,               11.9   ,             61.5   ,               11.9   ,                        53.7   ,              16   ,        0.8750   ,               49.0   ,                  5744   ,
2026-08-20 18:06:38 ,        1708.5   ,           1377.0   ,               43.6   ,        57.6   ,               0   ,                   0   ,            868   ,         89   ,                       87   ,                   0   ,                    0   ,              136.3   ,                  89.8   ,              25.7   ,                11.9   ,             53.9   ,               11.9   ,             56.0   ,               11.9   ,                        42.3   ,              16   ,        0.8750   ,               52.0   ,                  5746   ,
2026-08-20 18:06:39 ,        1670.5   ,           1377.0   ,               43.3   ,        57.3   ,               0   ,                   0   ,            868   ,         78   ,                       74   ,                   0   ,                    0   ,              231.0   ,                 168.4   ,              34.5   ,                11.9   ,            101.0   ,               11.9   ,             94.8   ,               11.9   ,                        84.0   ,              16   ,        0.8620   ,               51.0   ,                  5744   ,
2026-08-20 18:06:40 ,        1695.5   ,           1377.0   ,               43.1   ,        57.1   ,               0   ,                   0   ,            868   ,         95   ,                       92   ,                   0   ,                    0   ,              112.5   ,                  68.0   ,              24.1   ,                11.9   ,             40.8   ,               11.9   ,             46.9   ,               11.9   ,                        67.6   ,              16   ,        0.8750   ,               49.0   ,                  5746   ,
2026-08-20 18:06:41 ,        1683.0   ,           1377.0   ,               43.0   ,        57.0   ,               0   ,                   0   ,            868   ,         96   ,                       92   ,                   0   ,                    0   ,              197.1   ,                  89.4   ,              26.0   ,                11.9   ,             53.7   ,               11.9   ,             57.3   ,               11.9   ,                        50.0   ,              16   ,        0.8750   ,               50.0   ,                  5738   ,
2026-08-20 18:06:42 ,        1695.5   ,           1377.0   ,               43.5   ,        57.5   ,               0   ,                   0   ,            868   ,         96   ,                       93   ,                   0   ,                    0   ,              268.3   ,                 204.9   ,              36.7   ,                11.9   ,            122.9   ,               11.9   ,            108.0   ,               11.9   ,                        97.6   ,              16   ,        0.8750   ,               49.0   ,                  5745   ,
2026-08-20 18:06:43 ,        1695.5   ,           1377.0   ,               43.4   ,        57.4   ,               0   ,                   0   ,            868   ,         91   ,                       88   ,                   0   ,                    0   ,              213.7   ,                 154.8   ,              32.3   ,                11.9   ,             92.9   ,               11.9   ,             87.9   ,               11.9   ,                        60.7   ,               1   ,        0.9310   ,               51.0   ,                  5741   ,
2026-08-20 18:06:44 ,        1670.5   ,           1377.0   ,               43.5   ,        57.5   ,               0   ,                   0   ,            868   ,         93   ,                       90   ,                   0   ,                    0   ,              265.4   ,                 197.6   ,              37.1   ,                11.9   ,            118.6   ,               11.9   ,            109.1   ,               11.9   ,                        96.5   ,              16   ,        0.8620   ,               51.0   ,                  5745   ,
2026-08-20 18:06:45 ,        1695.5   ,           1377.0   ,               43.5   ,        57.5   ,               0   ,                   0   ,            868   ,         96   ,                       94   ,                   0   ,                    0   ,              237.8   ,                 175.8   ,              34.4   ,                11.9   ,            105.5   ,               11.9   ,             97.2   ,               11.9   ,                        86.5   ,               1   ,        0.8750   ,               51.0   ,                  5743   ,
2026-08-20 18:06:46 ,        1670.5   ,           1377.0   ,               43.4   ,        57.4   ,               0   ,                   0   ,            868   ,         95   ,                       91   ,                   0   ,                    0   ,              273.0   ,                 205.5   ,              37.4   ,                11.9   ,            123.3   ,               11.9   ,            111.6   ,               11.9   ,                        99.3   ,              16   ,        0.8620   ,               52.0   ,                  5745   ,
2026-08-20 18:06:47 ,        1695.5   ,           1377.0   ,               43.6   ,        57.6   ,               0   ,                   0   ,            868   ,         96   ,                       92   ,                   0   ,                    0   ,              267.1   ,                 198.6   ,              37.0   ,                11.9   ,            119.1   ,               11.8   ,            110.2   ,               11.9   ,                        52.6   ,              16   ,        0.8750   ,               51.0   ,                  5744   ,
2026-08-20 18:06:48 ,        1695.5   ,           1377.0   ,               43.5   ,        57.5   ,               0   ,                   0   ,            868   ,         95   ,                       92   ,                   0   ,                    0   ,              256.2   ,                 191.9   ,              36.3   ,                11.9   ,            115.1   ,               11.9   ,            104.2   ,               11.9   ,                        93.2   ,               1   ,        0.8750   ,               51.0   ,                  5745   ,
2026-08-20 18:06:49 ,        1708.5   ,           1377.0   ,               43.8   ,        57.8   ,               0   ,                   0   ,            868   ,         96   ,                       93   ,                   0   ,                    0   ,              119.5   ,                  73.4   ,              24.8   ,                11.9   ,             44.0   ,               11.9   ,             50.0   ,               11.9   ,                        43.5   ,               1   ,        0.8750   ,               50.0   ,                  5743   ,
2026-08-20 18:06:50 ,        1695.5   ,           1377.0   ,               43.6   ,        57.6   ,               0   ,                   0   ,            868   ,         96   ,                       93   ,                   0   ,                    0   ,              197.1   ,                 143.3   ,              31.1   ,                11.9   ,             86.0   ,               11.9   ,             79.4   ,               11.9   ,                        71.7   ,               1   ,        0.8750   ,               52.0   ,                  5741   ,
2026-08-20 18:06:51 ,        1683.0   ,           1377.0   ,               43.6   ,        57.6   ,               0   ,                   0   ,            868   ,         96   ,                       93   ,                   0   ,                    0   ,              111.0   ,                  67.2   ,              24.0   ,                11.9   ,             40.3   ,               11.9   ,             46.0   ,               11.9   ,                        40.4   ,              16   ,        0.8750   ,               50.0   ,                  5739   ,
2026-08-20 18:06:52 ,        1695.5   ,           1377.0   ,               43.6   ,        57.6   ,               0   ,                   0   ,            868   ,         96   ,                       93   ,                   0   ,                    0   ,              270.1   ,                 201.3   ,              37.2   ,                11.9   ,            120.8   ,               11.8   ,            111.4   ,               11.9   ,                        42.8   ,              16   ,        0.8750   ,               50.0   ,                  5741   ,
2026-08-20 18:06:53 ,        1695.5   ,           1377.0   ,               43.5   ,        57.5   ,               0   ,                   0   ,            868   ,         96   ,                       92   ,                   0   ,                    0   ,              268.7   ,                 200.2   ,              36.8   ,                11.9   ,            120.1   ,               12.0   ,             42.9   ,               11.9   ,                        36.9   ,               1   ,        0.8620   ,               52.0   ,                  5737   ,
2026-08-20 18:06:54 ,        1683.0   ,           1377.0   ,               43.4   ,        57.4   ,               0   ,                   0   ,            868   ,         96   ,                       93   ,                   0   ,                    0   ,              132.7   ,                  86.1   ,              25.7   ,                11.9   ,             51.7   ,               11.9   ,             54.7   ,               11.9   ,                        48.3   ,               1   ,        0.8750   ,               51.0   ,                  5741   ,
2026-08-20 18:06:55 ,        1695.5   ,           1377.0   ,               43.6   ,        57.6   ,               0   ,                   0   ,            868   ,         96   ,                       93   ,                   0   ,                    0   ,              253.3   ,                 192.1   ,              35.5   ,                11.9   ,            115.3   ,               11.9   ,            101.8   ,               11.9   ,                        92.1   ,               1   ,        0.8750   ,               52.0   ,                  5738   ,
2026-08-20 18:06:56 ,        1683.0   ,           1377.0   ,               43.5   ,        57.5   ,               0   ,                   0   ,            868   ,         95   ,                       93   ,                   0   ,                    0   ,              233.1   ,                 170.3   ,              33.8   ,                11.9   ,            102.2   ,               11.9   ,             96.4   ,               11.9   ,                        84.8   ,              16   ,        0.8750   ,               50.0   ,                  5741   ,
2026-08-20 18:06:57 ,        1695.5   ,           1377.0   ,               43.3   ,        57.3   ,               0   ,                   0   ,            868   ,         94   ,                       89   ,                   0   ,                    0   ,              124.8   ,                  78.0   ,              25.0   ,                11.9   ,             46.8   ,               11.9   ,             52.3   ,               11.9   ,                        45.4   ,              16   ,        0.8750   ,               52.0   ,                  5739   ,
2026-08-20 18:06:58 ,        1695.5   ,           1377.0   ,               43.5   ,        57.5   ,               0   ,                   0   ,            868   ,         96   ,                       93   ,                   0   ,                    0   ,              117.1   ,                  71.4   ,              24.5   ,                11.9   ,             42.8   ,               11.9   ,             49.1   ,               11.9   ,                        42.6   ,              16   ,        0.8750   ,               50.0   ,                  5740   ,
2026-08-20 18:06:59 ,        1670.5   ,           1377.0   ,               43.4   ,        57.4   ,               0   ,                   0   ,            868   ,         95   ,                       90   ,                   0   ,                    0   ,              163.9   ,                 111.7   ,              28.5   ,                11.9   ,             67.0   ,               11.9   ,             67.7   ,               11.9   ,                        59.6   ,               1   ,        0.8620   ,               53.0   ,                  5739   ,
2026-08-20 18:07:00 ,        1670.5   ,           1377.0   ,               43.5   ,        57.5   ,               0   ,                   0   ,            868   ,         96   ,                       91   ,                   0   ,                    0   ,              153.5   ,                 103.1   ,              27.9   ,                11.9   ,             61.8   ,               11.9   ,             63.1   ,               11.9   ,                        55.8   ,              16   ,        0.8620   ,               51.0   ,                  5740   ,
2026-08-20 18:07:01 ,        1695.5   ,           1377.0   ,               43.5   ,        57.5   ,               0   ,                   0   ,            868   ,         86   ,                       83   ,                   0   ,                    0   ,              122.9   ,                  77.1   ,              25.2   ,                11.9   ,             46.2   ,               11.9   ,             50.8   ,               11.9   ,                        44.7   ,              16   ,        0.8750   ,               48.0   ,                  5736   ,
2026-08-20 18:07:02 ,        1695.5   ,           1377.0   ,               43.5   ,        57.5   ,               0   ,                   0   ,            868   ,         73   ,                       70   ,                   0   ,                    0   ,              195.7   ,                 141.1   ,              30.6   ,                11.9   ,             84.6   ,               11.9   ,             79.8   ,               11.9   ,                        71.2   ,               1   ,        0.8930   ,               52.0   ,                  5743   ,
2026-08-20 18:07:03 ,        1683.0   ,           1377.0   ,               43.5   ,        57.5   ,               0   ,                   0   ,            868   ,         90   ,                       87   ,                   0   ,                    0   ,              272.0   ,                  70.2   ,              24.1   ,                11.9   ,             42.1   ,               11.9   ,             47.7   ,               11.9   ,                        41.7   ,              16   ,        0.8750   ,               51.0   ,                  5740   ,
2026-08-20 18:07:04 ,        1695.5   ,           1377.0   ,               43.5   ,        57.5   ,               0   ,                   0   ,            868   ,         92   ,                       91   ,                   0   ,                    0   ,              200.6   ,                 134.2   ,              30.5   ,                11.9   ,             80.5   ,               11.9   ,             78.1   ,               11.9   ,                        82.3   ,              16   ,        0.8750   ,               49.0   ,                  5738   ,
2026-08-20 18:07:05 ,        1708.5   ,           1377.0   ,               43.5   ,        57.5   ,               0   ,                   0   ,            868   ,         92   ,                       89   ,                   0   ,                    0   ,              145.7   ,                  95.6   ,              26.7   ,                11.9   ,             57.4   ,               11.9   ,             61.0   ,               11.9   ,                        70.7   ,              16   ,        0.9500   ,               51.0   ,                  5740   ,
2026-08-20 18:07:06 ,        1670.5   ,           1377.0   ,               43.3   ,        57.3   ,               0   ,                   0   ,            868   ,         80   ,                       76   ,                   0   ,                    0   ,              123.5   ,                  76.6   ,              25.1   ,                11.9   ,             45.9   ,               11.9   ,             51.8   ,               11.9   ,                        44.9   ,              16   ,        0.8620   ,               52.0   ,                  5741   ,
2026-08-20 18:07:07 ,        1695.5   ,           1377.0   ,               43.3   ,        57.3   ,               0   ,                   0   ,            868   ,         94   ,                       91   ,                   0   ,                    0   ,              226.3   ,                 165.0   ,              33.5   ,                11.9   ,             99.0   ,               11.9   ,             93.2   ,               11.9   ,                        82.3   ,               1   ,        0.8750   ,               47.0   ,                  5740   ,
2026-08-20 18:07:08 ,        1670.5   ,           1377.0   ,               43.1   ,        57.1   ,               0   ,                   0   ,            868   ,         92   ,                       88   ,                   0   ,                    0   ,              221.1   ,                 159.8   ,              33.5   ,                11.9   ,             95.9   ,               11.9   ,             91.0   ,               11.9   ,                        80.4   ,              16   ,        0.8620   ,               49.0   ,                  5738   ,
2026-08-20 18:07:09 ,        1695.5   ,           1377.0   ,               43.6   ,        57.6   ,               0   ,                   0   ,            868   ,         95   ,                       91   ,                   0   ,                    0   ,               98.5   ,                  55.1   ,              22.9   ,                11.9   ,             33.1   ,               12.0   ,             41.9   ,               11.9   ,                        35.8   ,              16   ,        0.8750   ,               51.0   ,                  5739   ,
2026-08-20 18:07:10 ,        1695.5   ,           1377.0   ,               43.4   ,        57.4   ,               0   ,                   0   ,            868   ,         95   ,                       93   ,                   0   ,                    0   ,              134.0   ,                  86.6   ,              26.2   ,                11.9   ,             51.9   ,               11.9   ,             55.2   ,               11.9   ,                        47.4   ,              16   ,        0.8750   ,               49.0   ,                  5738   ,
2026-08-20 18:07:11 ,        1708.5   ,           1377.0   ,               43.3   ,        57.3   ,               0   ,                   0   ,            868   ,         93   ,                       91   ,                   0   ,                    0   ,              277.3   ,                 209.2   ,              37.1   ,                11.9   ,            125.5   ,               11.8   ,            114.0   ,               11.9   ,                        36.4   ,               1   ,        0.8620   ,               50.0   ,                  5739   ,
2026-08-20 18:07:12 ,        1670.5   ,           1377.0   ,               43.6   ,        57.6   ,               0   ,                   0   ,            868   ,         95   ,                       91   ,                   0   ,                    0   ,              144.9   ,                  94.9   ,              26.9   ,                11.9   ,             57.0   ,               11.9   ,             73.6   ,               11.9   ,                        65.3   ,              16   ,        0.8500   ,               51.0   ,                  5740   ,
2026-08-20 18:07:13 ,        1695.5   ,           1377.0   ,               43.4   ,        57.4   ,               0   ,                   0   ,            868   ,         91   ,                       87   ,                   0   ,                    0   ,              142.2   ,                  93.5   ,              26.4   ,                11.9   ,             56.1   ,               11.9   ,             59.0   ,               11.9   ,                        62.8   ,              16   ,        0.8750   ,               50.0   ,                  5737   ,
2026-08-20 18:07:14 ,        1683.0   ,           1377.0   ,               43.5   ,        57.5   ,               0   ,                   0   ,            868   ,         96   ,                       92   ,                   0   ,                    0   ,              179.8   ,                 125.3   ,              29.5   ,                11.9   ,             75.2   ,               11.9   ,             74.4   ,               11.9   ,                        65.4   ,              16   ,        0.8750   ,               52.0   ,                  5739   ,
2026-08-20 18:07:15 ,        1695.5   ,           1377.0   ,               43.6   ,        57.6   ,               0   ,                   0   ,            868   ,         95   ,                       91   ,                   0   ,                    0   ,              271.8   ,                 204.6   ,              37.3   ,                11.9   ,            122.7   ,               11.8   ,            111.1   ,               11.8   ,                        98.8   ,               1   ,        0.8750   ,               51.0   ,                  5738   ,
2026-08-20 18:07:16 ,        1670.5   ,           1377.0   ,               43.4   ,        57.4   ,               0   ,                   0   ,            868   ,         96   ,                       92   ,                   0   ,                    0   ,              268.6   ,                 198.9   ,              37.4   ,                11.9   ,            119.3   ,               11.8   ,            111.2   ,               11.9   ,                        56.8   ,              16   ,        0.8620   ,               50.0   ,                  5740   ,
2026-08-20 18:07:17 ,        1695.5   ,           1377.0   ,               43.6   ,        57.6   ,               0   ,                   0   ,            868   ,         96   ,                       93   ,                   0   ,                    0   ,              168.1   ,                  79.8   ,              25.1   ,                11.9   ,             47.9   ,               11.9   ,             51.6   ,               11.9   ,                        45.5   ,              16   ,        0.8750   ,               49.0   ,                  5739   ,
2026-08-20 18:07:18 ,        1683.0   ,           1377.0   ,               43.4   ,        57.4   ,               0   ,                   0   ,            868   ,         96   ,                       93   ,                   0   ,                    0   ,              205.0   ,                 146.8   ,              31.3   ,                11.9   ,             88.1   ,               11.9   ,             84.9   ,               11.9   ,                        74.5   ,              16   ,        0.8750   ,               52.0   ,                  5740   ,
2026-08-20 18:07:19 ,        1708.5   ,           1377.0   ,               43.5   ,        57.5   ,               0   ,                   0   ,            868   ,         96   ,                       88   ,                   0   ,                    0   ,              269.6   ,                 200.8   ,              36.5   ,                11.9   ,            120.5   ,               11.8   ,             55.4   ,               11.9   ,                        48.9   ,              16   ,        0.8810   ,               46.0   ,                  5738   ,
2026-08-20 18:07:20 ,        1695.5   ,           1377.0   ,               43.7   ,        57.7   ,               0   ,                   0   ,            868   ,         96   ,                       93   ,                   0   ,                    0   ,              207.5   ,                 150.3   ,              32.4   ,                11.9   ,             90.2   ,               11.9   ,             84.2   ,               11.9   ,                        75.5   ,               1   ,        0.8750   ,               51.0   ,                  5741   ,
2026-08-20 18:07:21 ,        1670.5   ,           1377.0   ,               43.4   ,        57.4   ,               0   ,                   0   ,            868   ,         95   ,                       93   ,                   0   ,                    0   ,              110.1   ,                  65.2   ,              23.9   ,                11.9   ,             39.1   ,               12.0   ,             46.4   ,               11.9   ,                        40.0   ,              16   ,        0.8810   ,               52.0   ,                  5738   ,
2026-08-20 18:07:22 ,        1683.0   ,           1377.0   ,               43.2   ,        57.2   ,               0   ,                   0   ,            868   ,         96   ,                       93   ,                   0   ,                    0   ,              227.9   ,                 168.6   ,              32.9   ,                11.9   ,            101.1   ,               11.9   ,             93.2   ,               11.9   ,                        82.9   ,              16   ,        0.8750   ,               49.0   ,                  5740   ,
2026-08-20 18:07:23 ,        1708.5   ,           1377.0   ,               43.4   ,        57.4   ,               0   ,                   0   ,            868   ,         93   ,                       91   ,                   0   ,                    0   ,              130.4   ,                  82.6   ,              25.6   ,                11.9   ,             49.6   ,               11.9   ,             54.5   ,               11.9   ,                        47.4   ,               1   ,        0.8810   ,               54.0   ,                  5738   ,
2026-08-20 18:07:24 ,        1695.5   ,           1377.0   ,               43.4   ,        57.4   ,               0   ,                   0   ,            868   ,         95   ,                       92   ,                   0   ,                    0   ,              259.4   ,                 196.0   ,              36.7   ,                11.9   ,            117.6   ,               11.9   ,            104.4   ,               11.8   ,                        94.3   ,               1   ,        0.8750   ,               52.0   ,                  5740   ,
2026-08-20 18:07:25 ,        1695.5   ,           1377.0   ,               43.6   ,        57.6   ,               0   ,                   0   ,            868   ,         96   ,                       92   ,                   0   ,                    0   ,              107.3   ,                 105.0   ,              26.8   ,                11.9   ,             63.0   ,               11.9   ,             65.4   ,               11.9   ,                        56.7   ,              16   ,        0.8750   ,               49.0   ,                  5738   ,
2026-08-20 18:07:27 ,        1695.5   ,           1377.0   ,               43.6   ,        57.6   ,               0   ,                   0   ,            868   ,         95   ,                       92   ,                   0   ,                    0   ,              268.0   ,                 200.5   ,              36.8   ,                11.9   ,            120.3   ,               11.8   ,            110.2   ,               11.9   ,                        44.5   ,               1   ,        0.8750   ,               49.0   ,                  5741   ,
2026-08-20 18:07:28 ,        1708.5   ,           1377.0   ,               43.5   ,        57.5   ,               0   ,                   0   ,            868   ,         90   ,                       87   ,                   0   ,                    0   ,              230.3   ,                 168.8   ,              33.6   ,                11.9   ,            101.3   ,               11.9   ,             94.7   ,               11.9   ,                        72.4   ,              16   ,        0.8750   ,               48.0   ,                  5735   ,
2026-08-20 18:07:29 ,        1708.5   ,           1377.0   ,               43.8   ,        57.8   ,               0   ,                   0   ,            868   ,         88   ,                       82   ,                   0   ,                    0   ,              275.6   ,                 209.2   ,              37.2   ,                11.9   ,            125.5   ,               11.8   ,            112.2   ,               11.8   ,                        40.8   ,              16   ,        0.8750   ,               49.0   ,                  5739   ,
2026-08-20 18:07:30 ,        1695.5   ,           1377.0   ,               43.5   ,        57.5   ,               0   ,                   0   ,            868   ,         84   ,                       82   ,                   0   ,                    0   ,              198.0   ,                  82.1   ,              25.4   ,                11.9   ,             49.3   ,               11.9   ,             53.4   ,               11.9   ,                        46.8   ,              16   ,        0.8750   ,               51.0   ,                  5735   ,
2026-08-20 18:07:31 ,        1695.5   ,           1377.0   ,               43.6   ,        57.6   ,               0   ,                   0   ,            868   ,         93   ,                       90   ,                   0   ,                    0   ,              219.8   ,                 162.3   ,              32.9   ,                11.9   ,             97.4   ,               11.9   ,             88.8   ,               11.9   ,                        79.9   ,               1   ,        0.8750   ,               52.0   ,                  5740   ,
2026-08-20 18:07:31 ,        1683.0   ,           1377.0   ,               43.7   ,        57.7   ,               0   ,                   0   ,            867   ,         92   ,                       89   ,                   0   ,                    0   ,              262.3   ,                 203.0   ,              36.6   ,                11.9   ,            121.8   ,               11.9   ,            103.3   ,               11.9   ,                        95.4   ,               1   ,        0.8750   ,               51.0   ,                  5734   ,
2026-08-20 18:07:33 ,        1695.5   ,           1377.0   ,               43.5   ,        57.5   ,               0   ,                   0   ,            867   ,         91   ,                       88   ,                   0   ,                    0   ,              273.0   ,                 206.2   ,              37.4   ,                11.9   ,             36.7   ,               12.0   ,             43.9   ,               11.9   ,                        38.1   ,               1   ,        0.8750   ,               52.0   ,                  5741   ,
2026-08-20 18:07:34 ,        1708.5   ,           1377.0   ,               43.5   ,        57.5   ,               0   ,                   0   ,            867   ,         82   ,                       79   ,                   0   ,                    0   ,              280.2   ,                 210.8   ,              37.7   ,                11.9   ,             33.5   ,               12.0   ,             42.3   ,               11.9   ,                        36.2   ,               1   ,        0.8750   ,               52.0   ,                  5737   ,
2026-08-20 18:07:35 ,        1733.5   ,           1377.0   ,               43.5   ,        57.5   ,               0   ,                   0   ,            867   ,         84   ,                       84   ,                   0   ,                    0   ,              277.3   ,                 210.3   ,              36.7   ,                11.9   ,            126.2   ,               11.8   ,            113.7   ,               11.8   ,                       100.8   ,               1   ,        0.8810   ,               49.0   ,                  5739   ,
2026-08-20 18:07:36 ,        1695.5   ,           1377.0   ,               43.4   ,        57.4   ,               0   ,                   0   ,            867   ,         93   ,                       90   ,                   0   ,                    0   ,              108.1   ,                  52.4   ,              22.6   ,                11.9   ,             31.5   ,               12.0   ,             40.5   ,               11.9   ,                        34.6   ,              16   ,        0.8750   ,               53.0   ,                  5737   ,
2026-08-20 18:07:37 ,        1695.5   ,           1377.0   ,               43.4   ,        57.4   ,               0   ,                   0   ,            867   ,         96   ,                       92   ,                   0   ,                    0   ,              132.1   ,                  84.7   ,              25.6   ,                11.9   ,             50.8   ,               11.9   ,             55.0   ,               11.9   ,                        48.0   ,              16   ,        0.8750   ,               51.0   ,                  5739   ,
2026-08-20 18:07:38 ,        1670.5   ,           1377.0   ,               43.6   ,        57.6   ,               0   ,                   0   ,            867   ,         96   ,                       91   ,                   0   ,                    0   ,              206.7   ,                 145.5   ,              32.0   ,                11.9   ,             87.3   ,               11.9   ,             86.8   ,               11.9   ,                        66.3   ,              16   ,        0.8620   ,               45.0   ,                  5734   ,
2026-08-20 18:07:39 ,        1708.5   ,           1377.0   ,               43.5   ,        57.5   ,               0   ,                   0   ,            867   ,         95   ,                       92   ,                   0   ,                    0   ,              278.5   ,                 210.9   ,              37.7   ,                11.9   ,             36.0   ,               12.0   ,             43.6   ,               11.9   ,                        37.6   ,               1   ,        0.8810   ,               51.0   ,                  5739   ,
2026-08-20 18:07:40 ,        1695.5   ,           1377.0   ,               43.7   ,        57.7   ,               0   ,                   0   ,            867   ,         95   ,                       92   ,                   0   ,                    0   ,              143.5   ,                  93.5   ,              27.0   ,                11.9   ,             56.1   ,               11.9   ,             59.7   ,               11.9   ,                        52.2   ,              16   ,        0.8750   ,               52.0   ,                  5737   ,
2026-08-20 18:07:41 ,        1695.5   ,           1377.0   ,               43.8   ,        57.8   ,               0   ,                   0   ,            867   ,         95   ,                       92   ,                   0   ,                    0   ,              161.3   ,                 110.9   ,              27.9   ,                11.9   ,             66.5   ,               11.9   ,             66.2   ,               11.9   ,                        58.6   ,               1   ,        0.8750   ,               52.0   ,                  5740   ,
2026-08-20 18:07:42 ,        1695.5   ,           1377.0   ,               43.6   ,        57.6   ,               0   ,                   0   ,            867   ,         95   ,                       93   ,                   0   ,                    0   ,              181.3   ,                 128.3   ,              29.7   ,                11.9   ,             77.0   ,               11.9   ,             74.0   ,               11.9   ,                        65.9   ,              16   ,        0.8750   ,               51.0   ,                  5739   ,
2026-08-20 18:07:43 ,        1695.5   ,           1377.0   ,               43.5   ,        57.5   ,               0   ,                   0   ,            867   ,         96   ,                       93   ,                   0   ,                    0   ,              207.6   ,                 151.3   ,              32.1   ,                11.9   ,             90.8   ,               11.9   ,             84.0   ,               11.9   ,                        75.5   ,              16   ,        0.8750   ,               51.0   ,                  5741   ,
2026-08-20 18:07:44 ,        1695.5   ,           1377.0   ,               43.6   ,        57.6   ,               0   ,                   0   ,            867   ,         96   ,                       92   ,                   0   ,                    0   ,              155.4   ,                 105.3   ,              27.6   ,                11.9   ,             63.2   ,               11.9   ,             64.0   ,               11.9   ,                        56.5   ,              16   ,        0.8750   ,               52.0   ,                  5738   ,
2026-08-20 18:07:45 ,        1695.5   ,           1377.0   ,               43.5   ,        57.5   ,               0   ,                   0   ,            867   ,         94   ,                       89   ,                   0   ,                    0   ,              279.3   ,                 213.1   ,              37.5   ,                11.9   ,            127.9   ,               11.8   ,            113.3   ,               11.8   ,                       101.6   ,               1   ,        0.8750   ,               51.0   ,                  5740   ,
2026-08-20 18:07:46 ,        1670.5   ,           1377.0   ,               43.5   ,        57.5   ,               0   ,                   0   ,            867   ,         96   ,                       92   ,                   0   ,                    0   ,              105.4   ,                  62.1   ,              23.6   ,                11.9   ,             37.3   ,               11.9   ,             43.8   ,               11.9   ,                        38.3   ,              16   ,        0.8750   ,               51.0   ,                  5740   ,
2026-08-20 18:07:47 ,        1670.5   ,           1377.0   ,               43.5   ,        57.5   ,               0   ,                   0   ,            867   ,         95   ,                       92   ,                   0   ,                    0   ,              190.0   ,                 133.7   ,              31.3   ,                11.9   ,             80.2   ,               11.9   ,             77.8   ,               11.9   ,                        62.7   ,              16   ,        0.8750   ,               51.0   ,                  5740   ,
2026-08-20 18:07:48 ,        1670.5   ,           1377.0   ,               43.7   ,        57.7   ,               0   ,                   0   ,            867   ,         96   ,                       91   ,                   0   ,                    0   ,              157.4   ,                 105.9   ,              27.8   ,                11.9   ,             63.6   ,               11.9   ,             65.3   ,               11.9   ,                        57.2   ,               1   ,        0.8620   ,               53.0   ,                  5744   ,
2026-08-20 18:07:49 ,        1695.5   ,           1377.0   ,               43.6   ,        57.6   ,               0   ,                   0   ,            867   ,         96   ,                       93   ,                   0   ,                    0   ,              196.8   ,                 140.4   ,              29.7   ,                11.9   ,             77.4   ,               11.9   ,             84.6   ,               11.9   ,                        73.6   ,              16   ,        0.8810   ,               52.0   ,                  5740   ,
2026-08-20 18:07:50 ,        1683.0   ,           1377.0   ,               43.6   ,        57.6   ,               0   ,                   0   ,            867   ,         94   ,                       91   ,                   0   ,                    0   ,              140.0   ,                  91.8   ,              26.2   ,                11.9   ,             55.1   ,               11.9   ,             58.0   ,               11.9   ,                        50.9   ,              16   ,        0.8750   ,               47.0   ,                  5733   ,
2026-08-20 18:07:51 ,        1670.5   ,           1377.0   ,               43.6   ,        57.6   ,               0   ,                   0   ,            867   ,         96   ,                       92   ,                   0   ,                    0   ,              266.2   ,                 199.3   ,              36.7   ,                11.9   ,            119.6   ,               11.9   ,            109.2   ,               11.9   ,                        48.2   ,              16   ,        0.8620   ,               45.0   ,                  5717   ,
2026-08-20 18:07:52 ,        1695.5   ,           1377.0   ,               43.7   ,        57.7   ,               0   ,                   0   ,            867   ,         94   ,                       91   ,                   0   ,                    0   ,              279.1   ,                 210.0   ,              37.5   ,                11.9   ,            126.0   ,               11.8   ,            115.0   ,               11.9   ,                       101.5   ,               1   ,        0.8750   ,               49.0   ,                  5717   ,
2026-08-20 18:07:53 ,        1683.0   ,           1377.0   ,               43.7   ,        57.7   ,               0   ,                   0   ,            867   ,         95   ,                       93   ,                   0   ,                    0   ,              208.0   ,                 152.0   ,              31.7   ,                11.9   ,             91.2   ,               11.9   ,             84.5   ,               11.9   ,                        75.6   ,              16   ,        0.8750   ,               46.0   ,                  5713   ,
2026-08-20 18:07:54 ,        1695.5   ,           1377.0   ,               43.7   ,        57.7   ,               0   ,                   0   ,            867   ,         95   ,                       92   ,                   0   ,                    0   ,              184.1   ,                 131.8   ,              29.9   ,                11.9   ,             79.1   ,               11.9   ,             74.4   ,               11.9   ,                        66.9   ,              16   ,        0.8750   ,               53.0   ,                  5713   ,
2026-08-20 18:07:55 ,        1695.5   ,           1377.0   ,               43.5   ,        57.5   ,               0   ,                   0   ,            867   ,         92   ,                       89   ,                   0   ,                    0   ,              238.5   ,                 175.6   ,              23.4   ,                11.9   ,             37.1   ,               11.9   ,             44.7   ,               11.9   ,                        38.5   ,              16   ,        0.8750   ,               51.0   ,                  5712   ,
2026-08-20 18:07:56 ,        1683.0   ,           1377.0   ,               43.5   ,        57.5   ,               0   ,                   0   ,            867   ,         95   ,                       93   ,                   0   ,                    0   ,              255.8   ,                  94.5   ,              26.9   ,                11.9   ,             56.7   ,               11.9   ,             58.8   ,               11.9   ,                        52.0   ,              16   ,        0.8750   ,               47.0   ,                  5713   ,
2026-08-20 18:07:57 ,        1721.0   ,           1377.0   ,               43.4   ,        57.4   ,               0   ,                   0   ,            867   ,         91   ,                       90   ,                   0   ,                    0   ,              242.3   ,                 180.5   ,              33.9   ,                11.9   ,             55.3   ,               11.9   ,             57.9   ,               11.9   ,                        50.8   ,              16   ,        0.8930   ,               51.0   ,                  5711   ,
2026-08-20 18:07:58 ,        1708.5   ,           1377.0   ,               43.6   ,        57.6   ,               0   ,                   0   ,            867   ,         82   ,                       80   ,                   0   ,                    0   ,              205.4   ,                 146.5   ,              31.2   ,                11.9   ,             87.9   ,               11.9   ,             85.6   ,               11.9   ,                        74.7   ,              16   ,        0.8750   ,               49.0   ,                  5711   ,
2026-08-20 18:07:59 ,        1733.5   ,           1377.0   ,               43.3   ,        57.3   ,               0   ,                   0   ,            867   ,         84   ,                       81   ,                   0   ,                    0   ,              187.2   ,                 147.6   ,              31.8   ,                11.9   ,             88.6   ,               11.9   ,             83.0   ,               11.9   ,                        74.2   ,              16   ,        0.8620   ,               51.0   ,                  5712   ,
2026-08-20 18:08:00 ,        1683.0   ,           1377.0   ,               43.3   ,        57.3   ,               0   ,                   0   ,            867   ,         95   ,                       92   ,                   0   ,                    0   ,              245.3   ,                 180.9   ,              34.5   ,                11.9   ,            108.5   ,               11.9   ,             72.1   ,               11.9   ,                        38.3   ,              16   ,        0.9000   ,               53.0   ,                  5713   ,
2026-08-20 18:08:01 ,        1683.0   ,           1377.0   ,               43.7   ,        57.7   ,               0   ,                   0   ,            867   ,         96   ,                       93   ,                   0   ,                    0   ,              120.0   ,                  72.8   ,              24.6   ,                11.9   ,             43.7   ,               11.9   ,             51.0   ,               11.9   ,                        74.4   ,              16   ,        0.8750   ,               48.0   ,                  5720   ,
2026-08-20 18:08:02 ,        1695.5   ,           1377.0   ,               43.7   ,        57.7   ,               0   ,                   0   ,            867   ,         95   ,                       92   ,                   0   ,                    0   ,              270.4   ,                 205.7   ,              36.7   ,                11.9   ,            123.4   ,               11.8   ,            109.6   ,               11.9   ,                        98.3   ,              16   ,        0.8750   ,               52.0   ,                  5724   ,
2026-08-20 18:08:03 ,        1670.5   ,           1377.0   ,               43.6   ,        57.6   ,               0   ,                   0   ,            867   ,         96   ,                       92   ,                   0   ,                    0   ,              265.4   ,                  62.4   ,              23.6   ,                11.9   ,             37.5   ,               11.9   ,             44.7   ,               11.9   ,                        38.7   ,              16   ,        0.8620   ,               52.0   ,                  5714   ,
2026-08-20 18:08:04 ,        1708.5   ,           1377.0   ,               43.7   ,        57.7   ,               0   ,                   0   ,            867   ,         96   ,                       93   ,                   0   ,                    0   ,              271.3   ,                 204.4   ,              25.0   ,                11.9   ,             48.0   ,               11.9   ,             52.2   ,               11.9   ,                        45.8   ,               1   ,        0.8750   ,               47.0   ,                  5714   ,
2026-08-20 18:08:05 ,        1695.5   ,           1377.0   ,               43.7   ,        57.7   ,               0   ,                   0   ,            867   ,         96   ,                       93   ,                   0   ,                    0   ,              173.0   ,                 119.8   ,              29.2   ,                11.9   ,             71.9   ,               11.9   ,             71.2   ,               11.9   ,                        62.9   ,               1   ,        0.8750   ,               51.0   ,                  5713   ,
2026-08-20 18:08:06 ,        1670.5   ,           1377.0   ,               43.6   ,        57.6   ,               0   ,                   0   ,            867   ,         93   ,                       89   ,                   0   ,                    0   ,              190.7   ,                 132.0   ,              30.1   ,                11.9   ,             79.2   ,               11.9   ,             80.7   ,               11.9   ,                        69.4   ,              16   ,        0.8620   ,               52.0   ,                  5713   ,
2026-08-20 18:08:07 ,        1683.0   ,           1377.0   ,               43.6   ,        57.6   ,               0   ,                   0   ,            867   ,         96   ,                       93   ,                   0   ,                    0   ,              182.6   ,                 129.6   ,              29.9   ,                11.9   ,             77.8   ,               11.9   ,             74.2   ,               11.9   ,                        66.4   ,              16   ,        0.8750   ,               53.0   ,                  5713   ,
2026-08-20 18:08:08 ,        1695.5   ,           1377.0   ,               43.8   ,        57.8   ,               0   ,                   0   ,            867   ,         95   ,                       92   ,                   0   ,                    0   ,              117.8   ,                  72.3   ,              24.6   ,                11.9   ,             43.4   ,               11.9   ,             49.2   ,               11.9   ,                        42.8   ,               1   ,        0.8750   ,               52.0   ,                  5713   ,
2026-08-20 18:08:09 ,        1683.0   ,           1377.0   ,               43.7   ,        57.7   ,               0   ,                   0   ,            867   ,         94   ,                       91   ,                   0   ,                    0   ,              259.6   ,                 197.5   ,              36.5   ,                11.9   ,            118.5   ,               11.9   ,            103.9   ,               11.9   ,                        94.4   ,              16   ,        0.8750   ,               52.0   ,                  5713   ,
2026-08-20 18:08:10 ,        1683.0   ,           1377.0   ,               43.8   ,        57.8   ,               0   ,                   0   ,            867   ,         96   ,                       92   ,                   0   ,                    0   ,              162.1   ,                 111.3   ,              28.2   ,                11.9   ,             66.8   ,               11.9   ,             66.4   ,               11.9   ,                        58.9   ,              16   ,        0.8750   ,               54.0   ,                  5713   ,
2026-08-20 18:08:11 ,        1695.5   ,           1377.0   ,               43.8   ,        57.8   ,               0   ,                   0   ,            867   ,         95   ,                       92   ,                   0   ,                    0   ,              274.9   ,                 208.5   ,              37.7   ,                11.9   ,            125.1   ,               11.8   ,            111.4   ,               11.9   ,                       100.0   ,               1   ,        0.8750   ,               49.0   ,                  5712   ,
2026-08-20 18:08:12 ,        1746.5   ,           1377.0   ,               43.6   ,        57.6   ,               0   ,                   0   ,            867   ,         95   ,                       92   ,                   0   ,                    0   ,              201.7   ,                 149.4   ,              31.0   ,                11.9   ,             89.6   ,               11.9   ,             80.4   ,               11.9   ,                        73.4   ,               1   ,        0.9000   ,               52.0   ,                  5712   ,
2026-08-20 18:08:13 ,        1695.5   ,           1377.0   ,               43.7   ,        57.7   ,               0   ,                   0   ,            867   ,         95   ,                       91   ,                   0   ,                    0   ,              134.6   ,                  87.8   ,              25.8   ,                11.9   ,             52.7   ,               11.9   ,             55.4   ,               11.9   ,                        49.0   ,               1   ,        0.8750   ,               52.0   ,                  5712   ,
2026-08-20 18:08:14 ,        1683.0   ,           1377.0   ,               43.8   ,        57.8   ,               0   ,                   0   ,            867   ,         96   ,                       93   ,                   0   ,                    0   ,              123.9   ,                  77.7   ,              25.0   ,                11.9   ,             46.6   ,               11.9   ,             51.7   ,               11.9   ,                        45.1   ,               1   ,        0.8750   ,               52.0   ,                  5711   ,
2026-08-20 18:08:15 ,        1695.5   ,           1377.0   ,               43.8   ,        57.8   ,               0   ,                   0   ,            867   ,         94   ,                       91   ,                   0   ,                    0   ,              129.1   ,                  81.0   ,              25.6   ,                11.9   ,             48.6   ,               11.9   ,             54.2   ,               11.9   ,                        46.9   ,               1   ,        0.8750   ,               51.0   ,                  5710   ,
2026-08-20 18:08:16 ,        1695.5   ,           1377.0   ,               43.8   ,        57.8   ,               0   ,                   0   ,            867   ,         93   ,                       89   ,                   0   ,                    0   ,              199.0   ,                 143.3   ,              31.0   ,                11.9   ,             86.0   ,               11.9   ,             81.3   ,               11.9   ,                        72.4   ,               1   ,        0.8750   ,               51.0   ,                  5709   ,
2026-08-20 18:08:17 ,        1695.5   ,           1377.0   ,               43.8   ,        57.8   ,               0   ,                   0   ,            867   ,         80   ,                       77   ,                   0   ,                    0   ,              163.5   ,                 112.8   ,              28.2   ,                11.9   ,             67.7   ,               11.9   ,             66.9   ,               11.9   ,                        59.5   ,              16   ,        0.8810   ,               52.0   ,                  5710   ,
2026-08-20 18:08:18 ,        1695.5   ,           1377.0   ,               43.8   ,        57.8   ,               0   ,                   0   ,            867   ,         96   ,                       93   ,                   0   ,                    0   ,              111.3   ,                  66.3   ,              24.0   ,                11.9   ,             39.8   ,               11.9   ,             46.9   ,               11.9   ,                        40.5   ,               1   ,        0.8750   ,               54.0   ,                  5711   ,
2026-08-20 18:08:19 ,        1683.0   ,           1377.0   ,               43.6   ,        57.6   ,               0   ,                   0   ,            867   ,         85   ,                       82   ,                   0   ,                    0   ,              120.5   ,                  74.2   ,              24.7   ,                11.9   ,             44.5   ,               11.9   ,             50.6   ,               11.9   ,                        65.1   ,              16   ,        0.8620   ,               51.0   ,                  5710   ,
2026-08-20 18:08:20 ,        1695.5   ,           1377.0   ,               43.8   ,        57.8   ,               0   ,                   0   ,            867   ,         85   ,                       82   ,                   0   ,                    0   ,              271.3   ,                  53.2   ,              22.6   ,                11.9   ,             31.9   ,               12.0   ,             74.4   ,               11.9   ,                        65.1   ,              16   ,        0.8750   ,               51.0   ,                  5710   ,
2026-08-20 18:08:21 ,        1695.5   ,           1377.0   ,               43.7   ,        57.7   ,               0   ,                   0   ,            867   ,         83   ,                       80   ,                   0   ,                    0   ,              102.7   ,                  48.9   ,              22.4   ,                11.9   ,             29.4   ,               12.0   ,             38.9   ,               11.9   ,                        33.2   ,              16   ,        0.8750   ,               53.0   ,                  5710   ,
2026-08-20 18:08:22 ,        1670.5   ,           1377.0   ,               43.8   ,        57.8   ,               0   ,                   0   ,            867   ,         91   ,                       86   ,                   0   ,                    0   ,              119.8   ,                  73.4   ,              24.8   ,                11.9   ,             44.0   ,               11.9   ,             50.3   ,               11.9   ,                        43.6   ,               1   ,        0.8620   ,               53.0   ,                  5710   ,
2026-08-20 18:08:23 ,        1695.5   ,           1377.0   ,               43.7   ,        57.7   ,               0   ,                   0   ,            867   ,         93   ,                       90   ,                   0   ,                    0   ,              115.0   ,                  71.0   ,              24.3   ,                11.9   ,             42.6   ,               11.9   ,             47.4   ,               11.9   ,                        41.8   ,               1   ,        0.8750   ,               54.0   ,                  5710   ,
2026-08-20 18:08:24 ,        1708.5   ,           1377.0   ,               43.6   ,        57.6   ,               0   ,                   0   ,            867   ,         87   ,                       85   ,                   0   ,                    0   ,              185.1   ,                 132.3   ,              29.8   ,                11.9   ,             79.4   ,               11.9   ,             75.3   ,               11.9   ,                        67.3   ,               1   ,        0.8750   ,               53.0   ,                  5711   ,
2026-08-20 18:08:25 ,        1683.0   ,           1377.0   ,               43.7   ,        57.7   ,               0   ,                   0   ,            867   ,         88   ,                       85   ,                   0   ,                    0   ,              200.7   ,                 146.2   ,              31.2   ,                11.9   ,             87.7   ,               11.9   ,             81.1   ,               11.9   ,                        80.4   ,              16   ,        0.8750   ,               46.0   ,                  5710   ,
2026-08-20 18:08:26 ,        1670.5   ,           1377.0   ,               43.8   ,        57.8   ,               0   ,                   0   ,            867   ,         94   ,                       91   ,                   0   ,                    0   ,              206.8   ,                 148.1   ,              33.0   ,                11.9   ,            115.7   ,               11.9   ,             46.0   ,               11.9   ,                        39.7   ,              16   ,        0.8620   ,               52.0   ,                  5709   ,
2026-08-20 18:08:27 ,        1695.5   ,           1377.0   ,               43.8   ,        57.8   ,               0   ,                   0   ,            867   ,         93   ,                       90   ,                   0   ,                    0   ,              128.9   ,                  81.3   ,              25.4   ,                11.9   ,             48.8   ,               11.9   ,             54.0   ,               11.9   ,                        46.9   ,               1   ,        0.8750   ,               52.0   ,                  5710   ,
2026-08-20 18:08:28 ,        1695.5   ,           1377.0   ,               43.6   ,        57.6   ,               0   ,                   0   ,            867   ,         95   ,                       92   ,                   0   ,                    0   ,              171.1   ,                  78.0   ,              25.0   ,                11.9   ,             46.8   ,               11.9   ,             52.0   ,               11.9   ,                        45.2   ,              16   ,        0.8750   ,               51.0   ,                  5711   ,
2026-08-20 18:08:29 ,        1708.5   ,           1377.0   ,               43.7   ,        57.7   ,               0   ,                   0   ,            867   ,         91   ,                       89   ,                   0   ,                    0   ,              186.7   ,                 133.7   ,              29.9   ,                11.9   ,             80.2   ,               11.9   ,             76.0   ,               11.9   ,                        67.9   ,              16   ,        0.8810   ,               52.0   ,                  5711   ,
2026-08-20 18:08:30 ,        1695.5   ,           1377.0   ,               43.8   ,        57.8   ,               0   ,                   0   ,            867   ,         92   ,                       90   ,                   0   ,                    0   ,              106.0   ,                  47.5   ,              22.1   ,                11.9   ,             28.5   ,               12.0   ,             37.9   ,               11.9   ,                        32.4   ,              16   ,        0.8810   ,               53.0   ,                  5711   ,
2026-08-20 18:08:31 ,        1695.5   ,           1377.0   ,               43.6   ,        57.6   ,               0   ,                   0   ,            867   ,         94   ,                       90   ,                   0   ,                    0   ,              136.6   ,                  88.3   ,              26.0   ,                11.9   ,             53.0   ,               11.9   ,             56.9   ,               11.9   ,                        54.0   ,              16   ,        0.8810   ,               51.0   ,                  5711   ,
2026-08-20 18:08:32 ,        1708.5   ,           1377.0   ,               43.6   ,        57.6   ,               0   ,                   0   ,            867   ,         95   ,                       93   ,                   0   ,                    0   ,              110.1   ,                  65.6   ,              23.7   ,                11.9   ,             39.4   ,               11.9   ,             46.3   ,               11.9   ,                        40.0   ,               1   ,        0.8750   ,               52.0   ,                  5711   ,
2026-08-20 18:08:33 ,        1695.5   ,           1377.0   ,               43.6   ,        57.6   ,               0   ,                   0   ,            867   ,         94   ,                       91   ,                   0   ,                    0   ,              134.7   ,                  87.7   ,              25.8   ,                11.9   ,             52.6   ,               11.9   ,             55.6   ,               11.9   ,                        49.0   ,              16   ,        0.8750   ,               52.0   ,                  5711   ,
2026-08-20 18:08:34 ,        1670.5   ,           1377.0   ,               43.6   ,        57.6   ,               0   ,                   0   ,            867   ,         95   ,                       92   ,                   0   ,                    0   ,              114.8   ,                  54.0   ,              22.9   ,                11.9   ,             32.4   ,               12.0   ,             40.7   ,               11.9   ,                        35.1   ,              16   ,        0.8620   ,               52.0   ,                  5711   ,
2026-08-20 18:08:35 ,        1695.5   ,           1377.0   ,               43.7   ,        57.7   ,               0   ,                   0   ,            867   ,         95   ,                       92   ,                   0   ,                    0   ,              269.8   ,                 201.9   ,              37.0   ,                11.9   ,            121.1   ,               11.8   ,             45.5   ,               11.9   ,                        39.3   ,               1   ,        0.8620   ,               54.0   ,                  5711   ,
2026-08-20 18:08:36 ,        1670.5   ,           1377.0   ,               43.6   ,        57.6   ,               0   ,                   0   ,            867   ,         95   ,                       92   ,                   0   ,                    0   ,              236.2   ,                 174.7   ,              35.5   ,                11.9   ,            104.8   ,               11.9   ,             95.2   ,               11.9   ,                        85.9   ,              16   ,        0.8620   ,               52.0   ,                  5713   ,
2026-08-20 18:08:37 ,        1695.5   ,           1377.0   ,               43.5   ,        57.5   ,               0   ,                   0   ,            867   ,         96   ,                       93   ,                   0   ,                    0   ,              145.2   ,                  95.8   ,              27.2   ,                11.9   ,             57.5   ,               11.9   ,             59.8   ,               11.9   ,                        52.8   ,               1   ,        0.8750   ,               53.0   ,                  5712   ,
2026-08-20 18:08:38 ,        1695.5   ,           1377.0   ,               43.8   ,        57.8   ,               0   ,                   0   ,            867   ,         89   ,                       85   ,                   0   ,                    0   ,              263.4   ,                 202.3   ,              36.4   ,                11.9   ,            121.4   ,               11.9   ,            104.9   ,               11.9   ,                        95.8   ,               1   ,        0.8750   ,               51.0   ,                  5709   ,
2026-08-20 18:08:39 ,        1708.5   ,           1377.0   ,               43.7   ,        57.7   ,               0   ,                   0   ,            867   ,         95   ,                       93   ,                   0   ,                    0   ,              137.1   ,                  88.4   ,              26.0   ,                11.9   ,             53.1   ,               11.9   ,             57.4   ,               11.9   ,                        49.8   ,               1   ,        0.8810   ,               52.0   ,                  5710   ,
2026-08-20 18:08:40 ,        1708.5   ,           1377.0   ,               43.7   ,        57.7   ,               0   ,                   0   ,            867   ,         95   ,                       93   ,                   0   ,                    0   ,              113.6   ,                  68.5   ,              24.0   ,                11.9   ,             41.1   ,               11.9   ,             47.8   ,               11.9   ,                        41.3   ,               1   ,        0.8750   ,               53.0   ,                  5708   ,
2026-08-20 18:08:41 ,        1708.5   ,           1377.0   ,               43.7   ,        57.7   ,               0   ,                   0   ,            867   ,         91   ,                       88   ,                   0   ,                    0   ,              144.4   ,                  95.4   ,              26.5   ,                11.9   ,             57.3   ,               11.9   ,             60.0   ,               11.9   ,                        63.1   ,              16   ,        0.8750   ,               52.0   ,                  5708   ,
2026-08-20 18:08:42 ,        1695.5   ,           1377.0   ,               43.7   ,        57.7   ,               0   ,                   0   ,            867   ,         93   ,                       90   ,                   0   ,                    0   ,              127.7   ,                  81.0   ,              25.4   ,                11.9   ,             48.6   ,               11.9   ,             53.0   ,               11.9   ,                        46.4   ,              16   ,        0.8750   ,               53.0   ,                  5709   ,
2026-08-20 18:08:43 ,        1695.5   ,           1377.0   ,               43.8   ,        57.8   ,               0   ,                   0   ,            867   ,         95   ,                       93   ,                   0   ,                    0   ,              180.9   ,                 130.1   ,              29.9   ,                11.9   ,             78.0   ,               11.9   ,             72.3   ,               11.9   ,                        90.4   ,              16   ,        0.8810   ,               47.0   ,                  5709   ,
2026-08-20 18:08:44 ,        1683.0   ,           1377.0   ,               43.9   ,        57.9   ,               0   ,                   0   ,            867   ,         89   ,                       87   ,                   0   ,                    0   ,              281.0   ,                 214.9   ,              37.6   ,                11.9   ,            128.9   ,               11.8   ,            113.9   ,               11.8   ,                        44.9   ,              16   ,        0.8750   ,               51.0   ,                  5708   ,
2026-08-20 18:08:45 ,        1695.5   ,           1377.0   ,               43.4   ,        57.4   ,               0   ,                   0   ,            867   ,         78   ,                       75   ,                   0   ,                    0   ,              273.7   ,                  59.9   ,              23.2   ,                11.9   ,             35.9   ,               11.9   ,             43.3   ,               11.9   ,                        37.5   ,               1   ,        0.8810   ,               54.0   ,                  5708   ,
2026-08-20 18:08:46 ,        1683.0   ,           1377.0   ,               43.3   ,        57.3   ,               0   ,                   0   ,            867   ,         92   ,                       89   ,                   0   ,                    0   ,              265.5   ,                 199.6   ,              36.5   ,                11.8   ,            119.7   ,               11.8   ,            108.6   ,               11.9   ,                        42.0   ,               1   ,        0.8810   ,               53.0   ,                  5708   ,
2026-08-20 18:08:47 ,        1695.5   ,           1377.0   ,               43.3   ,        57.3   ,               0   ,                   0   ,            867   ,         93   ,                       90   ,                   0   ,                    0   ,              218.7   ,                 160.4   ,              32.7   ,                11.9   ,             96.2   ,               11.9   ,             89.1   ,               11.9   ,                        79.5   ,               1   ,        0.8810   ,               52.0   ,                  5710   ,
2026-08-20 18:08:48 ,        1695.5   ,           1377.0   ,               43.6   ,        57.6   ,               0   ,                   0   ,            867   ,         95   ,                       92   ,                   0   ,                    0   ,              161.9   ,                 109.3   ,              28.5   ,                11.9   ,             65.6   ,               11.9   ,             67.2   ,               11.9   ,                        58.9   ,              16   ,        0.8750   ,               52.0   ,                  5708   ,
2026-08-20 18:08:49 ,        1670.5   ,           1377.0   ,               43.7   ,        57.7   ,               0   ,                   0   ,            867   ,         95   ,                       92   ,                   0   ,                    0   ,              180.6   ,                 127.8   ,              30.0   ,                11.9   ,            115.3   ,               11.8   ,            105.1   ,               11.9   ,                        93.0   ,              16   ,        0.9430   ,               50.0   ,                  5710   ,
2026-08-20 18:08:50 ,        1695.5   ,           1377.0   ,               43.6   ,        57.6   ,               0   ,                   0   ,            867   ,         95   ,                       91   ,                   0   ,                    0   ,              109.8   ,                  65.0   ,              23.8   ,                11.9   ,             39.0   ,               11.9   ,             46.3   ,               11.9   ,                        39.9   ,               1   ,        0.8750   ,               53.0   ,                  5710   ,
2026-08-20 18:08:51 ,        1695.5   ,           1377.0   ,               43.8   ,        57.8   ,               0   ,                   0   ,            867   ,         95   ,                       92   ,                   0   ,                    0   ,              263.2   ,                 198.7   ,              36.7   ,                11.9   ,            119.2   ,               11.9   ,            106.6   ,               11.8   ,                        35.6   ,              16   ,        0.8750   ,               51.0   ,                  5708   ,
2026-08-20 18:08:52 ,        1695.5   ,           1377.0   ,               43.6   ,        57.6   ,               0   ,                   0   ,            867   ,         92   ,                       89   ,                   0   ,                    0   ,              191.2   ,                 137.5   ,              30.3   ,                11.9   ,             82.5   ,               11.9   ,             77.6   ,               11.9   ,                        69.5   ,               1   ,        0.8750   ,               54.0   ,                  5707   ,
2026-08-20 18:08:53 ,        1670.5   ,           1377.0   ,               43.7   ,        57.7   ,               0   ,                   0   ,            867   ,         95   ,                       91   ,                   0   ,                    0   ,              133.7   ,                  84.9   ,              26.4   ,                11.9   ,             51.0   ,               11.9   ,             55.7   ,               11.9   ,                        48.6   ,               1   ,        0.8620   ,               54.0   ,                  5708   ,
2026-08-20 18:08:54 ,        1683.0   ,           1377.0   ,               43.8   ,        57.8   ,               0   ,                   0   ,            867   ,         95   ,                       92   ,                   0   ,                    0   ,              184.2   ,                 132.6   ,              30.2   ,                11.9   ,             79.6   ,               11.9   ,             73.8   ,               11.9   ,                        67.0   ,              16   ,        0.8750   ,               54.0   ,                  5706   ,
2026-08-20 18:08:55 ,        1683.0   ,           1377.0   ,               43.8   ,        57.8   ,               0   ,                   0   ,            867   ,         95   ,                       93   ,                   0   ,                    0   ,              106.5   ,                  62.5   ,              23.6   ,                11.9   ,             37.5   ,               12.0   ,             44.7   ,               11.9   ,                        38.7   ,              16   ,        0.8750   ,               53.0   ,                  5708   ,
2026-08-20 18:08:56 ,        1695.5   ,           1377.0   ,               43.9   ,        57.9   ,               0   ,                   0   ,            867   ,         95   ,                       92   ,                   0   ,                    0   ,              128.3   ,                  82.7   ,              25.4   ,                11.9   ,             49.6   ,               11.9   ,             52.6   ,               11.9   ,                        46.6   ,              16   ,        0.8750   ,               54.0   ,                  5707   ,
2026-08-20 18:08:57 ,        1695.5   ,           1377.0   ,               43.8   ,        57.8   ,               0   ,                   0   ,            867   ,         95   ,                       92   ,                   0   ,                    0   ,              268.7   ,                  74.0   ,              24.6   ,                11.9   ,             44.4   ,               11.9   ,             50.6   ,               11.9   ,                        43.7   ,               1   ,        0.8750   ,               52.0   ,                  5708   ,
2026-08-20 18:08:58 ,        1695.5   ,           1377.0   ,               43.8   ,        57.8   ,               0   ,                   0   ,            867   ,         95   ,                       93   ,                   0   ,                    0   ,              242.2   ,                 179.1   ,              34.4   ,                11.9   ,            107.4   ,               11.9   ,             99.7   ,               11.9   ,                        88.1   ,              16   ,        0.8750   ,               52.0   ,                  5706   ,
2026-08-20 18:08:59 ,        1695.5   ,           1377.0   ,               43.8   ,        57.8   ,               0   ,                   0   ,            867   ,         95   ,                       91   ,                   0   ,                    0   ,              184.3   ,                 128.9   ,              29.8   ,                11.9   ,             77.3   ,               11.9   ,             76.5   ,               11.9   ,                        67.0   ,              16   ,        0.8750   ,               54.0   ,                  5706   ,
2026-08-20 18:09:00 ,        1695.5   ,           1377.0   ,               43.8   ,        57.8   ,               0   ,                   0   ,            867   ,         95   ,                       91   ,                   0   ,                    0   ,              178.5   ,                 126.5   ,              29.5   ,                11.9   ,             75.9   ,               11.9   ,             96.8   ,               11.9   ,                        84.6   ,              16   ,        0.8750   ,               49.0   ,                  5705   ,
2026-08-20 18:09:01 ,        1695.5   ,           1377.0   ,               43.7   ,        57.7   ,               0   ,                   0   ,            867   ,         95   ,                       92   ,                   0   ,                    0   ,              274.2   ,                  58.0   ,              23.1   ,                11.9   ,             34.8   ,               12.0   ,             43.0   ,               11.9   ,                        37.0   ,               1   ,        0.8750   ,               54.0   ,                  5706   ,
2026-08-20 18:09:02 ,        1695.5   ,           1377.0   ,               43.7   ,        57.7   ,               0   ,                   0   ,            867   ,         94   ,                       92   ,                   0   ,                    0   ,              207.6   ,                 149.5   ,              32.4   ,                11.9   ,             89.7   ,               11.9   ,             84.8   ,               11.9   ,                        75.5   ,               1   ,        0.8750   ,               52.0   ,                  5705   ,
2026-08-20 18:09:03 ,        1683.0   ,           1377.0   ,               43.8   ,        57.8   ,               0   ,                   0   ,            867   ,         95   ,                       92   ,                   0   ,                    0   ,              232.9   ,                 175.5   ,              34.1   ,                11.9   ,            105.3   ,               11.9   ,             92.8   ,               11.9   ,                        84.7   ,              16   ,        0.8750   ,               52.0   ,                  5705   ,
2026-08-20 18:09:04 ,        1695.5   ,           1377.0   ,               43.8   ,        57.8   ,               0   ,                   0   ,            867   ,         95   ,                       92   ,                   0   ,                    0   ,              114.8   ,                  69.9   ,              24.2   ,                11.9   ,             41.9   ,               11.9   ,             48.0   ,               11.9   ,                        41.8   ,               1   ,        0.8750   ,               55.0   ,                  5703   ,
2026-08-20 18:09:05 ,        1695.5   ,           1377.0   ,               43.9   ,        57.9   ,               0   ,                   0   ,            867   ,         91   ,                       88   ,                   0   ,                    0   ,              178.7   ,                 126.6   ,              29.7   ,                11.9   ,             76.0   ,               11.9   ,             72.4   ,               11.9   ,                        65.0   ,              16   ,        0.8750   ,               52.0   ,                  5705   ,
2026-08-20 18:09:06 ,        1708.5   ,           1377.0   ,               43.8   ,        57.8   ,               0   ,                   0   ,            867   ,         91   ,                       87   ,                   0   ,                    0   ,              168.2   ,                 116.3   ,              28.3   ,                11.9   ,             69.8   ,               11.9   ,             82.3   ,               11.9   ,                        72.1   ,              16   ,        0.8810   ,               52.0   ,                  5703   ,
2026-08-20 18:09:07 ,        1695.5   ,           1377.0   ,               43.8   ,        57.8   ,               0   ,                   0   ,            867   ,         95   ,                       92   ,                   0   ,                    0   ,              269.2   ,                 200.2   ,              37.0   ,                11.9   ,            120.1   ,               11.8   ,            111.4   ,               11.9   ,                        97.9   ,              16   ,        0.8750   ,               53.0   ,                  5704   ,
2026-08-20 18:09:08 ,        1695.5   ,           1377.0   ,               43.7   ,        57.7   ,               0   ,                   0   ,            867   ,         88   ,                       85   ,                   0   ,                    0   ,              263.6   ,                  85.2   ,              25.5   ,                11.9   ,             51.1   ,               11.9   ,             53.1   ,               11.9   ,                        47.4   ,              16   ,        0.8750   ,               48.0   ,                  5703   ,
2026-08-20 18:09:09 ,        1708.5   ,           1377.0   ,               43.7   ,        57.7   ,               0   ,                   0   ,            867   ,         84   ,                       82   ,                   0   ,                    0   ,              169.7   ,                 117.1   ,              28.6   ,                11.9   ,             70.3   ,               11.9   ,             70.2   ,               11.9   ,                        63.5   ,              16   ,        0.8750   ,               52.0   ,                  5704   ,
2026-08-20 18:09:10 ,        1695.5   ,           1377.0   ,               43.4   ,        57.4   ,               0   ,                   0   ,            867   ,         79   ,                       76   ,                   0   ,                    0   ,              191.7   ,                 135.7   ,              30.7   ,                11.9   ,             81.4   ,               11.9   ,             78.9   ,               11.9   ,                        69.7   ,              16   ,        0.8750   ,               52.0   ,                  5703   ,
2026-08-20 18:09:11 ,        1822.5   ,           1377.0   ,               43.4   ,        57.4   ,               0   ,                   0   ,            867   ,         74   ,                       72   ,                   0   ,                    0   ,              188.8   ,                 132.0   ,              29.4   ,                11.9   ,             79.2   ,               11.9   ,             79.5   ,               11.9   ,                        68.7   ,               1   ,        0.8810   ,               53.0   ,                  5704   ,
2026-08-20 18:09:12 ,        1670.5   ,           1377.0   ,               43.6   ,        57.6   ,               0   ,                   0   ,            867   ,         80   ,                       77   ,                   0   ,                    0   ,              243.4   ,                 179.4   ,              35.4   ,                11.9   ,             54.5   ,               11.9   ,             58.3   ,               11.9   ,                        50.9   ,              16   ,        0.8620   ,               50.0   ,                  5703   ,
2026-08-20 18:09:13 ,        1683.0   ,           1377.0   ,               43.9   ,        57.9   ,               0   ,                   0   ,            867   ,         95   ,                       92   ,                   0   ,                    0   ,              266.4   ,                  61.6   ,              23.5   ,                11.9   ,             37.0   ,               11.9   ,             45.2   ,               11.9   ,                        61.7   ,              16   ,        0.8750   ,               51.0   ,                  5703   ,
2026-08-20 18:09:14 ,        1670.5   ,           1377.0   ,               43.7   ,        57.7   ,               0   ,                   0   ,            867   ,         95   ,                       92   ,                   0   ,                    0   ,              261.4   ,                 197.4   ,              36.8   ,                11.9   ,            118.5   ,               11.9   ,            105.5   ,               11.9   ,                        38.8   ,               1   ,        0.8750   ,               53.0   ,                  5703   ,
2026-08-20 18:09:15 ,        1695.5   ,           1377.0   ,               43.8   ,        57.8   ,               0   ,                   0   ,            867   ,         95   ,                       91   ,                   0   ,                    0   ,              120.1   ,                  74.2   ,              24.7   ,                11.9   ,             44.5   ,               11.9   ,             50.2   ,               11.9   ,                        43.7   ,              16   ,        0.8810   ,               55.0   ,                  5705   ,
2026-08-20 18:09:16 ,        1670.5   ,           1377.0   ,               43.7   ,        57.7   ,               0   ,                   0   ,            867   ,         91   ,                       87   ,                   0   ,                    0   ,              262.7   ,                 195.1   ,              37.3   ,                11.9   ,            117.1   ,               11.9   ,             45.5   ,               11.9   ,                        39.2   ,               1   ,        0.8750   ,               53.0   ,                  5703   ,
2026-08-20 18:09:17 ,        1695.5   ,           1377.0   ,               43.8   ,        57.8   ,               0   ,                   0   ,            867   ,         96   ,                       92   ,                   0   ,                    0   ,              272.6   ,                 205.1   ,              37.2   ,                11.9   ,            123.0   ,               11.8   ,            111.8   ,               11.8   ,                        99.1   ,              16   ,        0.8750   ,               54.0   ,                  5705   ,
2026-08-20 18:09:18 ,        1708.5   ,           1377.0   ,               43.8   ,        57.8   ,               0   ,                   0   ,            867   ,         95   ,                       92   ,                   0   ,                    0   ,              274.4   ,                 204.9   ,              37.0   ,                11.9   ,            123.0   ,               11.8   ,            113.7   ,               11.9   ,                        39.6   ,               1   ,        0.8810   ,               45.0   ,                  5702   ,
2026-08-20 18:09:19 ,        1683.0   ,           1377.0   ,               43.9   ,        57.9   ,               0   ,                   0   ,            867   ,         95   ,                       92   ,                   0   ,                    0   ,              205.2   ,                 148.4   ,              31.6   ,                11.9   ,             89.0   ,               11.9   ,             83.9   ,               11.9   ,                        74.6   ,              16   ,        0.8750   ,               52.0   ,                  5705   ,
2026-08-20 18:09:20 ,        1708.5   ,           1377.0   ,               43.8   ,        57.8   ,               0   ,                   0   ,            867   ,         94   ,                       93   ,                   0   ,                    0   ,              272.3   ,                 203.7   ,              37.1   ,                11.9   ,            122.2   ,               11.8   ,             43.7   ,               11.9   ,                        37.5   ,               1   ,        0.8810   ,               44.0   ,                  5703   ,
2026-08-20 18:09:21 ,        1695.5   ,           1377.0   ,               43.9   ,        57.9   ,               0   ,                   0   ,            867   ,         93   ,                       90   ,                   0   ,                    0   ,              107.6   ,                  63.1   ,              23.6   ,                11.9   ,             37.8   ,               11.9   ,             45.5   ,               11.9   ,                        39.1   ,               1   ,        0.8750   ,               54.0   ,                  5705   ,
2026-08-20 18:09:22 ,        1670.5   ,           1377.0   ,               43.7   ,        57.7   ,               0   ,                   0   ,            867   ,         95   ,                       91   ,                   0   ,                    0   ,              176.8   ,                 122.8   ,              29.7   ,                11.9   ,             73.7   ,               11.9   ,             72.8   ,               11.9   ,                        64.3   ,               1   ,        0.8620   ,               52.0   ,                  5704   ,
2026-08-20 18:09:23 ,        1708.5   ,           1377.0   ,               43.7   ,        57.7   ,               0   ,                   0   ,            867   ,         94   ,                       90   ,                   0   ,                    0   ,              221.7   ,                 159.7   ,              32.8   ,                11.9   ,             95.8   ,               11.9   ,             92.4   ,               11.9   ,                        71.9   ,              16   ,        0.8810   ,               50.0   ,                  5703   ,
2026-08-20 18:09:24 ,        1695.5   ,           1377.0   ,               43.8   ,        57.8   ,               0   ,                   0   ,            867   ,         95   ,                       91   ,                   0   ,                    0   ,              126.0   ,                  78.6   ,              25.1   ,                11.9   ,             47.2   ,               11.9   ,             53.0   ,               11.9   ,                        45.8   ,               1   ,        0.8750   ,               53.0   ,                  5702   ,
2026-08-20 18:09:25 ,        1695.5   ,           1377.0   ,               43.6   ,        57.6   ,               0   ,                   0   ,            867   ,         95   ,                       94   ,                   0   ,                    0   ,              181.1   ,                 126.9   ,              30.5   ,                11.9   ,             76.1   ,               11.9   ,             73.9   ,               11.9   ,                        65.9   ,              16   ,        0.8750   ,               54.0   ,                  5703   ,
2026-08-20 18:09:26 ,        1683.0   ,           1377.0   ,               43.8   ,        57.8   ,               0   ,                   0   ,            867   ,         95   ,                       92   ,                   0   ,                    0   ,              278.4   ,                 212.8   ,              37.5   ,                11.9   ,            127.7   ,               11.9   ,            112.6   ,               11.9   ,                       101.2   ,              16   ,        0.8750   ,               53.0   ,                  5700   ,
2026-08-20 18:09:27 ,        1695.5   ,           1377.0   ,               43.9   ,        57.9   ,               0   ,                   0   ,            867   ,         96   ,                       92   ,                   0   ,                    0   ,              115.7   ,                  70.2   ,              24.3   ,                11.9   ,             42.1   ,               11.9   ,             48.6   ,               11.9   ,                        42.1   ,               1   ,        0.8750   ,               53.0   ,                  5703   ,
2026-08-20 18:09:28 ,        1683.0   ,           1377.0   ,               43.8   ,        57.8   ,               0   ,                   0   ,            867   ,         89   ,                       86   ,                   0   ,                    0   ,              279.6   ,                 210.9   ,              37.6   ,                11.9   ,            126.5   ,               12.0   ,             43.4   ,               11.9   ,                        37.4   ,               1   ,        0.8750   ,               53.0   ,                  5700   ,
2026-08-20 18:09:29 ,        1759.0   ,           1377.0   ,               43.9   ,        57.9   ,               0   ,                   0   ,            867   ,         78   ,                       79   ,                   0   ,                    0   ,              120.9   ,                  74.8   ,              24.2   ,                11.9   ,             44.9   ,               11.9   ,             51.1   ,               11.9   ,                        44.0   ,               1   ,        0.8810   ,               53.0   ,                  5702   ,
2026-08-20 18:09:30 ,        1695.5   ,           1377.0   ,               43.8   ,        57.8   ,               0   ,                   0   ,            867   ,         96   ,                       90   ,                   0   ,                    0   ,              178.3   ,                 125.5   ,              29.4   ,                11.9   ,             75.3   ,               11.9   ,             72.9   ,               11.9   ,                        64.8   ,               1   ,        0.8750   ,               54.0   ,                  5701   ,
2026-08-20 18:09:31 ,        1670.5   ,           1377.0   ,               43.7   ,        57.7   ,               0   ,                   0   ,            867   ,         95   ,                       91   ,                   0   ,                    0   ,              262.6   ,                 197.7   ,              36.8   ,                11.9   ,            118.6   ,               11.9   ,            106.5   ,               11.9   ,                        95.5   ,              16   ,        0.8620   ,               51.0   ,                  5703   ,
2026-08-20 18:09:32 ,        1683.0   ,           1377.0   ,               43.8   ,        57.8   ,               0   ,                   0   ,            867   ,         95   ,                       93   ,                   0   ,                    0   ,              196.6   ,                 138.3   ,              31.1   ,                11.9   ,             83.0   ,               11.9   ,             81.9   ,               11.9   ,                        71.5   ,              16   ,        0.8750   ,               51.0   ,                  5699   ,
2026-08-20 18:09:33 ,        1708.5   ,           1377.0   ,               44.0   ,        58.0   ,               0   ,                   0   ,            867   ,         93   ,                       90   ,                   0   ,                    0   ,              131.7   ,                  84.3   ,              24.5   ,                11.9   ,             50.6   ,               11.9   ,             55.9   ,               11.9   ,                        47.9   ,              16   ,        0.8750   ,               54.0   ,                  5701   ,
2026-08-20 18:09:34 ,        1695.5   ,           1377.0   ,               43.9   ,        57.9   ,               0   ,                   0   ,            867   ,         95   ,                       92   ,                   0   ,                    0   ,              273.5   ,                 206.2   ,              37.2   ,                11.9   ,            123.7   ,               11.8   ,            111.9   ,               11.9   ,                        99.4   ,               1   ,        0.8750   ,               52.0   ,                  5701   ,
2026-08-20 18:09:35 ,        1695.5   ,           1377.0   ,               43.9   ,        57.9   ,               0   ,                   0   ,            867   ,         95   ,                       92   ,                   0   ,                    0   ,              126.3   ,                  79.3   ,              25.3   ,                11.9   ,             47.6   ,               11.9   ,             52.7   ,               11.9   ,                        45.9   ,               1   ,        0.8750   ,               54.0   ,                  5703   ,
2026-08-20 18:09:36 ,        1683.0   ,           1377.0   ,               43.9   ,        57.9   ,               0   ,                   0   ,            867   ,         96   ,                       93   ,                   0   ,                    0   ,              271.0   ,                  58.1   ,              23.1   ,                11.9   ,             34.9   ,               11.9   ,             42.5   ,               11.9   ,                        36.8   ,              16   ,        0.8750   ,               53.0   ,                  5701   ,
2026-08-20 18:09:37 ,        1683.0   ,           1377.0   ,               44.0   ,        58.0   ,               0   ,                   0   ,            867   ,         94   ,                       90   ,                   0   ,                    0   ,              269.1   ,                 201.4   ,              36.8   ,                11.9   ,            120.8   ,               11.8   ,            110.7   ,               11.9   ,                        97.8   ,               1   ,        0.8750   ,               53.0   ,                  5704   ,
2026-08-20 18:09:38 ,        1695.5   ,           1377.0   ,               43.8   ,        57.8   ,               0   ,                   0   ,            866   ,         95   ,                       92   ,                   0   ,                    0   ,              210.2   ,                 152.0   ,              32.3   ,                11.9   ,             91.2   ,               11.9   ,             86.1   ,               11.9   ,                        76.4   ,              16   ,        0.8750   ,               50.0   ,                  5700   ,
2026-08-20 18:09:39 ,        1708.5   ,           1377.0   ,               44.0   ,        58.0   ,               0   ,                   0   ,            866   ,         95   ,                       94   ,                   0   ,                    0   ,              189.7   ,                 135.6   ,              30.3   ,                11.9   ,             81.3   ,               11.9   ,             77.4   ,               11.9   ,                        44.1   ,              16   ,        0.8750   ,               53.0   ,                  5702   ,
2026-08-20 18:09:40 ,        1695.5   ,           1377.0   ,               44.1   ,        58.1   ,               0   ,                   0   ,            866   ,         95   ,                       92   ,                   0   ,                    0   ,               99.2   ,                  56.4   ,              23.0   ,                11.9   ,             33.8   ,               12.0   ,             41.8   ,               11.9   ,                        66.3   ,              16   ,        0.8750   ,               54.0   ,                  5700   ,
2026-08-20 18:09:41 ,        1695.5   ,           1377.0   ,               43.9   ,        57.9   ,               0   ,                   0   ,            866   ,         95   ,                       92   ,                   0   ,                    0   ,              120.3   ,                  74.2   ,              24.8   ,                11.9   ,             44.5   ,               11.9   ,             50.3   ,               11.9   ,                        43.7   ,               1   ,        0.8750   ,               54.0   ,                  5703   ,
2026-08-20 18:09:42 ,        1708.5   ,           1377.0   ,               43.9   ,        57.9   ,               0   ,                   0   ,            866   ,         91   ,                       89   ,                   0   ,                    0   ,              112.9   ,                  68.5   ,              24.1   ,                11.9   ,             41.1   ,               11.9   ,             47.1   ,               11.9   ,                        41.1   ,               1   ,        0.8810   ,               53.0   ,                  5699   ,
2026-08-20 18:09:43 ,        1708.5   ,           1377.0   ,               44.1   ,        58.1   ,               0   ,                   0   ,            866   ,         94   ,                       91   ,                   0   ,                    0   ,              120.5   ,                  74.3   ,              24.6   ,                11.9   ,             44.6   ,               11.9   ,             50.7   ,               11.9   ,                        43.8   ,               1   ,        0.8810   ,               53.0   ,                  5700   ,
2026-08-20 18:09:44 ,        1670.5   ,           1377.0   ,               43.9   ,        57.9   ,               0   ,                   0   ,            866   ,         95   ,                       90   ,                   0   ,                    0   ,              124.1   ,                  78.6   ,              25.1   ,                11.9   ,             47.2   ,               11.9   ,             51.1   ,               11.9   ,                        45.1   ,               1   ,        0.8620   ,               53.0   ,                  5699   ,
2026-08-20 18:09:45 ,        1695.5   ,           1377.0   ,               43.7   ,        57.7   ,               0   ,                   0   ,            866   ,         95   ,                       93   ,                   0   ,                    0   ,              112.5   ,                  67.5   ,              24.0   ,                11.9   ,             40.5   ,               11.9   ,             47.3   ,               11.9   ,                        40.9   ,               1   ,        0.8750   ,               53.0   ,                  5703   ,
2026-08-20 18:09:46 ,        1683.0   ,           1377.0   ,               43.8   ,        57.8   ,               0   ,                   0   ,            866   ,         95   ,                       92   ,                   0   ,                    0   ,              274.5   ,                 207.4   ,              37.4   ,                11.9   ,            124.5   ,               11.8   ,            112.0   ,               11.8   ,                        99.8   ,              16   ,        0.8750   ,               53.0   ,                  5700   ,
2026-08-20 18:09:47 ,        1683.0   ,           1377.0   ,               44.0   ,        58.0   ,               0   ,                   0   ,            866   ,         95   ,                       91   ,                   0   ,                    0   ,              127.8   ,                  80.5   ,              25.2   ,                11.9   ,             48.3   ,               11.9   ,             53.6   ,               11.9   ,                        46.5   ,              16   ,        0.8750   ,               54.0   ,                  5701   ,
2026-08-20 18:09:48 ,        1695.5   ,           1377.0   ,               43.9   ,        57.9   ,               0   ,                   0   ,            866   ,         95   ,                       93   ,                   0   ,                    0   ,              268.3   ,                  69.6   ,              24.1   ,                11.9   ,             41.8   ,               11.9   ,             47.9   ,               11.9   ,                        41.6   ,              16   ,        0.8750   ,               54.0   ,                  5699   ,
2026-08-20 18:09:49 ,        1695.5   ,           1377.0   ,               43.8   ,        57.8   ,               0   ,                   0   ,            866   ,         96   ,                       93   ,                   0   ,                    0   ,              212.3   ,                 153.2   ,              32.0   ,                11.9   ,             91.9   ,               11.9   ,             46.9   ,               11.9   ,                        40.4   ,              16   ,        0.8750   ,               54.0   ,                  5701   ,
2026-08-20 18:09:50 ,        1695.5   ,           1377.0   ,               44.0   ,        58.0   ,               0   ,                   0   ,            866   ,         95   ,                       91   ,                   0   ,                    0   ,              127.9   ,                  81.6   ,              25.3   ,                11.9   ,             49.0   ,               11.9   ,             52.9   ,               11.9   ,                        46.5   ,               1   ,        0.8750   ,               53.0   ,                  5696   ,
2026-08-20 18:09:51 ,        1695.5   ,           1377.0   ,               43.8   ,        57.8   ,               0   ,                   0   ,            866   ,         94   ,                       91   ,                   0   ,                    0   ,              269.8   ,                 201.3   ,              37.1   ,                11.9   ,            120.8   ,               11.8   ,            111.3   ,               11.9   ,                        47.2   ,              16   ,        0.8750   ,               52.0   ,                  5700   ,
2026-08-20 18:09:52 ,        1695.5   ,           1377.0   ,               43.8   ,        57.8   ,               0   ,                   0   ,            866   ,         94   ,                       91   ,                   0   ,                    0   ,              274.2   ,                 208.1   ,              37.3   ,                11.9   ,            124.8   ,               11.8   ,            111.4   ,               11.9   ,                        99.7   ,               1   ,        0.8750   ,               53.0   ,                  5696   ,
2026-08-20 18:09:53 ,        1695.5   ,           1377.0   ,               43.8   ,        57.8   ,               0   ,                   0   ,            866   ,         91   ,                       86   ,                   0   ,                    0   ,              245.8   ,                  65.9   ,              23.8   ,                11.9   ,             39.6   ,               11.9   ,             46.5   ,               11.9   ,                        40.2   ,              16   ,        0.8750   ,               52.0   ,                  5699   ,
2026-08-20 18:09:54 ,        1695.5   ,           1377.0   ,               43.8   ,        57.8   ,               0   ,                   0   ,            866   ,         83   ,                       81   ,                   0   ,                    0   ,              221.8   ,                 164.2   ,              32.9   ,                11.9   ,             98.5   ,               11.9   ,             89.7   ,               11.9   ,                        80.7   ,               1   ,        0.8750   ,               52.0   ,                  5699   ,
2026-08-20 18:09:55 ,        1695.5   ,           1377.0   ,               43.8   ,        57.8   ,               0   ,                   0   ,            866   ,         84   ,                       81   ,                   0   ,                    0   ,              273.6   ,                 207.0   ,              37.1   ,                11.9   ,            124.2   ,               11.8   ,            111.6   ,               11.9   ,                        99.5   ,              16   ,        0.8750   ,               53.0   ,                  5701   ,
2026-08-20 18:09:56 ,        1670.5   ,           1377.0   ,               43.9   ,        57.8   ,               0   ,                   0   ,            866   ,         96   ,                       93   ,                   0   ,                    0   ,              132.3   ,                  85.0   ,              25.7   ,                11.9   ,             51.0   ,               11.9   ,             55.0   ,               11.9   ,                        48.1   ,              16   ,        0.8750   ,               47.0   ,                  5698   ,
2026-08-20 18:09:57 ,        1695.5   ,           1377.0   ,               43.6   ,        57.6   ,               0   ,                   0   ,            866   ,         96   ,                       92   ,                   0   ,                    0   ,              273.8   ,                 205.9   ,              37.4   ,                11.8   ,            123.5   ,               11.8   ,            112.2   ,               11.8   ,                        99.6   ,               1   ,        0.8810   ,               51.0   ,                  5701   ,
2026-08-20 18:09:58 ,        1695.5   ,           1377.0   ,               43.8   ,        57.8   ,               0   ,                   0   ,            866   ,         93   ,                       90   ,                   0   ,                    0   ,              238.5   ,                 177.2   ,              34.2   ,                11.9   ,            106.3   ,               11.9   ,             97.3   ,               11.9   ,                        86.7   ,              16   ,        0.8750   ,               51.0   ,                  5697   ,
2026-08-20 18:09:59 ,        1695.5   ,           1377.0   ,               43.9   ,        57.9   ,               0   ,                   0   ,            866   ,         78   ,                       75   ,                   0   ,                    0   ,              162.8   ,                 109.0   ,              29.0   ,                11.9   ,             65.4   ,               11.9   ,             67.8   ,               11.9   ,                        59.2   ,              16   ,        0.8620   ,               53.0   ,                  5700   ,
2026-08-20 18:10:00 ,        1683.0   ,           1377.0   ,               43.8   ,        57.8   ,               0   ,                   0   ,            866   ,         95   ,                       92   ,                   0   ,                    0   ,              273.6   ,                 204.6   ,              37.1   ,                11.9   ,             45.2   ,               11.9   ,             51.7   ,               11.9   ,                        44.5   ,               1   ,        0.8930   ,               52.0   ,                  5697   ,
2026-08-20 18:10:01 ,        1695.5   ,           1377.0   ,               43.7   ,        57.7   ,               0   ,                   0   ,            866   ,         95   ,                       93   ,                   0   ,                    0   ,              270.7   ,                 205.7   ,              37.4   ,                11.9   ,            123.4   ,               11.8   ,            109.2   ,               11.8   ,                        98.4   ,              16   ,        0.8750   ,               54.0   ,                  5702   ,
2026-08-20 18:10:02 ,        1683.0   ,           1377.0   ,               43.7   ,        57.7   ,               0   ,                   0   ,            866   ,         95   ,                       92   ,                   0   ,                    0   ,              180.6   ,                 127.3   ,              29.7   ,                11.9   ,             76.4   ,               11.9   ,             73.9   ,               11.9   ,                        65.7   ,               1   ,        0.8620   ,               54.0   ,                  5700   ,
2026-08-20 18:10:03 ,        1683.0   ,           1377.0   ,               43.9   ,        57.9   ,               0   ,                   0   ,            866   ,         96   ,                       93   ,                   0   ,                    0   ,               89.7   ,                 111.4   ,              27.4   ,                11.9   ,             66.9   ,               11.9   ,             66.9   ,               11.9   ,                        58.9   ,              16   ,        0.8750   ,               53.0   ,                  5701   ,
2026-08-20 18:10:04 ,        1708.5   ,           1377.0   ,               43.9   ,        57.9   ,               0   ,                   0   ,            866   ,         95   ,                       93   ,                   0   ,                    0   ,              273.7   ,                 203.2   ,              36.7   ,                11.9   ,            121.9   ,               11.8   ,            114.4   ,               11.9   ,                        99.5   ,               1   ,        0.8810   ,               51.0   ,                  5699   ,
2026-08-20 18:10:05 ,        1695.5   ,           1377.0   ,               43.8   ,        57.8   ,               0   ,                   0   ,            866   ,         95   ,                       91   ,                   0   ,                    0   ,              268.7   ,                  47.7   ,              21.7   ,                11.9   ,             26.4   ,               12.0   ,             36.7   ,               11.9   ,                        31.1   ,              16   ,        0.8750   ,               51.0   ,                  5702   ,
2026-08-20 18:10:06 ,        1670.5   ,           1377.0   ,               43.7   ,        57.7   ,               0   ,                   0   ,            866   ,         95   ,                       91   ,                   0   ,                    0   ,              139.6   ,                  92.4   ,              26.5   ,                11.9   ,             55.4   ,               11.9   ,             57.1   ,               11.9   ,                        50.8   ,              16   ,        0.8620   ,               50.0   ,                  5701   ,
2026-08-20 18:10:07 ,        1670.5   ,           1377.0   ,               43.8   ,        57.8   ,               0   ,                   0   ,            866   ,         96   ,                       92   ,                   0   ,                    0   ,              270.6   ,                 201.0   ,              37.7   ,                11.9   ,            120.6   ,               11.8   ,            111.7   ,               11.8   ,                        98.4   ,              16   ,        0.8620   ,               53.0   ,                  5703   ,
2026-08-20 18:10:08 ,        1670.5   ,           1377.0   ,               43.9   ,        57.9   ,               0   ,                   0   ,            866   ,         95   ,                       92   ,                   0   ,                    0   ,              273.8   ,                 204.9   ,              37.5   ,                11.9   ,            122.9   ,               11.8   ,            112.7   ,               11.8   ,                        99.6   ,              16   ,        0.8620   ,               53.0   ,                  5702   ,
2026-08-20 18:10:09 ,        1695.5   ,           1377.0   ,               43.9   ,        57.9   ,               0   ,                   0   ,            866   ,         95   ,                       91   ,                   0   ,                    0   ,              148.2   ,                  98.1   ,              27.0   ,                11.9   ,             58.9   ,               11.9   ,             61.6   ,               11.9   ,                        53.9   ,               1   ,        0.8750   ,               54.0   ,                  5702   ,
2026-08-20 18:10:10 ,        1683.0   ,           1377.0   ,               43.8   ,        57.8   ,               0   ,                   0   ,            866   ,         95   ,                       92   ,                   0   ,                    0   ,              169.9   ,                 176.2   ,              33.6   ,                11.9   ,            105.7   ,               11.9   ,             94.4   ,               11.9   ,                        85.2   ,              16   ,        0.8750   ,               51.0   ,                  5703   ,
2026-08-20 18:10:11 ,        1695.5   ,           1377.0   ,               43.8   ,        57.8   ,               0   ,                   0   ,            866   ,         95   ,                       92   ,                   0   ,                    0   ,              265.8   ,                  73.0   ,              24.6   ,                11.9   ,             43.8   ,               11.9   ,             50.0   ,               11.9   ,                        43.3   ,               1   ,        0.8750   ,               54.0   ,                  5703   ,
2026-08-20 18:10:12 ,        1670.5   ,           1377.0   ,               44.0   ,        58.0   ,               0   ,                   0   ,            866   ,         95   ,                       90   ,                   0   ,                    0   ,              121.3   ,                  74.6   ,              25.0   ,                11.9   ,             44.8   ,               11.9   ,             50.9   ,               11.9   ,                        44.1   ,               1   ,        0.8620   ,               53.0   ,                  5703   ,
2026-08-20 18:10:13 ,        1670.5   ,           1377.0   ,               43.8   ,        57.8   ,               0   ,                   0   ,            866   ,         95   ,                       91   ,                   0   ,                    0   ,              130.6   ,                  83.2   ,              25.8   ,                11.9   ,             49.9   ,               11.9   ,             54.2   ,               11.9   ,                        47.5   ,               1   ,        0.8750   ,               54.0   ,                  5699   ,
2026-08-20 18:10:14 ,        1683.0   ,           1377.0   ,               43.8   ,        57.8   ,               0   ,                   0   ,            866   ,         94   ,                       92   ,                   0   ,                    0   ,              181.7   ,                 128.3   ,              29.9   ,                11.9   ,             77.0   ,               11.9   ,             74.2   ,               11.9   ,                        66.1   ,              16   ,        0.8750   ,               50.0   ,                  5701   ,
2026-08-20 18:10:15 ,        1708.5   ,           1377.0   ,               43.8   ,        57.8   ,               0   ,                   0   ,            866   ,         95   ,                       92   ,                   0   ,                    0   ,              195.2   ,                 139.0   ,              30.6   ,                11.9   ,             83.4   ,               11.9   ,             76.5   ,               11.9   ,                        67.4   ,              16   ,        0.8750   ,               53.0   ,                  5702   ,
2026-08-20 18:10:16 ,        1683.0   ,           1377.0   ,               43.9   ,        57.9   ,               0   ,                   0   ,            866   ,         71   ,                       69   ,                   0   ,                    0   ,              206.8   ,                 151.0   ,              31.7   ,                11.9   ,             90.6   ,               11.9   ,             83.9   ,               11.9   ,                        75.2   ,              16   ,        0.8750   ,               50.0   ,                  5702   ,
2026-08-20 18:10:17 ,        1695.5   ,           1377.0   ,               43.6   ,        57.6   ,               0   ,                   0   ,            866   ,         84   ,                       82   ,                   0   ,                    0   ,              196.2   ,                 143.8   ,              31.1   ,                11.9   ,             86.3   ,               11.9   ,             78.1   ,               11.9   ,                        71.3   ,               1   ,        0.8750   ,               52.0   ,                  5702   ,
2026-08-20 18:10:18 ,        1771.5   ,           1377.0   ,               43.8   ,        57.8   ,               0   ,                   0   ,            866   ,         81   ,                       81   ,                   0   ,                    0   ,              297.3   ,                 229.1   ,              37.3   ,                11.9   ,            137.4   ,               11.8   ,            121.9   ,               11.8   ,                       108.1   ,               1   ,        0.9000   ,               53.0   ,                  5702   ,
2026-08-20 18:10:19 ,        1746.5   ,           1377.0   ,               43.7   ,        57.7   ,               0   ,                   0   ,            866   ,         83   ,                       83   ,                   0   ,                    0   ,              290.6   ,                 222.1   ,              37.6   ,                11.9   ,            133.3   ,               11.8   ,            119.0   ,               11.8   ,                       105.7   ,               1   ,        0.8930   ,               53.0   ,                  5702   ,
2026-08-20 18:10:20 ,        1708.5   ,           1377.0   ,               43.7   ,        57.7   ,               0   ,                   0   ,            866   ,         94   ,                       92   ,                   0   ,                    0   ,              272.1   ,                  79.6   ,              23.3   ,                11.9   ,             37.1   ,               11.9   ,             44.8   ,               11.9   ,                        38.5   ,              16   ,        0.8810   ,               52.0   ,                  5701   ,
2026-08-20 18:10:21 ,        1683.0   ,           1377.0   ,               43.9   ,        57.9   ,               0   ,                   0   ,            866   ,         94   ,                       91   ,                   0   ,                    0   ,              242.0   ,                 180.3   ,              34.3   ,                11.9   ,            108.2   ,               11.9   ,             98.9   ,               11.9   ,                        88.0   ,              16   ,        0.8750   ,               54.0   ,                  5703   ,
2026-08-20 18:10:22 ,        1695.5   ,           1377.0   ,               43.8   ,        57.8   ,               0   ,                   0   ,            866   ,         95   ,                       93   ,                   0   ,                    0   ,              276.0   ,                 207.4   ,              37.4   ,                11.9   ,            124.5   ,               11.8   ,            113.5   ,               11.9   ,                       100.4   ,              16   ,        0.8750   ,               53.0   ,                  5703   ,
2026-08-20 18:10:23 ,        1708.5   ,           1377.0   ,               44.0   ,        58.0   ,               0   ,                   0   ,            866   ,         94   ,                       92   ,                   0   ,                    0   ,              134.4   ,                  88.7   ,              25.8   ,                11.9   ,             53.2   ,               11.9   ,             54.7   ,               11.9   ,                        48.9   ,              16   ,        0.8750   ,               53.0   ,                  5702   ,
2026-08-20 18:10:24 ,        1695.5   ,           1377.0   ,               44.0   ,        58.0   ,               0   ,                   0   ,            866   ,         95   ,                       93   ,                   0   ,                    0   ,              253.5   ,                  70.8   ,              24.4   ,                11.9   ,             42.5   ,               11.9   ,             77.6   ,               11.9   ,                        66.2   ,              16   ,        0.8750   ,               53.0   ,                  5705   ,
2026-08-20 18:10:25 ,        1695.5   ,           1377.0   ,               43.9   ,        57.9   ,               0   ,                   0   ,            866   ,         94   ,                       91   ,                   0   ,                    0   ,              124.1   ,                  78.1   ,              24.9   ,                11.9   ,             46.9   ,               11.9   ,             51.6   ,               11.9   ,                        45.1   ,               1   ,        0.8750   ,               55.0   ,                  5704   ,
2026-08-20 18:10:26 ,        1708.5   ,           1377.0   ,               43.9   ,        57.9   ,               0   ,                   0   ,            866   ,         94   ,                       91   ,                   0   ,                    0   ,              275.3   ,                 208.6   ,              24.0   ,                11.9   ,             41.5   ,               11.9   ,             47.6   ,               11.9   ,                        41.4   ,               1   ,        0.8810   ,               54.0   ,                  5704   ,
2026-08-20 18:10:27 ,        1695.5   ,           1377.0   ,               44.2   ,        58.2   ,               0   ,                   0   ,            866   ,         92   ,                       88   ,                   0   ,                    0   ,              268.6   ,                 203.3   ,              36.5   ,                11.8   ,            122.0   ,               11.8   ,            109.5   ,               11.9   ,                        97.7   ,               1   ,        0.8750   ,               53.0   ,                  5704   ,
2026-08-20 18:10:28 ,        1683.0   ,           1377.0   ,               44.0   ,        58.0   ,               0   ,                   0   ,            866   ,         95   ,                       92   ,                   0   ,                    0   ,              175.3   ,                 122.6   ,              29.3   ,                11.9   ,             73.6   ,               11.9   ,             71.7   ,               11.9   ,                        63.7   ,               1   ,        0.8750   ,               53.0   ,                  5704   ,
2026-08-20 18:10:29 ,        1695.5   ,           1377.0   ,               43.8   ,        57.8   ,               0   ,                   0   ,            866   ,         95   ,                       93   ,                   0   ,                    0   ,              152.4   ,                 102.4   ,              27.8   ,                11.9   ,             61.4   ,               11.9   ,             62.6   ,               11.9   ,                        55.4   ,              16   ,        0.8750   ,               53.0   ,                  5703   ,
2026-08-20 18:10:30 ,        1683.0   ,           1377.0   ,               44.0   ,        58.0   ,               0   ,                   0   ,            866   ,         96   ,                       94   ,                   0   ,                    0   ,              179.3   ,                 124.8   ,              29.4   ,                11.9   ,             74.9   ,               11.9   ,             74.3   ,               11.9   ,                        65.2   ,              16   ,        0.8750   ,               54.0   ,                  5704   ,
2026-08-20 18:10:31 ,        1695.5   ,           1377.0   ,               44.0   ,        58.0   ,               0   ,                   0   ,            866   ,         95   ,                       92   ,                   0   ,                    0   ,              119.8   ,                  58.0   ,              23.0   ,                11.9   ,             34.8   ,               11.9   ,             43.0   ,               11.9   ,                        36.9   ,              16   ,        0.8750   ,               54.0   ,                  5704   ,
2026-08-20 18:10:32 ,        1695.5   ,           1377.0   ,               43.9   ,        57.9   ,               0   ,                   0   ,            866   ,         95   ,                       93   ,                   0   ,                    0   ,              152.3   ,                 102.0   ,              27.2   ,                11.9   ,             61.2   ,               11.9   ,             63.1   ,               11.9   ,                        55.4   ,               1   ,        0.8750   ,               53.0   ,                  5704   ,
2026-08-20 18:10:33 ,        1670.5   ,           1377.0   ,               44.1   ,        58.1   ,               0   ,                   0   ,            866   ,         96   ,                       92   ,                   0   ,                    0   ,              134.0   ,                  86.1   ,              25.9   ,                11.9   ,             51.7   ,               11.9   ,             55.7   ,               11.9   ,                        48.7   ,              16   ,        0.8620   ,               50.0   ,                  5702   ,
2026-08-20 18:10:34 ,        1695.5   ,           1377.0   ,               43.8   ,        57.8   ,               0   ,                   0   ,            866   ,         95   ,                       91   ,                   0   ,                    0   ,              272.6   ,                 204.6   ,              37.5   ,                11.9   ,            122.8   ,               11.8   ,            111.7   ,               11.8   ,                        99.1   ,               1   ,        0.8750   ,               53.0   ,                  5703   ,
2026-08-20 18:10:35 ,        1708.5   ,           1377.0   ,               44.0   ,        58.0   ,               0   ,                   0   ,            866   ,         95   ,                       90   ,                   0   ,                    0   ,              226.2   ,                 168.3   ,              33.7   ,                11.9   ,            101.0   ,               11.9   ,             90.8   ,               11.9   ,                        82.3   ,               1   ,        0.8810   ,               53.0   ,                  5703   ,
2026-08-20 18:10:36 ,        1695.5   ,           1377.0   ,               43.9   ,        57.9   ,               0   ,                   0   ,            866   ,         96   ,                       93   ,                   0   ,                    0   ,              256.8   ,                 105.6   ,              27.6   ,                11.9   ,             63.4   ,               11.9   ,             64.0   ,               11.9   ,                        56.6   ,              16   ,        0.8750   ,               48.0   ,                  5704   ,
2026-08-20 18:10:37 ,        1695.5   ,           1377.0   ,               43.8   ,        57.8   ,               0   ,                   0   ,            866   ,         93   ,                       90   ,                   0   ,                    0   ,              266.0   ,                 199.2   ,              36.8   ,                11.9   ,            119.5   ,               11.9   ,            109.0   ,               11.8   ,                        39.6   ,               1   ,        0.8750   ,               52.0   ,                  5702   ,
2026-08-20 18:10:38 ,        1695.5   ,           1377.0   ,               44.0   ,        58.0   ,               0   ,                   0   ,            866   ,         96   ,                       93   ,                   0   ,                    0   ,              191.3   ,                 135.8   ,              30.5   ,                11.9   ,             81.5   ,               11.9   ,             78.7   ,               11.9   ,                        69.6   ,              16   ,        0.8750   ,               54.0   ,                  5701   ,
2026-08-20 18:10:39 ,        1695.5   ,           1377.0   ,               44.0   ,        58.0   ,               0   ,                   0   ,            866   ,         95   ,                       90   ,                   0   ,                    0   ,              269.7   ,                 202.7   ,              36.9   ,                11.9   ,            121.6   ,               11.8   ,            110.5   ,               11.9   ,                        98.1   ,               1   ,        0.8750   ,               53.0   ,                  5700   ,
2026-08-20 18:10:40 ,        1721.0   ,           1377.0   ,               44.1   ,        58.1   ,               0   ,                   0   ,            866   ,         83   ,                       82   ,                   0   ,                    0   ,              127.0   ,                  81.2   ,              25.0   ,                11.9   ,             48.7   ,               11.9   ,             52.6   ,               11.9   ,                        70.4   ,              16   ,        0.8810   ,               54.0   ,                  5700   ,
2026-08-20 18:10:41 ,        1695.5   ,           1377.0   ,               44.0   ,        58.0   ,               0   ,                   0   ,            866   ,         95   ,                       92   ,                   0   ,                    0   ,              271.8   ,                 206.9   ,              36.8   ,                11.9   ,             34.4   ,               12.0   ,             42.5   ,               11.9   ,                        36.6   ,               1   ,        0.8750   ,               54.0   ,                  5700   ,
2026-08-20 18:10:42 ,        1695.5   ,           1377.0   ,               44.1   ,        58.1   ,               0   ,                   0   ,            866   ,         96   ,                       93   ,                   0   ,                    0   ,              159.3   ,                 108.7   ,              27.8   ,                11.9   ,             65.2   ,               11.9   ,             65.6   ,               11.9   ,                        57.9   ,              16   ,        0.8750   ,               54.0   ,                  5702   ,
2026-08-20 18:10:43 ,        1695.5   ,           1377.0   ,               44.1   ,        58.1   ,               0   ,                   0   ,            866   ,         94   ,                       91   ,                   0   ,                    0   ,              260.9   ,                 196.5   ,              36.4   ,                11.9   ,            117.9   ,               11.9   ,            106.0   ,               11.9   ,                        94.9   ,               1   ,        0.8750   ,               53.0   ,                  5700   ,
2026-08-20 18:10:44 ,        1670.5   ,           1377.0   ,               43.8   ,        57.8   ,               0   ,                   0   ,            866   ,         95   ,                       92   ,                   0   ,                    0   ,              262.0   ,                 197.1   ,              36.4   ,                11.9   ,            118.3   ,               11.9   ,            106.6   ,               11.9   ,                        95.3   ,              16   ,        0.8620   ,               52.0   ,                  5701   ,
2026-08-20 18:10:45 ,        1695.5   ,           1377.0   ,               44.0   ,        58.0   ,               0   ,                   0   ,            866   ,         95   ,                       92   ,                   0   ,                    0   ,              224.6   ,                 166.3   ,              33.8   ,                11.9   ,             99.8   ,               11.9   ,             90.3   ,               11.9   ,                        81.7   ,              16   ,        0.8750   ,               52.0   ,                  5701   ,
2026-08-20 18:10:46 ,        1695.5   ,           1377.0   ,               44.2   ,        58.2   ,               0   ,                   0   ,            866   ,         95   ,                       92   ,                   0   ,                    0   ,              262.7   ,                 196.7   ,              36.4   ,                11.9   ,            118.0   ,               11.8   ,             50.3   ,               11.9   ,                        43.5   ,               1   ,        0.8750   ,               47.0   ,                  5701   ,
2026-08-20 18:10:47 ,        1683.0   ,           1377.0   ,               43.8   ,        57.8   ,               0   ,                   0   ,            866   ,         95   ,                       92   ,                   0   ,                    0   ,               96.6   ,                  53.5   ,              22.8   ,                11.9   ,             32.1   ,               12.0   ,             41.1   ,               11.9   ,                        35.1   ,               1   ,        0.8620   ,               53.0   ,                  5702   ,
2026-08-20 18:10:48 ,        1695.5   ,           1377.0   ,               44.1   ,        58.1   ,               0   ,                   0   ,            866   ,         96   ,                       93   ,                   0   ,                    0   ,              271.3   ,                 206.2   ,              36.7   ,                11.8   ,            123.7   ,               11.8   ,            110.2   ,               11.9   ,                        98.6   ,              16   ,        0.8750   ,               53.0   ,                  5704   ,
2026-08-20 18:10:49 ,        1695.5   ,           1377.0   ,               44.1   ,        58.1   ,               0   ,                   0   ,            866   ,         95   ,                       92   ,                   0   ,                    0   ,              130.9   ,                  83.1   ,              25.5   ,                11.9   ,             49.8   ,               11.9   ,             54.9   ,               11.9   ,                        47.6   ,              16   ,        0.8750   ,               54.0   ,                  5703   ,
2026-08-20 18:10:50 ,        1708.5   ,           1377.0   ,               43.8   ,        57.8   ,               0   ,                   0   ,            866   ,         95   ,                       92   ,                   0   ,                    0   ,              272.8   ,                 205.7   ,              36.8   ,                11.9   ,            123.4   ,               11.8   ,            111.9   ,               11.8   ,                        99.2   ,              16   ,        0.8810   ,               52.0   ,                  5703   ,
2026-08-20 18:10:51 ,        1695.5   ,           1377.0   ,               43.6   ,        57.6   ,               0   ,                   0   ,            866   ,         95   ,                       92   ,                   0   ,                    0   ,              248.6   ,                  85.6   ,              25.9   ,                11.9   ,             51.3   ,               11.9   ,             54.9   ,               11.9   ,                        48.3   ,              16   ,        0.8750   ,               52.0   ,                  5703   ,
2026-08-20 18:10:52 ,        1695.5   ,           1377.0   ,               43.8   ,        57.8   ,               0   ,                   0   ,            866   ,         94   ,                       91   ,                   0   ,                    0   ,              238.4   ,                 178.0   ,              34.6   ,                11.9   ,            106.8   ,               11.9   ,             96.3   ,               11.9   ,                        86.7   ,              16   ,        0.8750   ,               53.0   ,                  5703   ,
2026-08-20 18:10:53 ,        1695.5   ,           1377.0   ,               44.1   ,        58.1   ,               0   ,                   0   ,            866   ,         96   ,                       92   ,                   0   ,                    0   ,              146.9   ,                  97.1   ,              26.8   ,                11.9   ,             58.3   ,               11.9   ,             61.1   ,               11.9   ,                        53.4   ,               1   ,        0.8750   ,               53.0   ,                  5701   ,
2026-08-20 18:10:54 ,        1695.5   ,           1377.0   ,               44.0   ,        58.0   ,               0   ,                   0   ,            866   ,         92   ,                       88   ,                   0   ,                    0   ,              115.7   ,                  70.8   ,              24.3   ,                11.9   ,             42.5   ,               11.9   ,             48.3   ,               11.9   ,                        42.1   ,              16   ,        0.8750   ,               53.0   ,                  5715   ,
2026-08-20 18:10:55 ,        1708.5   ,           1377.0   ,               44.0   ,        58.0   ,               0   ,                   0   ,            866   ,         96   ,                       93   ,                   0   ,                    0   ,              122.5   ,                  75.6   ,              25.0   ,                11.9   ,             45.4   ,               11.9   ,             51.4   ,               11.9   ,                        73.1   ,              16   ,        0.8810   ,               53.0   ,                  5719   ,
2026-08-20 18:10:56 ,        1708.5   ,           1377.0   ,               44.0   ,        58.0   ,               0   ,                   0   ,            866   ,         95   ,                       91   ,                   0   ,                    0   ,              275.1   ,                  65.0   ,              23.6   ,                11.9   ,             39.0   ,               11.9   ,             45.8   ,               11.9   ,                        39.7   ,               1   ,        0.8750   ,               54.0   ,                  5721   ,
2026-08-20 18:10:57 ,        1708.5   ,           1377.0   ,               44.0   ,        58.0   ,               0   ,                   0   ,            866   ,         94   ,                       91   ,                   0   ,                    0   ,              281.6   ,                 214.7   ,              37.4   ,                11.8   ,            128.8   ,               11.8   ,             48.6   ,               11.9   ,                        42.7   ,               1   ,        0.8810   ,               55.0   ,                  5722   ,
2026-08-20 18:10:58 ,        1708.5   ,           1377.0   ,               44.1   ,        58.1   ,               0   ,                   0   ,            866   ,         96   ,                       91   ,                   0   ,                    0   ,              129.8   ,                  82.6   ,              25.5   ,                11.9   ,             49.6   ,               11.9   ,             54.0   ,               11.9   ,                        47.2   ,               1   ,        0.8750   ,               49.0   ,                  5721   ,
2026-08-20 18:10:59 ,        1670.5   ,           1377.0   ,               43.9   ,        57.9   ,               0   ,                   0   ,            866   ,         96   ,                       92   ,                   0   ,                    0   ,              112.8   ,                  67.4   ,              24.5   ,                11.9   ,             40.4   ,               11.9   ,             47.2   ,               11.9   ,                        51.9   ,              16   ,        0.8750   ,               50.0   ,                  5721   ,
2026-08-20 18:11:00 ,        1695.5   ,           1377.0   ,               44.1   ,        58.1   ,               0   ,                   0   ,            866   ,         95   ,                       91   ,                   0   ,                    0   ,              267.2   ,                 198.9   ,              36.6   ,                11.9   ,            119.3   ,               11.8   ,            110.6   ,               11.9   ,                        54.9   ,              16   ,        0.8750   ,               53.0   ,                  5723   ,
2026-08-20 18:11:01 ,        1670.5   ,           1377.0   ,               43.9   ,        57.9   ,               0   ,                   0   ,            866   ,         95   ,                       91   ,                   0   ,                    0   ,              138.6   ,                  91.8   ,              26.6   ,                11.9   ,             55.1   ,               11.9   ,             56.2   ,               11.9   ,                        50.4   ,              16   ,        0.8620   ,               47.0   ,                  5728   ,
2026-08-20 18:11:02 ,        1683.0   ,           1377.0   ,               44.0   ,        58.0   ,               0   ,                   0   ,            866   ,         92   ,                       87   ,                   0   ,                    0   ,              197.4   ,                 143.5   ,              31.2   ,                11.9   ,             86.1   ,               11.9   ,             79.4   ,               11.9   ,                        71.8   ,              16   ,        0.8750   ,               52.0   ,                  5703   ,
2026-08-20 18:11:03 ,        1708.5   ,           1377.0   ,               43.9   ,        57.9   ,               0   ,                   0   ,            866   ,         95   ,                       92   ,                   0   ,                    0   ,              269.7   ,                 201.2   ,              36.6   ,                11.9   ,            120.7   ,               11.8   ,            111.7   ,               11.9   ,                        98.1   ,               1   ,        0.8750   ,               53.0   ,                  5702   ,
2026-08-20 18:11:04 ,        1695.5   ,           1377.0   ,               44.1   ,        58.1   ,               0   ,                   0   ,            866   ,         88   ,                       84   ,                   0   ,                    0   ,              160.2   ,                 110.0   ,              27.9   ,                11.9   ,             66.0   ,               11.9   ,             65.6   ,               11.9   ,                        58.2   ,               1   ,        0.8750   ,               54.0   ,                  5703   ,
2026-08-20 18:11:05 ,        1695.5   ,           1377.0   ,               44.1   ,        58.1   ,               0   ,                   0   ,            866   ,         96   ,                       92   ,                   0   ,                    0   ,              134.6   ,                  87.1   ,              25.8   ,                11.9   ,             52.2   ,               11.9   ,             55.9   ,               11.9   ,                        49.0   ,              16   ,        0.8750   ,               53.0   ,                  5702   ,
2026-08-20 18:11:06 ,        1683.0   ,           1377.0   ,               44.0   ,        58.0   ,               0   ,                   0   ,            866   ,         95   ,                       91   ,                   0   ,                    0   ,              239.7   ,                 176.7   ,              34.1   ,                11.9   ,             34.0   ,               11.9   ,             42.7   ,               11.9   ,                        36.5   ,              16   ,        0.8750   ,               52.0   ,                  5702   ,
2026-08-20 18:11:07 ,        1708.5   ,           1377.0   ,               43.9   ,        57.9   ,               0   ,                   0   ,            866   ,         91   ,                       89   ,                   0   ,                    0   ,              269.3   ,                 201.8   ,              36.3   ,                11.9   ,            121.1   ,               11.8   ,            111.3   ,               11.9   ,                        97.9   ,              16   ,        0.8810   ,               51.0   ,                  5702   ,
2026-08-20 18:11:08 ,        1771.5   ,           1377.0   ,               43.5   ,        57.5   ,               0   ,                   0   ,            866   ,         77   ,                       79   ,                   0   ,                    0   ,              302.3   ,                 237.3   ,              29.5   ,                11.9   ,             41.7   ,               11.9   ,             49.0   ,               11.9   ,                        41.8   ,              16   ,        0.9000   ,               52.0   ,                  5703   ,
2026-08-20 18:11:09 ,        1683.0   ,           1377.0   ,               43.8   ,        57.8   ,               0   ,                   0   ,            866   ,         85   ,                       82   ,                   0   ,                    0   ,              205.9   ,                 147.0   ,              31.5   ,                11.9   ,             88.2   ,               11.9   ,             85.5   ,               11.9   ,                        95.8   ,              16   ,        0.8750   ,               49.0   ,                  5701   ,
2026-08-20 18:11:10 ,        1683.0   ,           1377.0   ,               44.0   ,        58.0   ,               0   ,                   0   ,            866   ,         96   ,                       93   ,                   0   ,                    0   ,              264.5   ,                 197.6   ,              36.5   ,                11.9   ,            118.6   ,               11.8   ,            108.7   ,               11.8   ,                        96.2   ,               1   ,        0.8750   ,               52.0   ,                  5703   ,
2026-08-20 18:11:11 ,        1695.5   ,           1377.0   ,               43.9   ,        57.9   ,               0   ,                   0   ,            866   ,         95   ,                       91   ,                   0   ,                    0   ,              243.6   ,                 181.8   ,              34.7   ,                11.9   ,            109.1   ,               11.9   ,             99.1   ,               11.9   ,                        88.6   ,               1   ,        0.8750   ,               53.0   ,                  5704   ,
2026-08-20 18:11:12 ,        1695.5   ,           1377.0   ,               44.0   ,        58.0   ,               0   ,                   0   ,            866   ,         95   ,                       91   ,                   0   ,                    0   ,              271.5   ,                 205.2   ,              23.0   ,                11.9   ,             34.1   ,               11.9   ,             42.4   ,               11.9   ,                        36.4   ,              16   ,        0.8750   ,               54.0   ,                  5704   ,
2026-08-20 18:11:13 ,        1683.0   ,           1377.0   ,               43.8   ,        57.8   ,               0   ,                   0   ,            866   ,         96   ,                       93   ,                   0   ,                    0   ,              270.6   ,                 202.1   ,              36.7   ,                11.9   ,            121.2   ,               11.8   ,            111.9   ,               11.8   ,                        98.4   ,              16   ,        0.8750   ,               53.0   ,                  5704   ,
2026-08-20 18:11:14 ,        1695.5   ,           1377.0   ,               44.0   ,        58.0   ,               0   ,                   0   ,            866   ,         95   ,                       92   ,                   0   ,                    0   ,              269.9   ,                 205.7   ,              36.7   ,                11.8   ,            123.4   ,               11.9   ,            109.1   ,               11.8   ,                        98.1   ,               1   ,        0.8750   ,               54.0   ,                  5704   ,
2026-08-20 18:11:15 ,        1695.5   ,           1377.0   ,               44.1   ,        58.1   ,               0   ,                   0   ,            866   ,         96   ,                       92   ,                   0   ,                    0   ,              254.3   ,                  58.0   ,              23.1   ,                11.9   ,             34.8   ,               11.9   ,             43.3   ,               11.9   ,                        37.0   ,              16   ,        0.8930   ,               53.0   ,                  5703   ,
2026-08-20 18:11:16 ,        1708.5   ,           1377.0   ,               43.9   ,        57.9   ,               0   ,                   0   ,            866   ,         95   ,                       93   ,                   0   ,                    0   ,              176.0   ,                 123.3   ,              29.0   ,                11.9   ,             74.0   ,               11.9   ,             72.4   ,               11.9   ,                        64.0   ,              16   ,        0.8810   ,               54.0   ,                  5703   ,
2026-08-20 18:11:17 ,        1695.5   ,           1377.0   ,               43.9   ,        57.9   ,               0   ,                   0   ,            866   ,         93   ,                       89   ,                   0   ,                    0   ,              101.7   ,                  58.8   ,              23.0   ,                11.9   ,             35.3   ,               11.9   ,             42.7   ,               11.9   ,                        37.0   ,              16   ,        0.8750   ,               54.0   ,                  5703   ,
2026-08-20 18:11:18 ,        1695.5   ,           1377.0   ,               43.8   ,        57.8   ,               0   ,                   0   ,            866   ,         95   ,                       90   ,                   0   ,                    0   ,              111.0   ,                  66.1   ,              23.9   ,                11.9   ,             39.7   ,               11.9   ,             46.8   ,               11.9   ,                        40.4   ,               1   ,        0.8750   ,               54.0   ,                  5702   ,
2026-08-20 18:11:19 ,        1683.0   ,           1377.0   ,               43.8   ,        57.8   ,               0   ,                   0   ,            866   ,         95   ,                       92   ,                   0   ,                    0   ,              109.9   ,                  65.8   ,              23.8   ,                11.9   ,             39.5   ,               11.9   ,             46.0   ,               11.9   ,                        40.0   ,              16   ,        0.8750   ,               52.0   ,                  5702   ,
2026-08-20 18:11:20 ,        1695.5   ,           1377.0   ,               44.0   ,        58.0   ,               0   ,                   0   ,            866   ,         95   ,                       91   ,                   0   ,                    0   ,              147.8   ,                  98.0   ,              26.9   ,                11.9   ,             58.8   ,               11.9   ,             61.4   ,               11.9   ,                        53.7   ,               1   ,        0.8750   ,               53.0   ,                  5703   ,
2026-08-20 18:11:21 ,        1683.0   ,           1377.0   ,               43.8   ,        57.8   ,               0   ,                   0   ,            866   ,         95   ,                       91   ,                   0   ,                    0   ,              136.2   ,                  89.2   ,              26.3   ,                11.9   ,             53.5   ,               11.9   ,             55.7   ,               11.9   ,                        49.5   ,              16   ,        0.8750   ,               54.0   ,                  5702   ,
2026-08-20 18:11:22 ,        1733.5   ,           1377.0   ,               43.9   ,        57.9   ,               0   ,                   0   ,            866   ,         92   ,                       90   ,                   0   ,                    0   ,              281.7   ,                 216.1   ,              37.1   ,                11.9   ,            129.7   ,               11.8   ,            114.2   ,               11.8   ,                        51.9   ,               1   ,        0.8930   ,               54.0   ,                  5703   ,
2026-08-20 18:11:23 ,        1695.5   ,           1377.0   ,               44.0   ,        58.0   ,               0   ,                   0   ,            866   ,         96   ,                       92   ,                   0   ,                    0   ,              101.5   ,                  49.4   ,              22.2   ,                11.9   ,             29.6   ,               11.9   ,             39.1   ,               11.9   ,                        33.3   ,              16   ,        0.8750   ,               51.0   ,                  5701   ,
2026-08-20 18:11:24 ,        1683.0   ,           1377.0   ,               43.9   ,        57.9   ,               0   ,                   0   ,            866   ,         96   ,                       91   ,                   0   ,                    0   ,              115.3   ,                  70.4   ,              24.1   ,                11.9   ,             42.2   ,               11.9   ,             48.3   ,               11.9   ,                        41.9   ,              16   ,        0.8750   ,               53.0   ,                  5701   ,
2026-08-20 18:11:25 ,        1695.5   ,           1377.0   ,               44.0   ,        58.0   ,               0   ,                   0   ,            866   ,         94   ,                       90   ,                   0   ,                    0   ,              247.1   ,                  60.2   ,              23.1   ,                11.9   ,             36.1   ,               11.9   ,             43.6   ,               11.9   ,                        37.7   ,              16   ,        0.8750   ,               54.0   ,                  5700   ,
2026-08-20 18:11:26 ,        1695.5   ,           1377.0   ,               43.8   ,        57.8   ,               0   ,                   0   ,            866   ,         94   ,                       91   ,                   0   ,                    0   ,              131.9   ,                  85.6   ,              25.7   ,                11.9   ,             51.4   ,               11.9   ,             54.2   ,               11.9   ,                        48.0   ,               1   ,        0.8750   ,               55.0   ,                  5701   ,
2026-08-20 18:11:27 ,        1683.0   ,           1377.0   ,               43.8   ,        57.8   ,               0   ,                   0   ,            866   ,         92   ,                       88   ,                   0   ,                    0   ,              210.9   ,                 157.2   ,              32.2   ,                11.9   ,             94.3   ,               11.9   ,             83.7   ,               11.9   ,                        76.7   ,              16   ,        0.8750   ,               54.0   ,                  5700   ,
2026-08-20 18:11:28 ,        1695.5   ,           1377.0   ,               43.5   ,        57.6   ,               0   ,                   0   ,            866   ,         86   ,                       82   ,                   0   ,                    0   ,              112.5   ,                  67.7   ,              23.9   ,                11.9   ,             40.6   ,               11.9   ,             47.3   ,               11.9   ,                        40.9   ,               1   ,        0.8750   ,               55.0   ,                  5700   ,
2026-08-20 18:11:29 ,        1708.5   ,           1377.0   ,               43.7   ,        57.7   ,               0   ,                   0   ,            866   ,         95   ,                       93   ,                   0   ,                    0   ,              269.4   ,                 203.5   ,              36.9   ,                11.9   ,            122.1   ,               11.8   ,            109.8   ,               11.8   ,                        98.0   ,               1   ,        0.8810   ,               54.0   ,                  5700   ,
2026-08-20 18:11:30 ,        1695.5   ,           1377.0   ,               43.8   ,        57.8   ,               0   ,                   0   ,            866   ,         96   ,                       91   ,                   0   ,                    0   ,              272.4   ,                 204.1   ,              37.3   ,                11.9   ,            122.5   ,               11.8   ,            112.0   ,               11.8   ,                        99.1   ,               1   ,        0.8750   ,               50.0   ,                  5701   ,
2026-08-20 18:11:31 ,        1695.5   ,           1377.0   ,               43.6   ,        57.6   ,               0   ,                   0   ,            866   ,         94   ,                       91   ,                   0   ,                    0   ,              189.9   ,                 135.5   ,              30.6   ,                11.9   ,             81.3   ,               11.9   ,             77.3   ,               11.9   ,                        86.7   ,              16   ,        0.8750   ,               49.0   ,                  5701   ,
2026-08-20 18:11:32 ,        1695.5   ,           1377.0   ,               43.9   ,        57.9   ,               0   ,                   0   ,            866   ,         91   ,                       88   ,                   0   ,                    0   ,              151.9   ,                 101.4   ,              27.3   ,                11.9   ,             60.8   ,               11.9   ,             63.0   ,               11.9   ,                        55.2   ,              16   ,        0.8750   ,               52.0   ,                  5700   ,
2026-08-20 18:11:33 ,        1708.5   ,           1377.0   ,               43.9   ,        57.9   ,               0   ,                   0   ,            866   ,         94   ,                       92   ,                   0   ,                    0   ,              181.8   ,                 128.8   ,              29.5   ,                11.9   ,             77.3   ,               11.9   ,             74.3   ,               11.9   ,                        66.1   ,               1   ,        0.8810   ,               52.0   ,                  5701   ,
2026-08-20 18:11:34 ,        1708.5   ,           1377.0   ,               44.1   ,        58.1   ,               0   ,                   0   ,            866   ,         91   ,                       88   ,                   0   ,                    0   ,              167.6   ,                 114.3   ,              28.3   ,                11.9   ,             68.6   ,               11.9   ,             70.0   ,               11.9   ,                        60.9   ,               1   ,        0.8810   ,               53.0   ,                  5701   ,
2026-08-20 18:11:35 ,        1695.5   ,           1377.0   ,               43.9   ,        57.9   ,               0   ,                   0   ,            866   ,         95   ,                       92   ,                   0   ,                    0   ,              148.4   ,                  98.9   ,              26.9   ,                11.9   ,             59.4   ,               11.9   ,             61.4   ,               11.9   ,                        54.0   ,              16   ,        0.8750   ,               54.0   ,                  5701   ,
2026-08-20 18:11:36 ,        1708.5   ,           1377.0   ,               44.1   ,        58.1   ,               0   ,                   0   ,            866   ,         95   ,                       92   ,                   0   ,                    0   ,              115.6   ,                  70.0   ,              24.2   ,                11.9   ,             42.0   ,               11.9   ,             48.7   ,               11.9   ,                        71.7   ,              16   ,        0.8750   ,               51.0   ,                  5703   ,
2026-08-20 18:11:37 ,        1695.5   ,           1377.0   ,               44.1   ,        58.1   ,               0   ,                   0   ,            866   ,         95   ,                       91   ,                   0   ,                    0   ,              120.1   ,                  74.3   ,              24.5   ,                11.9   ,             44.6   ,               11.9   ,             50.4   ,               11.9   ,                        43.7   ,               1   ,        0.8750   ,               54.0   ,                  5702   ,
2026-08-20 18:11:38 ,        1695.5   ,           1377.0   ,               44.0   ,        58.0   ,               0   ,                   0   ,            866   ,         96   ,                       92   ,                   0   ,                    0   ,              203.5   ,                 147.1   ,              32.2   ,                11.9   ,             88.3   ,               11.9   ,             82.3   ,               11.9   ,                        74.0   ,               1   ,        0.8750   ,               54.0   ,                  5702   ,
2026-08-20 18:11:39 ,        1695.5   ,           1377.0   ,               44.1   ,        58.1   ,               0   ,                   0   ,            866   ,         96   ,                       92   ,                   0   ,                    0   ,              193.9   ,                 137.4   ,              30.7   ,                11.9   ,             82.4   ,               11.9   ,             80.1   ,               11.9   ,                        70.5   ,               1   ,        0.8750   ,               53.0   ,                  5701   ,
2026-08-20 18:11:40 ,        1708.5   ,           1377.0   ,               44.1   ,        58.1   ,               0   ,                   0   ,            866   ,         95   ,                       91   ,                   0   ,                    0   ,              124.0   ,                  77.7   ,              25.0   ,                11.9   ,             46.6   ,               11.9   ,             51.7   ,               11.9   ,                        45.1   ,               1   ,        0.8810   ,               53.0   ,                  5702   ,
2026-08-20 18:11:41 ,        1708.5   ,           1377.0   ,               44.1   ,        58.1   ,               0   ,                   0   ,            866   ,         94   ,                       92   ,                   0   ,                    0   ,              199.2   ,                  82.1   ,              25.4   ,                11.9   ,             49.3   ,               11.9   ,             53.3   ,               11.9   ,                        46.8   ,              16   ,        0.8810   ,               53.0   ,                  5702   ,
2026-08-20 18:11:42 ,        1695.5   ,           1377.0   ,               44.1   ,        58.1   ,               0   ,                   0   ,            866   ,         95   ,                       92   ,                   0   ,                    0   ,              153.5   ,                 104.3   ,              27.2   ,                11.9   ,             62.6   ,               11.9   ,             63.0   ,               11.9   ,                        55.8   ,              16   ,        0.8750   ,               53.0   ,                  5701   ,
2026-08-20 18:11:43 ,        1695.5   ,           1377.0   ,               44.0   ,        58.0   ,               0   ,                   0   ,            866   ,         95   ,                       92   ,                   0   ,                    0   ,              121.4   ,                  75.3   ,              24.7   ,                11.9   ,             45.2   ,               11.9   ,             50.9   ,               11.9   ,                        44.2   ,              16   ,        0.8750   ,               53.0   ,                  5701   ,
2026-08-20 18:11:44 ,        1683.0   ,           1377.0   ,               44.1   ,        58.1   ,               0   ,                   0   ,            865   ,         95   ,                       92   ,                   0   ,                    0   ,              138.4   ,                  89.3   ,              26.0   ,                11.9   ,             53.6   ,               11.9   ,             58.1   ,               11.9   ,                        69.9   ,              16   ,        0.8750   ,               53.0   ,                  5702   ,
2026-08-20 18:11:45 ,        1695.5   ,           1377.0   ,               44.0   ,        58.0   ,               0   ,                   0   ,            865   ,         95   ,                       93   ,                   0   ,                    0   ,              140.5   ,                  92.1   ,              26.3   ,                11.9   ,             55.3   ,               11.9   ,             58.3   ,               11.9   ,                        51.1   ,               1   ,        0.8750   ,               49.0   ,                  5701   ,
2026-08-20 18:11:46 ,        1708.5   ,           1377.0   ,               44.1   ,        58.1   ,               0   ,                   0   ,            865   ,         95   ,                       91   ,                   0   ,                    0   ,              202.7   ,                 145.9   ,              31.2   ,                11.9   ,             87.6   ,               11.9   ,             83.3   ,               11.9   ,                        62.5   ,              16   ,        0.8750   ,               53.0   ,                  5702   ,
2026-08-20 18:11:47 ,        1683.0   ,           1377.0   ,               44.1   ,        58.1   ,               0   ,                   0   ,            865   ,         96   ,                       92   ,                   0   ,                    0   ,              133.7   ,                  86.0   ,              25.7   ,                11.9   ,             51.6   ,               11.9   ,             55.7   ,               11.9   ,                        48.6   ,               1   ,        0.8750   ,               53.0   ,                  5701   ,
2026-08-20 18:11:48 ,        1695.5   ,           1377.0   ,               43.9   ,        57.9   ,               0   ,                   0   ,            865   ,         96   ,                       93   ,                   0   ,                    0   ,              139.8   ,                  91.1   ,              26.3   ,                11.9   ,             54.7   ,               11.9   ,             58.2   ,               11.9   ,                        50.8   ,               1   ,        0.8750   ,               55.0   ,                  5700   ,
2026-08-20 18:11:49 ,        1670.5   ,           1377.0   ,               43.9   ,        57.9   ,               0   ,                   0   ,            865   ,         95   ,                       91   ,                   0   ,                    0   ,              250.7   ,                 186.3   ,              35.8   ,                11.9   ,            111.8   ,               11.9   ,            102.5   ,               11.9   ,                        91.2   ,              16   ,        0.8620   ,               53.0   ,                  5700   ,
2026-08-20 18:11:50 ,        1670.5   ,           1377.0   ,               44.1   ,        58.1   ,               0   ,                   0   ,            865   ,         95   ,                       89   ,                   0   ,                    0   ,              179.2   ,                 126.1   ,              29.7   ,                11.9   ,             75.7   ,               11.9   ,             73.1   ,               11.9   ,                        65.1   ,              16   ,        0.8620   ,               54.0   ,                  5700   ,
2026-08-20 18:11:51 ,        1670.5   ,           1377.0   ,               43.8   ,        57.8   ,               0   ,                   0   ,            865   ,         89   ,                       86   ,                   0   ,                    0   ,              263.3   ,                  73.0   ,              24.8   ,                11.9   ,             43.8   ,               11.9   ,             50.8   ,               11.9   ,                        43.7   ,              16   ,        0.8620   ,               53.0   ,                  5700   ,
2026-08-20 18:11:52 ,        1695.5   ,           1377.0   ,               43.9   ,        57.9   ,               0   ,                   0   ,            865   ,         81   ,                       78   ,                   0   ,                    0   ,              213.4   ,                 156.8   ,              32.3   ,                11.9   ,             94.1   ,               11.9   ,             86.3   ,               11.9   ,                        77.6   ,               1   ,        0.8750   ,               53.0   ,                  5700   ,
2026-08-20 18:11:53 ,        1695.5   ,           1377.0   ,               41.1   ,        55.1   ,               0   ,                   0   ,            792   ,          0   ,                        0   ,                   0   ,                    0   ,               77.8   ,                  37.6   ,              21.0   ,                11.9   ,             22.5   ,               11.9   ,             33.6   ,               11.9   ,                        28.3   ,              16   ,        0.8750   ,               38.0   ,                  5690   ,
2026-08-20 18:11:54 ,        1695.5   ,           1377.0   ,               40.5   ,        54.5   ,               0   ,                   0   ,            792   ,          0   ,                        0   ,                   0   ,                    0   ,               77.5   ,                  37.1   ,              21.0   ,                11.9   ,             22.2   ,               11.9   ,             33.6   ,               11.9   ,                        28.2   ,              16   ,        0.8750   ,               38.0   ,                  5690   ,
2026-08-20 18:11:55 ,        1252.5   ,           1251.5   ,               40.1   ,        54.1   ,               0   ,                   0   ,            795   ,          0   ,                        0   ,                   0   ,                    0   ,               67.3   ,                  29.3   ,              19.9   ,                11.9   ,             16.9   ,               11.9   ,             28.5   ,               11.9   ,                        24.0   ,              16   ,        0.7120   ,               37.0   ,                  5690   ,
2026-08-20 18:11:56 ,        1252.5   ,           1251.5   ,               39.3   ,        53.3   ,               0   ,                   0   ,            795   ,          0   ,                        1   ,                   0   ,                    0   ,               57.2   ,                  14.5   ,              19.8   ,                11.9   ,              8.7   ,               12.0   ,             28.1   ,               11.9   ,                        20.8   ,              16   ,        0.7120   ,               37.0   ,                  5697   ,
2026-08-20 18:11:57 ,        1252.5   ,           1251.5   ,               39.0   ,        53.0   ,               0   ,                   0   ,            795   ,          0   ,                        1   ,                   0   ,                    0   ,               57.7   ,                  15.0   ,              19.8   ,                11.9   ,              9.0   ,               12.0   ,             28.1   ,               11.9   ,                        20.9   ,              16   ,        0.7120   ,               38.0   ,                  5699   ,
2026-08-20 18:11:58 ,         721.0   ,            202.5   ,               38.3   ,        52.3   ,               0   ,                   0   ,            795   ,          0   ,                        3   ,                   0   ,                    0   ,               25.0   ,                  10.0   ,               6.2   ,                11.9   ,              6.0   ,               12.0   ,             12.0   ,               12.0   ,                         9.1   ,              16   ,        0.6500   ,               38.0   ,                  5698   ,
2026-08-20 18:11:59 ,         721.0   ,            202.5   ,               38.1   ,        52.1   ,               0   ,                   0   ,            795   ,          0   ,                        4   ,                   0   ,                    0   ,               22.0   ,                   9.9   ,               5.0   ,                11.9   ,              5.9   ,               12.0   ,             10.4   ,               11.9   ,                         8.0   ,              16   ,        0.6500   ,               37.0   ,                  5691   ,
2026-08-20 18:12:00 ,         721.0   ,            202.5   ,               37.8   ,        51.8   ,               0   ,                   0   ,            795   ,          0   ,                        3   ,                   0   ,                    0   ,               22.3   ,                  10.4   ,               5.1   ,                11.9   ,              6.2   ,               12.0   ,             10.3   ,               12.0   ,                         8.1   ,              16   ,        0.6500   ,               37.0   ,                  5690   ,
2026-08-20 18:12:01 ,         164.5   ,            101.3   ,               37.8   ,        51.8   ,               0   ,                   0   ,            795   ,          0   ,                        7   ,                   0   ,                    0   ,               18.2   ,                   6.9   ,               4.1   ,                11.9   ,              4.1   ,               12.0   ,              9.3   ,               12.0   ,                         6.6   ,              16   ,        0.6500   ,               37.0   ,                  5691   ,
2026-08-20 18:12:02 ,         164.5   ,            101.3   ,               37.5   ,        51.5   ,               0   ,                   0   ,            795   ,          0   ,                        7   ,                   0   ,                    0   ,               17.8   ,                   6.8   ,               3.9   ,                11.9   ,              4.1   ,               12.0   ,              9.1   ,               12.0   ,                         6.5   ,              16   ,        0.6500   ,               37.0   ,                  5691   ,
2026-08-20 18:12:03 ,         164.5   ,            101.3   ,               37.3   ,        51.3   ,               0   ,                   0   ,            795   ,          0   ,                        7   ,                   0   ,                    0   ,               18.3   ,                   7.2   ,               4.0   ,                11.9   ,              4.3   ,               12.0   ,              9.3   ,               12.0   ,                         6.6   ,              16   ,        0.6500   ,               37.0   ,                  5690   ,
2026-08-20 18:12:04 ,         139.0   ,            101.3   ,               37.1   ,        51.1   ,               0   ,                   0   ,            795   ,          0   ,                        7   ,                   0   ,                    0   ,               17.8   ,                   6.5   ,               4.1   ,                11.9   ,              3.9   ,               12.0   ,              9.1   ,               12.0   ,                         6.5   ,              16   ,        0.6500   ,               37.0   ,                  5691   ,
2026-08-20 18:12:05 ,         139.0   ,            101.3   ,               37.1   ,        51.1   ,               0   ,                   0   ,            795   ,          0   ,                        7   ,                   0   ,                    0   ,               18.1   ,                   7.2   ,               3.9   ,                11.9   ,              4.3   ,               12.0   ,              9.2   ,               12.0   ,                         6.6   ,              16   ,        0.6500   ,               37.0   ,                  5690   ,
2026-08-20 18:12:06 ,         139.0   ,            101.3   ,               36.9   ,        50.9   ,               0   ,                   0   ,            795   ,          0   ,                        7   ,                   0   ,                    0   ,               18.6   ,                   7.8   ,               4.1   ,                11.9   ,              4.7   ,               12.0   ,              9.2   ,               11.9   ,                         6.8   ,              16   ,        0.6500   ,               37.0   ,                  5690   ,
2026-08-20 18:12:07 ,         139.0   ,            101.3   ,               36.7   ,        50.7   ,               0   ,                   0   ,            795   ,          0   ,                        7   ,                   0   ,                    0   ,               18.6   ,                   7.7   ,               4.0   ,                11.9   ,              4.6   ,               12.0   ,              9.3   ,               12.0   ,                         6.7   ,              16   ,        0.6500   ,               37.0   ,                  5690   ,
2026-08-20 18:12:08 ,         139.0   ,            101.3   ,               36.7   ,        50.7   ,               0   ,                   0   ,            795   ,          0   ,                        7   ,                   0   ,                    0   ,               18.0   ,                   7.0   ,               4.0   ,                11.9   ,              4.2   ,               12.0   ,              9.1   ,               12.0   ,                         6.5   ,              16   ,        0.6500   ,               37.0   ,                  5690   ,
2026-08-20 18:12:09 ,         139.0   ,            101.3   ,               36.4   ,        50.4   ,               0   ,                   0   ,            795   ,          0   ,                        7   ,                   0   ,                    0   ,               18.0   ,                   7.0   ,               4.0   ,                11.9   ,              4.2   ,               12.0   ,              9.1   ,               12.0   ,                         6.5   ,              16   ,        0.6500   ,               37.0   ,                  5689   ,
2026-08-20 18:12:10 ,         139.0   ,            101.3   ,               36.3   ,        50.3   ,               0   ,                   0   ,            795   ,          0   ,                        7   ,                   0   ,                    0   ,               18.0   ,                   7.0   ,               4.0   ,                11.9   ,              4.2   ,               12.0   ,              9.1   ,               12.0   ,                         6.5   ,              16   ,        0.6500   ,               37.0   ,                  5690   ,
2026-08-20 18:12:11 ,         139.0   ,            101.3   ,               36.3   ,        50.3   ,               0   ,                   0   ,            795   ,          0   ,                        7   ,                   0   ,                    0   ,               18.6   ,                   7.7   ,               4.1   ,                11.9   ,              4.6   ,               12.0   ,              9.2   ,               12.0   ,                         6.7   ,              16   ,        0.6500   ,               38.0   ,                  5690   ,
2026-08-20 18:12:12 ,         139.0   ,            101.3   ,               36.0   ,        50.0   ,               0   ,                   0   ,            795   ,          0   ,                        7   ,                   0   ,                    0   ,               18.0   ,                   7.2   ,               4.0   ,                11.9   ,              4.3   ,               12.0   ,              9.0   ,               12.0   ,                         6.5   ,              16   ,        0.6500   ,               37.0   ,                  5689   ,
2026-08-20 18:12:13 ,         139.0   ,            101.3   ,               35.9   ,        49.9   ,               0   ,                   0   ,            795   ,          0   ,                        7   ,                   0   ,                    0   ,               18.2   ,                   7.0   ,               4.0   ,                11.9   ,              4.2   ,               12.0   ,              9.3   ,               12.0   ,                         6.6   ,              16   ,        0.6500   ,               37.0   ,                  5689   ,
2026-08-20 18:12:14 ,         139.0   ,            101.3   ,               35.8   ,        49.8   ,               0   ,                   0   ,            795   ,          0   ,                        7   ,                   0   ,                    0   ,               18.4   ,                   7.0   ,               4.2   ,                11.9   ,              4.2   ,               12.0   ,              9.3   ,               12.0   ,                         6.7   ,              16   ,        0.6500   ,               37.0   ,                  5689   ,
2026-08-20 18:12:15 ,         139.0   ,            101.3   ,               35.9   ,        49.9   ,               0   ,                   0   ,            795   ,          0   ,                        7   ,                   0   ,                    0   ,               18.6   ,                   7.5   ,               4.2   ,                11.9   ,              4.5   ,               12.0   ,              9.2   ,               12.0   ,                         6.7   ,              16   ,        0.6500   ,               37.0   ,                  5689   ,
2026-08-20 18:12:16 ,         139.0   ,            101.3   ,               35.6   ,        49.6   ,               0   ,                   0   ,            795   ,          0   ,                        7   ,                   0   ,                    0   ,               18.5   ,                   7.5   ,               4.0   ,                11.9   ,              4.5   ,               12.0   ,              9.3   ,               12.0   ,                         6.7   ,              16   ,        0.6500   ,               37.0   ,                  5689   ,
2026-08-20 18:12:17 ,         139.0   ,            101.3   ,               35.5   ,        49.5   ,               0   ,                   0   ,            795   ,          0   ,                        7   ,                   0   ,                    0   ,               18.1   ,                   6.9   ,               4.1   ,                11.9   ,              4.1   ,               12.0   ,              9.2   ,               12.0   ,                         6.6   ,              16   ,        0.6500   ,               37.0   ,                  5689   ,
2026-08-20 18:12:18 ,         139.0   ,            101.3   ,               35.5   ,        49.5   ,               0   ,                   0   ,            795   ,          0   ,                        7   ,                   0   ,                    0   ,               17.9   ,                   7.2   ,               4.0   ,                11.9   ,              4.3   ,               12.0   ,              8.9   ,               12.0   ,                         6.5   ,              16   ,        0.6500   ,               37.0   ,                  5688   ,
2026-08-20 18:12:19 ,         139.0   ,            101.3   ,               35.3   ,        49.3   ,               0   ,                   0   ,            795   ,          0   ,                        7   ,                   0   ,                    0   ,               18.1   ,                   6.8   ,               4.0   ,                11.9   ,              4.1   ,               12.0   ,              9.3   ,               12.0   ,                         6.6   ,              16   ,        0.6500   ,               38.0   ,                  5757   ,
2026-08-20 18:12:20 ,         139.0   ,            101.3   ,               35.2   ,        49.2   ,               0   ,                   0   ,            795   ,          0   ,                        7   ,                   0   ,                    0   ,               18.6   ,                   8.1   ,               4.0   ,                11.9   ,              4.9   ,               12.0   ,              9.0   ,               12.0   ,                         6.7   ,              16   ,        0.6500   ,               38.0   ,                  5766   ,
2026-08-20 18:12:21 ,         139.0   ,            101.3   ,               35.1   ,        49.1   ,               0   ,                   0   ,            795   ,          0   ,                        7   ,                   0   ,                    0   ,               18.1   ,                   7.2   ,               4.1   ,                11.9   ,              4.3   ,               12.0   ,              9.0   ,               12.0   ,                         6.6   ,              16   ,        0.6500   ,               59.0   ,                  5800   ,
2026-08-20 18:12:22 ,         139.0   ,            101.3   ,               34.9   ,        48.9   ,               0   ,                   0   ,            795   ,          0   ,                        7   ,                   0   ,                    0   ,               18.6   ,                   8.0   ,               4.0   ,                11.9   ,              4.8   ,               12.0   ,              9.2   ,               12.0   ,                         6.8   ,              16   ,        0.6500   ,               63.0   ,                  5813   ,
2026-08-20 18:12:23 ,         139.0   ,            101.3   ,               34.8   ,        48.8   ,               0   ,                   0   ,            795   ,          0   ,                        7   ,                   0   ,                    0   ,               18.3   ,                   7.8   ,               3.9   ,                11.9   ,              4.7   ,               12.0   ,              9.0   ,               12.0   ,                         6.6   ,              16   ,        0.6500   ,               51.0   ,                  5815   ,
2026-08-20 18:12:24 ,         139.0   ,            101.3   ,               34.6   ,        48.6   ,               0   ,                   0   ,            795   ,          0   ,                        7   ,                   0   ,                    0   ,               18.0   ,                   7.2   ,               4.0   ,                11.9   ,              4.3   ,               12.0   ,              9.0   ,               12.0   ,                         6.5   ,              16   ,        0.6500   ,               64.0   ,                  5821   ,
2026-08-20 18:12:25 ,         139.0   ,            101.3   ,               34.6   ,        48.6   ,               0   ,                   0   ,            795   ,          0   ,                        7   ,                   0   ,                    0   ,               18.6   ,                   7.7   ,               4.1   ,                11.9   ,              4.6   ,               12.0   ,              9.2   ,               12.0   ,                         6.7   ,              16   ,        0.6500   ,               37.0   ,                  5823   ,
2026-08-20 18:12:26 ,         139.0   ,            101.3   ,               34.5   ,        48.5   ,               0   ,                   0   ,            795   ,          0   ,                        7   ,                   0   ,                    0   ,               18.5   ,                   8.0   ,               4.0   ,                11.9   ,              4.8   ,               12.0   ,              9.0   ,               12.0   ,                         6.7   ,              16   ,        0.6500   ,               38.0   ,                  5822   ,
2026-08-20 18:12:27 ,         139.0   ,            101.3   ,               34.4   ,        48.4   ,               0   ,                   0   ,            795   ,          0   ,                        7   ,                   0   ,                    0   ,               17.9   ,                   7.2   ,               4.0   ,                11.9   ,              4.3   ,               12.0   ,              8.9   ,               12.0   ,                         6.5   ,              16   ,        0.6500   ,               37.0   ,                  5823   ,
2026-08-20 18:12:28 ,         139.0   ,            101.3   ,               34.4   ,        48.4   ,               0   ,                   0   ,            795   ,          0   ,                        7   ,                   0   ,                    0   ,               17.8   ,                   6.7   ,               4.1   ,                11.9   ,              4.0   ,               12.0   ,              9.0   ,               12.0   ,                         6.5   ,              16   ,        0.6500   ,               37.0   ,                  5823   ,
2026-08-20 18:12:29 ,         139.0   ,            101.3   ,               34.4   ,        48.4   ,               0   ,                   0   ,            795   ,          0   ,                        7   ,                   0   ,                    0   ,               18.2   ,                   7.0   ,               4.1   ,                11.9   ,              4.2   ,               12.0   ,              9.2   ,               12.0   ,                         6.6   ,              16   ,        0.6500   ,               37.0   ,                  5824   ,
2026-08-20 18:12:30 ,         139.0   ,            101.3   ,               34.3   ,        48.3   ,               0   ,                   0   ,            795   ,          0   ,                        7   ,                   0   ,                    0   ,               18.4   ,                   7.7   ,               4.1   ,                11.9   ,              4.6   ,               12.0   ,              9.0   ,               12.0   ,                         6.7   ,              16   ,        0.6500   ,               37.0   ,                  5827   ,
2026-08-20 18:12:31 ,         139.0   ,            101.3   ,               34.2   ,        48.2   ,               0   ,                   0   ,            795   ,          0   ,                        7   ,                   0   ,                    0   ,               18.0   ,                   7.2   ,               4.0   ,                11.9   ,              4.3   ,               12.0   ,              9.0   ,               12.0   ,                         6.5   ,              16   ,        0.6500   ,               38.0   ,                  5836   ,
2026-08-20 18:12:32 ,         139.0   ,            101.3   ,               34.0   ,        48.0   ,               0   ,                   0   ,            795   ,          1   ,                        7   ,                   0   ,                    0   ,               17.9   ,                   7.2   ,               3.9   ,                11.9   ,              4.3   ,               12.0   ,              9.0   ,               12.0   ,                         6.5   ,              16   ,        0.6500   ,               37.0   ,                  5852   ,
2026-08-20 18:12:33 ,         139.0   ,            101.3   ,               33.9   ,        47.9   ,               0   ,                   0   ,            795   ,          1   ,                        7   ,                   0   ,                    0   ,               17.6   ,                   6.9   ,               3.9   ,                11.9   ,              4.1   ,               12.0   ,              8.9   ,               12.0   ,                         6.4   ,              16   ,        0.6500   ,               37.0   ,                  5851   ,
2026-08-20 18:12:34 ,         139.0   ,            101.3   ,               33.8   ,        47.8   ,               0   ,                   0   ,            795   ,          0   ,                        7   ,                   0   ,                    0   ,               18.5   ,                   8.0   ,               3.9   ,                11.9   ,              4.8   ,               12.0   ,              9.1   ,               12.0   ,                         6.7   ,              16   ,        0.6500   ,               37.0   ,                  5848   ,
2026-08-20 18:12:35 ,         139.0   ,            101.3   ,               33.7   ,        47.7   ,               0   ,                   0   ,            795   ,          0   ,                        7   ,                   0   ,                    0   ,               17.8   ,                   6.9   ,               4.0   ,                11.9   ,              4.1   ,               12.0   ,              9.0   ,               12.0   ,                         6.5   ,              16   ,        0.6500   ,               37.0   ,                  5850   ,
2026-08-20 18:12:36 ,         139.0   ,            101.3   ,               33.6   ,        47.6   ,               0   ,                   0   ,            795   ,          0   ,                        7   ,                   0   ,                    0   ,               18.0   ,                   7.3   ,               4.0   ,                11.9   ,              4.4   ,               12.0   ,              8.9   ,               12.0   ,                         6.5   ,              16   ,        0.6500   ,               37.0   ,                  5850   ,
2026-08-20 18:12:37 ,         139.0   ,            101.3   ,               33.7   ,        47.7   ,               0   ,                   0   ,            795   ,          0   ,                        7   ,                   0   ,                    0   ,               18.8   ,                   8.0   ,               4.1   ,                11.9   ,              4.8   ,               12.0   ,              9.3   ,               11.9   ,                         6.8   ,              16   ,        0.6500   ,               37.0   ,                  5850   ,
2026-08-20 18:12:38 ,         139.0   ,            101.3   ,               33.6   ,        47.6   ,               0   ,                   0   ,            795   ,          0   ,                        7   ,                   0   ,                    0   ,               19.8   ,                   8.6   ,               4.4   ,                11.9   ,              5.2   ,               12.0   ,              9.6   ,               12.0   ,                         7.2   ,              16   ,        0.6500   ,               37.0   ,                  5847   ,
2026-08-20 18:12:39 ,         139.0   ,            101.3   ,               33.4   ,        47.4   ,               0   ,                   0   ,            795   ,          0   ,                        7   ,                   0   ,                    0   ,               22.2   ,                   9.6   ,               5.2   ,                11.9   ,              5.7   ,               12.0   ,             10.6   ,               12.0   ,                         8.1   ,              16   ,        0.6500   ,               36.0   ,                  5849   ,
2026-08-20 18:12:40 ,         139.0   ,            101.3   ,               33.4   ,        47.4   ,               0   ,                   0   ,            795   ,          0   ,                        7   ,                   0   ,                    0   ,               22.7   ,                  10.0   ,               5.2   ,                11.9   ,              6.0   ,               12.0   ,             10.7   ,               12.0   ,                         8.2   ,              16   ,        0.6500   ,               37.0   ,                  5849   ,
2026-08-20 18:12:41 ,         139.0   ,            101.3   ,               33.1   ,        47.1   ,               0   ,                   0   ,            795   ,          0   ,                        7   ,                   0   ,                    0   ,               18.4   ,                   7.7   ,               4.1   ,                11.9   ,              4.6   ,               12.0   ,             10.7   ,               12.0   ,                         8.3   ,              16   ,        0.6500   ,               37.0   ,                  5847   ,
2026-08-20 18:12:42 ,         139.0   ,            101.3   ,               33.1   ,        47.1   ,               0   ,                   0   ,            795   ,          0   ,                        7   ,                   0   ,                    0   ,               17.9   ,                   7.2   ,               4.0   ,                11.9   ,              4.3   ,               12.0   ,              8.9   ,               12.0   ,                         6.5   ,              16   ,        0.6500   ,               37.0   ,                  5850   ,
2026-08-20 18:12:43 ,         139.0   ,            101.3   ,               33.0   ,        47.0   ,               0   ,                   0   ,            795   ,          0   ,                        7   ,                   0   ,                    0   ,               18.3   ,                   7.2   ,               4.1   ,                11.9   ,              4.3   ,               12.0   ,              9.2   ,               12.0   ,                         6.6   ,              16   ,        0.6500   ,               37.0   ,                  5850   ,
2026-08-20 18:12:44 ,         139.0   ,            101.3   ,               33.1   ,        47.1   ,               0   ,                   0   ,            795   ,          0   ,                        7   ,                   0   ,                    0   ,               17.9   ,                   7.3   ,               3.8   ,                11.9   ,              4.4   ,               12.0   ,              9.0   ,               12.0   ,                         6.5   ,              16   ,        0.6500   ,               37.0   ,                  5858   ,
2026-08-20 18:12:45 ,         139.0   ,            101.3   ,               33.0   ,        47.0   ,               0   ,                   0   ,            795   ,          0   ,                        7   ,                   0   ,                    0   ,               18.6   ,                   7.5   ,               4.2   ,                11.9   ,              4.5   ,               12.0   ,              9.2   ,               12.0   ,                         6.7   ,              16   ,        0.6500   ,               37.0   ,                  5855   ,
2026-08-20 18:12:46 ,         139.0   ,            101.3   ,               32.8   ,        46.8   ,               0   ,                   0   ,            795   ,          0   ,                        7   ,                   0   ,                    0   ,               18.3   ,                   7.7   ,               3.9   ,                11.9   ,              4.6   ,               12.0   ,              9.1   ,               12.0   ,                         6.6   ,              16   ,        0.6500   ,               37.0   ,                  5856   ,
2026-08-20 18:12:47 ,         139.0   ,            101.3   ,               32.8   ,        46.8   ,               0   ,                   0   ,            794   ,          0   ,                        7   ,                   0   ,                    0   ,               18.2   ,                   7.8   ,               3.9   ,                11.9   ,              4.7   ,               12.0   ,              8.9   ,               12.0   ,                         6.6   ,              16   ,        0.6500   ,               37.0   ,                  5856   ,
2026-08-20 18:12:48 ,         139.0   ,            101.3   ,               32.8   ,        46.8   ,               0   ,                   0   ,            794   ,          0   ,                        7   ,                   0   ,                    0   ,               18.3   ,                   7.8   ,               3.9   ,                11.9   ,              4.7   ,               12.0   ,              9.0   ,               12.0   ,                         6.6   ,              16   ,        0.6500   ,               37.0   ,                  5855   ,
2026-08-20 18:12:49 ,         139.0   ,            101.3   ,               32.8   ,        46.8   ,               0   ,                   0   ,            794   ,          0   ,                        7   ,                   0   ,                    0   ,               18.0   ,                   7.3   ,               3.9   ,                11.9   ,              4.4   ,               12.0   ,              9.0   ,               12.0   ,                         6.5   ,              16   ,        0.6500   ,               37.0   ,                  5856   ,
2026-08-20 18:12:50 ,         139.0   ,            101.3   ,               32.6   ,        46.6   ,               0   ,                   0   ,            794   ,          0   ,                        7   ,                   0   ,                    0   ,               18.5   ,                   7.8   ,               4.0   ,                11.9   ,              4.7   ,               12.0   ,              9.1   ,               12.0   ,                         6.7   ,              16   ,        0.6500   ,               37.0   ,                  5855   ,
2026-08-20 18:12:51 ,         139.0   ,            101.3   ,               32.5   ,        46.5   ,               0   ,                   0   ,            794   ,          0   ,                        7   ,                   0   ,                    0   ,               18.1   ,                   7.2   ,               3.9   ,                11.9   ,              4.3   ,               12.0   ,              9.2   ,               12.0   ,                         6.6   ,              16   ,        0.6500   ,               37.0   ,                  5854   ,
2026-08-20 18:12:52 ,         139.0   ,            101.3   ,               32.5   ,        46.5   ,               0   ,                   0   ,            794   ,          0   ,                        7   ,                   0   ,                    0   ,               17.9   ,                   7.7   ,               3.8   ,                11.9   ,              4.6   ,               12.0   ,              8.8   ,               12.0   ,                         6.5   ,              16   ,        0.6500   ,               37.0   ,                  5855   ,
2026-08-20 18:12:53 ,         139.0   ,            101.3   ,               32.4   ,        46.4   ,               0   ,                   0   ,            794   ,          0   ,                        7   ,                   0   ,                    0   ,               17.6   ,                   6.7   ,               4.0   ,                11.9   ,              4.0   ,               12.0   ,              8.9   ,               12.0   ,                         6.4   ,              16   ,        0.6500   ,               37.0   ,                  5855   ,
2026-08-20 18:12:54 ,         139.0   ,            101.3   ,               32.3   ,        46.3   ,               0   ,                   0   ,            794   ,          0   ,                        7   ,                   0   ,                    0   ,               18.3   ,                   7.5   ,               4.1   ,                11.9   ,              4.5   ,               12.0   ,              9.0   ,               12.0   ,                         6.6   ,              16   ,        0.6500   ,               37.0   ,                  5855   ,
2026-08-20 18:12:55 ,         139.0   ,            101.3   ,               32.3   ,        46.3   ,               0   ,                   0   ,            794   ,          0   ,                        7   ,                   0   ,                    0   ,               18.2   ,                   7.5   ,               4.0   ,                11.9   ,              4.5   ,               12.0   ,              9.0   ,               11.9   ,                         6.6   ,              16   ,        0.6500   ,               37.0   ,                  5855   ,
2026-08-20 18:12:56 ,         139.0   ,            101.3   ,               32.3   ,        46.3   ,               0   ,                   0   ,            794   ,          0   ,                        7   ,                   0   ,                    0   ,               18.0   ,                   7.2   ,               3.9   ,                11.9   ,              4.3   ,               12.0   ,              9.1   ,               12.0   ,                         6.5   ,              16   ,        0.6500   ,               36.0   ,                  5855   ,
2026-08-20 18:12:57 ,         139.0   ,            101.3   ,               32.3   ,        46.3   ,               0   ,                   0   ,            794   ,          0   ,                        7   ,                   0   ,                    0   ,               17.5   ,                   6.8   ,               3.8   ,                11.9   ,              4.1   ,               12.0   ,              8.9   ,               12.0   ,                         6.4   ,              16   ,        0.6500   ,               37.0   ,                  5855   ,
2026-08-20 18:12:58 ,         139.0   ,            101.3   ,               32.1   ,        46.1   ,               0   ,                   0   ,            794   ,          0   ,                        7   ,                   0   ,                    0   ,               17.9   ,                   7.3   ,               4.0   ,                11.9   ,              4.4   ,               12.0   ,              8.8   ,               12.0   ,                         6.5   ,              16   ,        0.6500   ,               36.0   ,                  5855   ,
2026-08-20 18:12:59 ,         139.0   ,            101.3   ,               32.1   ,        46.1   ,               0   ,                   0   ,            794   ,          0   ,                        7   ,                   0   ,                    0   ,               17.4   ,                   7.0   ,               3.8   ,                11.9   ,              4.2   ,               12.0   ,              8.7   ,               11.9   ,                         6.3   ,              16   ,        0.6500   ,               37.0   ,                  5854   ,
2026-08-20 18:13:00 ,         139.0   ,            101.3   ,               32.0   ,        46.0   ,               0   ,                   0   ,            794   ,          0   ,                        7   ,                   0   ,                    0   ,               18.0   ,                   7.5   ,               3.9   ,                11.9   ,              4.5   ,               12.0   ,              8.9   ,               12.0   ,                         6.5   ,              16   ,        0.6500   ,               37.0   ,                  5853   ,
2026-08-20 18:13:01 ,         139.0   ,            101.3   ,               31.9   ,        45.9   ,               0   ,                   0   ,            794   ,          0   ,                        7   ,                   0   ,                    0   ,               18.5   ,                   8.0   ,               4.0   ,                11.9   ,              4.8   ,               12.0   ,              9.0   ,               12.0   ,                         6.7   ,              16   ,        0.6500   ,               36.0   ,                  5852   ,
2026-08-20 18:13:02 ,         139.0   ,            101.3   ,               31.9   ,        45.9   ,               0   ,                   0   ,            794   ,          0   ,                        7   ,                   0   ,                    0   ,               17.8   ,                   7.0   ,               3.9   ,                11.9   ,              4.2   ,               12.0   ,              9.0   ,               12.0   ,                         6.5   ,              16   ,        0.6500   ,               37.0   ,                  5854   ,
2026-08-20 18:13:03 ,         139.0   ,            101.3   ,               31.8   ,        45.8   ,               0   ,                   0   ,            794   ,          0   ,                        7   ,                   0   ,                    0   ,               18.3   ,                   7.5   ,               4.0   ,                11.9   ,              4.5   ,               12.0   ,              9.1   ,               12.0   ,                         6.6   ,              16   ,        0.6500   ,               37.0   ,                  5852   ,
2026-08-20 18:13:04 ,         139.0   ,            101.3   ,               31.8   ,        45.8   ,               0   ,                   0   ,            794   ,          0   ,                        7   ,                   0   ,                    0   ,               18.4   ,                   7.7   ,               4.1   ,                11.9   ,              4.6   ,               12.0   ,              9.0   ,               12.0   ,                         6.7   ,              16   ,        0.6500   ,               37.0   ,                  5853   ,
2026-08-20 18:13:05 ,         139.0   ,            101.3   ,               31.7   ,        45.7   ,               0   ,                   0   ,            794   ,          0   ,                        7   ,                   0   ,                    0   ,               18.0   ,                   7.2   ,               4.1   ,                11.9   ,              4.3   ,               12.0   ,              8.9   ,               12.0   ,                         6.5   ,              16   ,        0.6500   ,               36.0   ,                  5853   ,
2026-08-20 18:13:06 ,         139.0   ,            101.3   ,               31.6   ,        45.6   ,               0   ,                   0   ,            794   ,          0   ,                        7   ,                   0   ,                    0   ,               17.3   ,                   6.5   ,               3.8   ,                11.9   ,              3.9   ,               12.0   ,              8.9   ,               12.0   ,                         6.3   ,              16   ,        0.6500   ,               36.0   ,                  5853   ,
2026-08-20 18:13:07 ,         139.0   ,            101.3   ,               31.6   ,        45.6   ,               0   ,                   0   ,            794   ,          0   ,                        7   ,                   0   ,                    0   ,               17.7   ,                   7.2   ,               3.9   ,                11.9   ,              4.3   ,               12.0   ,              8.8   ,               12.0   ,                         6.4   ,              16   ,        0.6500   ,               36.0   ,                  5853   ,
2026-08-20 18:13:08 ,         139.0   ,            101.3   ,               31.6   ,        45.6   ,               0   ,                   0   ,            794   ,          0   ,                        7   ,                   0   ,                    0   ,               17.9   ,                   7.2   ,               3.9   ,                11.9   ,              4.3   ,               12.0   ,              9.0   ,               12.0   ,                         6.5   ,              16   ,        0.6500   ,               37.0   ,                  5852   ,
2026-08-20 18:13:09 ,         139.0   ,            101.3   ,               31.5   ,        45.5   ,               0   ,                   0   ,            794   ,          0   ,                        7   ,                   0   ,                    0   ,               17.4   ,                   6.9   ,               3.8   ,                11.9   ,              4.1   ,               12.0   ,              8.8   ,               12.0   ,                         6.3   ,              16   ,        0.6500   ,               36.0   ,                  5851   ,
2026-08-20 18:13:10 ,         139.0   ,            101.3   ,               31.5   ,        45.5   ,               0   ,                   0   ,            794   ,          0   ,                        7   ,                   0   ,                    0   ,               18.0   ,                   7.3   ,               3.9   ,                11.9   ,              4.4   ,               12.0   ,              9.0   ,               11.9   ,                         6.5   ,              16   ,        0.6500   ,               37.0   ,                  5853   ,
2026-08-20 18:13:11 ,         139.0   ,            101.3   ,               31.5   ,        45.5   ,               0   ,                   0   ,            794   ,          0   ,                        7   ,                   0   ,                    0   ,               18.1   ,                   7.5   ,               4.0   ,                11.9   ,              4.5   ,               12.0   ,              8.9   ,               12.0   ,                         6.6   ,              16   ,        0.6500   ,               36.0   ,                  5850   ,
2026-08-20 18:13:12 ,         139.0   ,            101.3   ,               31.4   ,        45.4   ,               0   ,                   0   ,            794   ,          1   ,                        7   ,                   0   ,                    0   ,               18.1   ,                   7.5   ,               3.9   ,                11.9   ,              4.5   ,               12.0   ,              9.0   ,               12.0   ,                         6.6   ,              16   ,        0.6500   ,               36.0   ,                  5852   ,
2026-08-20 18:13:13 ,         139.0   ,            101.3   ,               31.4   ,        45.4   ,               0   ,                   0   ,            794   ,          1   ,                        7   ,                   0   ,                    0   ,               17.7   ,                   6.7   ,               4.1   ,                11.9   ,              4.0   ,               12.0   ,              8.9   ,               12.0   ,                         6.4   ,              16   ,        0.6500   ,               36.0   ,                  5852   ,
2026-08-20 18:13:14 ,         139.0   ,            101.3   ,               31.4   ,        45.4   ,               0   ,                   0   ,            794   ,          1   ,                        7   ,                   0   ,                    0   ,               17.8   ,                   7.0   ,               4.0   ,                11.9   ,              4.2   ,               12.0   ,              8.9   ,               12.0   ,                         6.5   ,              16   ,        0.6500   ,               36.0   ,                  5852   ,
2026-08-20 18:13:15 ,         139.0   ,            101.3   ,               31.3   ,        45.3   ,               0   ,                   0   ,            794   ,          1   ,                        7   ,                   0   ,                    0   ,               17.6   ,                   7.0   ,               3.8   ,                11.9   ,              4.2   ,               12.0   ,              8.9   ,               12.0   ,                         6.4   ,              16   ,        0.6500   ,               36.0   ,                  5850   ,
2026-08-20 18:13:16 ,         139.0   ,            101.3   ,               31.3   ,        45.3   ,               0   ,                   0   ,            794   ,          1   ,                        7   ,                   0   ,                    0   ,               17.9   ,                   7.2   ,               3.9   ,                11.9   ,              4.3   ,               12.0   ,              9.0   ,               12.0   ,                         6.5   ,              16   ,        0.6500   ,               37.0   ,                  5850   ,
2026-08-20 18:13:17 ,         139.0   ,            101.3   ,               31.2   ,        45.3   ,               0   ,                   0   ,            794   ,          1   ,                        7   ,                   0   ,                    0   ,               17.8   ,                   7.0   ,               4.0   ,                11.9   ,              4.2   ,               12.0   ,              8.9   ,               12.0   ,                         6.5   ,              16   ,        0.6500   ,               36.0   ,                  5848   ,
2026-08-20 18:13:18 ,         139.0   ,            101.3   ,               31.1   ,        45.1   ,               0   ,                   0   ,            794   ,          1   ,                        7   ,                   0   ,                    0   ,               17.8   ,                   7.0   ,               4.0   ,                11.9   ,              4.2   ,               12.0   ,              8.9   ,               12.0   ,                         6.5   ,              16   ,        0.6500   ,               36.0   ,                  5850   ,
2026-08-20 18:13:19 ,         139.0   ,            101.3   ,               31.1   ,        45.1   ,               0   ,                   0   ,            794   ,          1   ,                        7   ,                   0   ,                    0   ,               18.1   ,                   7.8   ,               3.9   ,                11.9   ,              4.7   ,               12.0   ,              8.8   ,               12.0   ,                         6.6   ,              16   ,        0.6500   ,               36.0   ,                  5851   ,
2026-08-20 18:13:20 ,         139.0   ,            101.3   ,               31.2   ,        45.2   ,               0   ,                   0   ,            794   ,          1   ,                        7   ,                   0   ,                    0   ,               18.1   ,                   7.7   ,               3.9   ,                11.9   ,              4.6   ,               12.0   ,              8.9   ,               12.0   ,                         6.6   ,              16   ,        0.6500   ,               37.0   ,                  5850   ,
2026-08-20 18:13:21 ,         139.0   ,            101.3   ,               31.0   ,        45.0   ,               0   ,                   0   ,            794   ,          0   ,                        7   ,                   0   ,                    0   ,               22.5   ,                   9.9   ,               5.2   ,                11.9   ,              5.9   ,               12.0   ,             10.6   ,               11.9   ,                         8.2   ,              16   ,        0.6500   ,               36.0   ,                  5847   ,
2026-08-20 18:13:22 ,         139.0   ,            101.3   ,               30.9   ,        44.9   ,               0   ,                   0   ,            794   ,          0   ,                        7   ,                   0   ,                    0   ,               22.4   ,                   9.9   ,               5.2   ,                11.9   ,              5.9   ,               12.0   ,             10.6   ,               12.0   ,                         8.1   ,              16   ,        0.6500   ,               36.0   ,                  5851   ,
2026-08-20 18:13:23 ,         139.0   ,            101.3   ,               30.8   ,        44.8   ,               0   ,                   0   ,            794   ,          0   ,                        7   ,                   0   ,                    0   ,               18.7   ,                   8.1   ,               4.1   ,                11.9   ,              4.9   ,               12.0   ,              9.1   ,               12.0   ,                         8.1   ,              16   ,        0.6500   ,               37.0   ,                  5849   ,
2026-08-20 18:13:24 ,         139.0   ,            101.3   ,               30.9   ,        44.9   ,               0   ,                   0   ,            794   ,          0   ,                        7   ,                   0   ,                    0   ,               18.0   ,                   7.3   ,               3.9   ,                11.9   ,              4.4   ,               12.0   ,              9.0   ,               12.0   ,                         6.5   ,              16   ,        0.6500   ,               36.0   ,                  5851   ,
2026-08-20 18:13:25 ,         139.0   ,            101.3   ,               30.9   ,        44.9   ,               0   ,                   0   ,            794   ,          0   ,                        7   ,                   0   ,                    0   ,               18.3   ,                   7.5   ,               4.1   ,                11.9   ,              4.5   ,               12.0   ,              9.0   ,               12.0   ,                         6.6   ,              16   ,        0.6500   ,               36.0   ,                  5851   ,
2026-08-20 18:13:26 ,         139.0   ,            101.3   ,               30.8   ,        44.8   ,               0   ,                   0   ,            794   ,          0   ,                        7   ,                   0   ,                    0   ,               17.7   ,                   7.2   ,               3.9   ,                11.9   ,              4.3   ,               12.0   ,              8.8   ,               12.0   ,                         6.4   ,              16   ,        0.6500   ,               36.0   ,                  5851   ,
2026-08-20 18:13:27 ,         139.0   ,            101.3   ,               30.7   ,        44.7   ,               0   ,                   0   ,            794   ,          0   ,                        7   ,                   0   ,                    0   ,               18.1   ,                   7.8   ,               3.8   ,                11.9   ,              4.7   ,               12.0   ,              8.9   ,               12.0   ,                         6.6   ,              16   ,        0.6500   ,               36.0   ,                  5851   ,
2026-08-20 18:13:28 ,         139.0   ,            101.3   ,               30.8   ,        44.8   ,               0   ,                   0   ,            794   ,          0   ,                        7   ,                   0   ,                    0   ,               18.2   ,                   7.8   ,               3.8   ,                11.9   ,              4.7   ,               12.0   ,              9.0   ,               12.0   ,                         6.6   ,              16   ,        0.6500   ,               36.0   ,                  5851   ,
2026-08-20 18:13:29 ,         139.0   ,            101.3   ,               30.8   ,        44.8   ,               0   ,                   0   ,            794   ,          0   ,                        7   ,                   0   ,                    0   ,               18.0   ,                   7.7   ,               3.8   ,                11.9   ,              4.6   ,               12.0   ,              8.9   ,               12.0   ,                         6.5   ,              16   ,        0.6500   ,               37.0   ,                  5851   ,
2026-08-20 18:13:30 ,         139.0   ,            101.3   ,               30.7   ,        44.7   ,               0   ,                   0   ,            794   ,          0   ,                        7   ,                   0   ,                    0   ,               17.6   ,                   7.0   ,               3.9   ,                11.9   ,              4.2   ,               12.0   ,              8.8   ,               12.0   ,                         6.4   ,              16   ,        0.6500   ,               37.0   ,                  5851   ,
2026-08-20 18:13:31 ,         139.0   ,            101.3   ,               30.7   ,        44.7   ,               0   ,                   0   ,            794   ,          0   ,                        7   ,                   0   ,                    0   ,               18.2   ,                   7.3   ,               3.9   ,                11.9   ,              4.4   ,               12.0   ,              9.2   ,               12.0   ,                         6.6   ,              16   ,        0.6500   ,               36.0   ,                  5848   ,
2026-08-20 18:13:32 ,         139.0   ,            101.3   ,               30.6   ,        44.6   ,               0   ,                   0   ,            794   ,          0   ,                        7   ,                   0   ,                    0   ,               17.8   ,                   7.0   ,               3.9   ,                11.9   ,              4.2   ,               12.0   ,              9.0   ,               12.0   ,                         6.5   ,              16   ,        0.6500   ,               37.0   ,                  5848   ,
2026-08-20 18:13:33 ,         139.0   ,            101.3   ,               30.6   ,        44.6   ,               0   ,                   0   ,            794   ,          0   ,                        7   ,                   0   ,                    0   ,               17.1   ,                   6.4   ,               3.9   ,                11.9   ,              3.8   ,               12.0   ,              8.7   ,               12.0   ,                         6.2   ,              16   ,        0.6500   ,               36.0   ,                  5846   ,
2026-08-20 18:13:34 ,         139.0   ,            101.3   ,               30.4   ,        44.4   ,               0   ,                   0   ,            794   ,          0   ,                        7   ,                   0   ,                    0   ,               17.9   ,                   7.7   ,               3.8   ,                11.9   ,              4.6   ,               12.0   ,              8.8   ,               12.0   ,                         6.5   ,              16   ,        0.6500   ,               36.0   ,                  5842   ,
2026-08-20 18:13:35 ,         139.0   ,            101.3   ,               30.6   ,        44.6   ,               0   ,                   0   ,            794   ,          0   ,                        7   ,                   0   ,                    0   ,               18.2   ,                   7.5   ,               4.0   ,                11.9   ,              4.5   ,               12.0   ,              9.0   ,               12.0   ,                         6.6   ,              16   ,        0.6500   ,               36.0   ,                  5843   ,
2026-08-20 18:13:36 ,         139.0   ,            101.3   ,               30.3   ,        44.3   ,               0   ,                   0   ,            794   ,          0   ,                        7   ,                   0   ,                    0   ,               17.6   ,                   7.2   ,               3.8   ,                11.9   ,              4.3   ,               12.0   ,              8.8   ,               12.0   ,                         6.4   ,              16   ,        0.6500   ,               36.0   ,                  5843   ,
2026-08-20 18:13:37 ,         139.0   ,            101.3   ,               30.5   ,        44.5   ,               0   ,                   0   ,            794   ,          0   ,                        7   ,                   0   ,                    0   ,               17.5   ,                   6.7   ,               3.8   ,                11.9   ,              4.0   ,               12.0   ,              9.0   ,               12.0   ,                         6.4   ,              16   ,        0.6500   ,               37.0   ,                  5843   ,
2026-08-20 18:13:38 ,         139.0   ,            101.3   ,               30.4   ,        44.4   ,               0   ,                   0   ,            794   ,          0   ,                        7   ,                   0   ,                    0   ,               18.4   ,                   7.8   ,               4.0   ,                11.9   ,              4.7   ,               12.0   ,              9.0   ,               12.0   ,                         6.7   ,              16   ,        0.6500   ,               36.0   ,                  5842   ,
2026-08-20 18:13:39 ,         139.0   ,            101.3   ,               30.4   ,        44.4   ,               0   ,                   0   ,            794   ,          0   ,                        7   ,                   0   ,                    0   ,               18.3   ,                   7.7   ,               4.0   ,                11.9   ,              4.6   ,               12.0   ,              9.0   ,               11.9   ,                         6.6   ,              16   ,        0.6500   ,               37.0   ,                  5842   ,
2026-08-20 18:13:40 ,         139.0   ,            101.3   ,               30.5   ,        44.5   ,               0   ,                   0   ,            794   ,          0   ,                        7   ,                   0   ,                    0   ,               18.0   ,                   7.2   ,               4.1   ,                11.9   ,              4.3   ,               12.0   ,              8.9   ,               12.0   ,                         6.5   ,              16   ,        0.6500   ,               36.0   ,                  5842   ,
2026-08-20 18:13:41 ,         139.0   ,            101.3   ,               30.3   ,        44.3   ,               0   ,                   0   ,            794   ,          0   ,                        7   ,                   0   ,                    0   ,               17.8   ,                   7.3   ,               3.9   ,                11.9   ,              4.4   ,               12.0   ,              8.8   ,               12.0   ,                         6.5   ,              16   ,        0.6500   ,               36.0   ,                  5842   ,
2026-08-20 18:13:42 ,         139.0   ,            101.3   ,               30.3   ,        44.3   ,               0   ,                   0   ,            794   ,          0   ,                        7   ,                   0   ,                    0   ,               17.2   ,                   6.5   ,               3.8   ,                11.9   ,              3.9   ,               12.0   ,              8.8   ,               12.0   ,                         6.3   ,              16   ,        0.6500   ,               36.0   ,                  5842   ,
2026-08-20 18:13:43 ,         139.0   ,            101.3   ,               30.2   ,        44.2   ,               0   ,                   0   ,            794   ,          0   ,                        7   ,                   0   ,                    0   ,               17.6   ,                   6.8   ,               4.0   ,                11.9   ,              4.1   ,               12.0   ,              8.8   ,               12.0   ,                         6.4   ,              16   ,        0.6500   ,               37.0   ,                  5842   ,
2026-08-20 18:13:44 ,         139.0   ,            101.3   ,               30.1   ,        44.1   ,               0   ,                   0   ,            794   ,          0   ,                        7   ,                   0   ,                    0   ,               17.7   ,                   7.2   ,               3.8   ,                11.9   ,              4.3   ,               12.0   ,              8.9   ,               12.0   ,                         6.4   ,              16   ,        0.6500   ,               36.0   ,                  5805   ,
2026-08-20 18:13:45 ,         139.0   ,            101.3   ,               30.2   ,        44.2   ,               0   ,                   0   ,            794   ,          0   ,                        7   ,                   0   ,                    0   ,               17.7   ,                   7.2   ,               3.8   ,                11.9   ,              4.3   ,               12.0   ,              8.9   ,               12.0   ,                         6.4   ,              16   ,        0.6500   ,               36.0   ,                  5806   ,
2026-08-20 18:13:46 ,         139.0   ,            101.3   ,               30.2   ,        44.2   ,               0   ,                   0   ,            794   ,          0   ,                        7   ,                   0   ,                    0   ,               17.5   ,                   7.2   ,               3.7   ,                11.9   ,              4.3   ,               12.0   ,              8.8   ,               12.0   ,                         6.4   ,              16   ,        0.6500   ,               36.0   ,                  5805   ,
2026-08-20 18:13:47 ,         139.0   ,            101.3   ,               30.0   ,        44.0   ,               0   ,                   0   ,            794   ,          0   ,                        7   ,                   0   ,                    0   ,               17.7   ,                   7.0   ,               3.8   ,                11.9   ,              4.2   ,               12.0   ,              9.0   ,               12.0   ,                         6.4   ,              16   ,        0.6500   ,               36.0   ,                  5805   ,
2026-08-20 18:13:48 ,         139.0   ,            101.3   ,               30.2   ,        44.2   ,               0   ,                   0   ,            794   ,          0   ,                        7   ,                   0   ,                    0   ,               17.7   ,                   7.0   ,               3.8   ,                11.9   ,              4.2   ,               12.0   ,              9.0   ,               12.0   ,                         6.4   ,              16   ,        0.6500   ,               36.0   ,                  5805   ,
2026-08-20 18:13:49 ,         139.0   ,            101.3   ,               30.1   ,        44.1   ,               0   ,                   0   ,            794   ,          0   ,                        7   ,                   0   ,                    0   ,               18.2   ,                   7.7   ,               3.9   ,                11.9   ,              4.6   ,               12.0   ,              9.0   ,               12.0   ,                         6.6   ,              16   ,        0.6500   ,               37.0   ,                  5806   ,
2026-08-20 18:13:50 ,         139.0   ,            101.3   ,               30.0   ,        44.0   ,               0   ,                   0   ,            794   ,          0   ,                        7   ,                   0   ,                    0   ,               17.4   ,                   6.9   ,               3.8   ,                11.9   ,              4.1   ,               12.0   ,              8.8   ,               12.0   ,                         6.3   ,              16   ,        0.6500   ,               36.0   ,                  5805   ,
2026-08-20 18:13:51 ,         139.0   ,            101.3   ,               30.0   ,        44.0   ,               0   ,                   0   ,            794   ,          0   ,                        7   ,                   0   ,                    0   ,               17.7   ,                   6.9   ,               4.0   ,                11.9   ,              4.1   ,               12.0   ,              8.9   ,               12.0   ,                         6.4   ,              16   ,        0.6500   ,               36.0   ,                  5805   ,
2026-08-20 18:13:52 ,         139.0   ,            101.3   ,               29.8   ,        43.8   ,               0   ,                   0   ,            794   ,          0   ,                        7   ,                   0   ,                    0   ,               17.3   ,                   6.7   ,               3.8   ,                11.9   ,              4.0   ,               12.0   ,              8.8   ,               12.0   ,                         6.3   ,              16   ,        0.6500   ,               36.0   ,                  5805   ,
2026-08-20 18:13:53 ,         139.0   ,            101.3   ,               29.9   ,        43.9   ,               0   ,                   0   ,            794   ,          0   ,                        7   ,                   0   ,                    0   ,               17.6   ,                   7.3   ,               3.8   ,                11.9   ,              4.4   ,               12.0   ,              8.7   ,               12.0   ,                         6.4   ,              16   ,        0.6500   ,               36.0   ,                  5805   ,
2026-08-20 18:13:54 ,         139.0   ,            101.3   ,               29.9   ,        43.9   ,               0   ,                   0   ,            794   ,          0   ,                        7   ,                   0   ,                    0   ,               18.2   ,                   7.7   ,               4.0   ,                11.9   ,              4.6   ,               12.0   ,              8.9   ,               12.0   ,                         6.6   ,              16   ,        0.6500   ,               36.0   ,                  5801   ,
2026-08-20 18:13:55 ,         139.0   ,            101.3   ,               29.9   ,        43.9   ,               0   ,                   0   ,            794   ,          0   ,                        7   ,                   0   ,                    0   ,               17.7   ,                   7.3   ,               3.8   ,                11.9   ,              4.4   ,               12.0   ,              8.8   ,               12.0   ,                         6.4   ,              16   ,        0.6500   ,               36.0   ,                  5802   ,
2026-08-20 18:13:56 ,         139.0   ,            101.3   ,               29.8   ,        43.8   ,               0   ,                   0   ,            794   ,          0   ,                        7   ,                   0   ,                    0   ,               17.9   ,                   7.7   ,               3.9   ,                11.9   ,              4.6   ,               12.0   ,              8.7   ,               12.0   ,                         6.5   ,              16   ,        0.6500   ,               36.0   ,                  5802   ,
2026-08-20 18:13:57 ,         139.0   ,            101.3   ,               29.9   ,        43.9   ,               0   ,                   0   ,            794   ,          0   ,                        7   ,                   0   ,                    0   ,               18.3   ,                   7.3   ,               4.1   ,                11.9   ,              4.4   ,               12.0   ,              9.1   ,               12.0   ,                         6.6   ,              16   ,        0.6500   ,               36.0   ,                  5803   ,
2026-08-20 18:13:58 ,         139.0   ,            101.3   ,               29.8   ,        43.8   ,               0   ,                   0   ,            794   ,          1   ,                        7   ,                   0   ,                    0   ,               17.1   ,                   6.5   ,               3.8   ,                11.9   ,              3.9   ,               12.0   ,              8.7   ,               12.0   ,                         6.2   ,              16   ,        0.6500   ,               36.0   ,                  5801   ,
2026-08-20 18:13:59 ,         139.0   ,            101.3   ,               29.8   ,        43.8   ,               0   ,                   0   ,            794   ,          1   ,                        7   ,                   0   ,                    0   ,               17.8   ,                   7.2   ,               3.9   ,                11.9   ,              4.3   ,               12.0   ,              8.9   ,               12.0   ,                         6.5   ,              16   ,        0.6500   ,               36.0   ,                  5802   ,
2026-08-20 18:14:00 ,         139.0   ,            101.3   ,               29.7   ,        43.7   ,               0   ,                   0   ,            803   ,          1   ,                        7   ,                   0   ,                    0   ,               17.4   ,                   6.7   ,               4.0   ,                11.9   ,              4.0   ,               12.0   ,              8.7   ,               12.0   ,                         6.3   ,              16   ,        0.6500   ,               37.0   ,                  5814   ,
2026-08-20 18:14:01 ,        1569.0   ,           1377.0   ,               30.1   ,        44.1   ,               0   ,                   0   ,            802   ,         21   ,                        2   ,                   0   ,                    0   ,               66.9   ,                  23.1   ,              20.8   ,                11.9   ,             13.9   ,               11.9   ,             31.6   ,               11.9   ,                        24.3   ,              16   ,        0.8120   ,               52.0   ,                  6157   ,
2026-08-20 18:14:02 ,        1569.0   ,           1377.0   ,               30.4   ,        44.4   ,               0   ,                   0   ,            815   ,          1   ,                        1   ,                   0   ,                    0   ,               66.9   ,                  23.1   ,              20.8   ,                11.9   ,             13.9   ,               11.9   ,             31.6   ,               11.9   ,                        24.3   ,              16   ,        0.8120   ,               51.0   ,                  6309   ,
2026-08-20 18:14:03 ,        1569.0   ,           1377.0   ,               30.6   ,        44.6   ,               0   ,                   0   ,            822   ,          0   ,                        0   ,                   0   ,                    0   ,               66.7   ,                  22.9   ,              20.7   ,                11.9   ,             13.8   ,               12.0   ,             31.5   ,               11.9   ,                        24.2   ,              16   ,        0.8120   ,               53.0   ,                  6342   ,
2026-08-20 18:14:04 ,        1569.0   ,           1377.0   ,               30.5   ,        44.5   ,               0   ,                   0   ,            818   ,          1   ,                        1   ,                   0   ,                    0   ,               66.9   ,                  22.9   ,              20.8   ,                11.9   ,             13.8   ,               11.9   ,             31.6   ,               11.9   ,                        24.3   ,              16   ,        0.8120   ,               50.0   ,                  6384   ,
2026-08-20 18:14:05 ,        1569.0   ,           1377.0   ,               30.6   ,        44.6   ,               0   ,                   0   ,            822   ,          1   ,                        1   ,                   0   ,                    0   ,               66.3   ,                  23.4   ,              20.7   ,                11.9   ,             14.0   ,               11.9   ,             31.4   ,               11.9   ,                        24.3   ,              16   ,        0.8120   ,               52.0   ,                  6458   ,
2026-08-20 18:14:06 ,        1569.0   ,           1377.0   ,               30.8   ,        44.8   ,               0   ,                   0   ,            825   ,          2   ,                        1   ,                   0   ,                    0   ,               66.3   ,                  23.1   ,              20.7   ,                11.9   ,             13.9   ,               12.0   ,             31.5   ,               11.9   ,                        24.3   ,              16   ,        0.8120   ,               48.0   ,                  6544   ,
2026-08-20 18:14:07 ,        1569.0   ,           1377.0   ,               30.8   ,        44.8   ,               0   ,                   0   ,            828   ,          0   ,                        0   ,                   0   ,                    0   ,               66.7   ,                  22.9   ,              20.7   ,                11.9   ,             13.8   ,               11.9   ,             31.5   ,               11.9   ,                        24.2   ,              16   ,        0.8120   ,               40.0   ,                  6588   ,
2026-08-20 18:14:08 ,        1506.0   ,           1377.0   ,               30.7   ,        44.7   ,               0   ,                   0   ,            828   ,          0   ,                        0   ,                   0   ,                    0   ,               64.9   ,                  21.3   ,              20.7   ,                11.9   ,             12.8   ,               11.9   ,             30.6   ,               11.9   ,                        23.6   ,              16   ,        0.7810   ,               39.0   ,                  6610   ,
2026-08-20 18:14:09 ,        1506.0   ,           1377.0   ,               30.8   ,        44.8   ,               0   ,                   0   ,            805   ,          3   ,                        1   ,                   0   ,                    0   ,               65.1   ,                  21.7   ,              20.7   ,                11.9   ,             13.0   ,               12.0   ,             30.6   ,               11.9   ,                        23.7   ,              16   ,        0.7810   ,               40.0   ,                  6598   ,
2026-08-20 18:14:10 ,        1215.0   ,           1251.5   ,               30.7   ,        44.7   ,               0   ,                   0   ,            828   ,          1   ,                        1   ,                   0   ,                    0   ,               58.3   ,                  17.4   ,              19.5   ,                11.9   ,             10.4   ,               11.9   ,             27.7   ,               11.9   ,                        21.2   ,              16   ,        0.7180   ,               51.0   ,                  6618   ,
2026-08-20 18:14:11 ,        1215.0   ,           1251.5   ,               30.8   ,        44.8   ,               0   ,                   0   ,            829   ,          0   ,                        1   ,                   0   ,                    0   ,               58.4   ,                  17.7   ,              19.5   ,                11.9   ,             10.6   ,               12.0   ,             27.6   ,               11.9   ,                        21.2   ,              16   ,        0.7180   ,               59.0   ,                  6632   ,
2026-08-20 18:14:12 ,        1215.0   ,           1251.5   ,               30.8   ,        44.8   ,               0   ,                   0   ,            825   ,          0   ,                        1   ,                   0   ,                    0   ,               58.7   ,                  16.7   ,              19.5   ,                11.9   ,             10.0   ,               12.0   ,             27.6   ,               11.9   ,                        21.0   ,              16   ,        0.7180   ,               53.0   ,                  6685   ,
2026-08-20 18:14:13 ,         734.0   ,            202.5   ,               30.5   ,        44.5   ,               0   ,                   0   ,            839   ,          0   ,                        3   ,                   0   ,                    0   ,               21.8   ,                  10.8   ,               4.8   ,                11.9   ,              6.5   ,               12.0   ,              9.8   ,               12.0   ,                         7.9   ,              16   ,        0.6500   ,               54.0   ,                  6709   ,
2026-08-20 18:14:14 ,         734.0   ,            202.5   ,               30.3   ,        44.3   ,               0   ,                   0   ,            874   ,          0   ,                        4   ,                   0   ,                    0   ,               25.6   ,                  11.3   ,               6.2   ,                11.9   ,              6.8   ,               12.0   ,             12.0   ,               12.0   ,                         9.5   ,              16   ,        0.6500   ,               55.0   ,                  6762   ,
2026-08-20 18:14:15 ,         734.0   ,            202.5   ,               30.3   ,        44.3   ,               0   ,                   0   ,            862   ,          1   ,                        4   ,                   0   ,                    0   ,               22.1   ,                  10.5   ,               4.8   ,                11.9   ,              6.3   ,               12.0   ,             10.3   ,               11.9   ,                         8.0   ,              16   ,        0.6500   ,               37.0   ,                  6782   ,
2026-08-20 18:14:16 ,         253.0   ,            101.3   ,               30.3   ,        44.3   ,               0   ,                   0   ,            833   ,          1   ,                        7   ,                   0   ,                    0   ,               18.1   ,                   7.5   ,               3.9   ,                11.9   ,              4.5   ,               12.0   ,              9.0   ,               12.0   ,                         6.6   ,              16   ,        0.6500   ,               37.0   ,                  6784   ,
2026-08-20 18:14:17 ,         253.0   ,            101.3   ,               30.0   ,        44.0   ,               0   ,                   0   ,            829   ,          1   ,                        7   ,                   0   ,                    0   ,               17.9   ,                   7.3   ,               3.9   ,                11.9   ,              4.4   ,               12.0   ,              8.9   ,               12.0   ,                         6.5   ,              16   ,        0.6500   ,               36.0   ,                  6783   ,
2026-08-20 18:14:18 ,         139.0   ,            101.3   ,               30.1   ,        44.0   ,               0   ,                   0   ,            828   ,          1   ,                        7   ,                   0   ,                    0   ,               17.5   ,                   7.0   ,               3.9   ,                11.9   ,              4.2   ,               12.0   ,              8.7   ,               12.0   ,                         6.4   ,              16   ,        0.6500   ,               36.0   ,                  6778   ,
2026-08-20 18:14:19 ,         139.0   ,            101.3   ,               30.0   ,        44.0   ,               0   ,                   0   ,            823   ,          0   ,                        7   ,                   0   ,                    0   ,               17.7   ,                   7.5   ,               3.7   ,                11.9   ,              4.5   ,               12.0   ,              8.8   ,               12.0   ,                         6.4   ,              16   ,        0.6500   ,               37.0   ,                  6777   ,
2026-08-20 18:14:20 ,         139.0   ,            101.3   ,               30.1   ,        44.1   ,               0   ,                   0   ,            809   ,          1   ,                        7   ,                   0   ,                    0   ,               17.4   ,                   6.7   ,               3.7   ,                11.9   ,              4.0   ,               12.0   ,              9.0   ,               12.0   ,                         6.3   ,              16   ,        0.6500   ,               36.0   ,                  6746   ,
2026-08-20 18:14:21 ,         139.0   ,            101.3   ,               30.1   ,        44.1   ,               0   ,                   0   ,            809   ,          2   ,                        7   ,                   0   ,                    0   ,               17.9   ,                   7.5   ,               3.8   ,                11.9   ,              4.5   ,               12.0   ,              8.9   ,               12.0   ,                         6.5   ,              16   ,        0.6500   ,               37.0   ,                  6744   ,
2026-08-20 18:14:22 ,         139.0   ,            101.3   ,               30.0   ,        44.0   ,               0   ,                   0   ,            809   ,          0   ,                        7   ,                   0   ,                    0   ,               17.4   ,                   7.0   ,               3.8   ,                11.9   ,              4.2   ,               12.0   ,              8.7   ,               12.0   ,                         6.3   ,              16   ,        0.6500   ,               36.0   ,                  6747   ,
2026-08-20 18:14:23 ,         139.0   ,            101.3   ,               29.9   ,        43.9   ,               0   ,                   0   ,            809   ,          2   ,                        8   ,                   0   ,                    0   ,               18.9   ,                   8.0   ,               4.3   ,                11.9   ,              4.8   ,               12.0   ,              9.2   ,               12.0   ,                         6.9   ,              16   ,        0.6500   ,               37.0   ,                  6745   ,
2026-08-20 18:14:24 ,         139.0   ,            101.3   ,               29.9   ,        43.9   ,               0   ,                   0   ,            809   ,          1   ,                        7   ,                   0   ,                    0   ,               17.8   ,                   7.3   ,               3.9   ,                11.9   ,              4.4   ,               12.0   ,              8.8   ,               12.0   ,                         6.5   ,              16   ,        0.6500   ,               36.0   ,                  6741   ,
2026-08-20 18:14:25 ,         139.0   ,            101.3   ,               29.9   ,        43.9   ,               0   ,                   0   ,            809   ,          2   ,                        8   ,                   0   ,                    0   ,               17.6   ,                   7.2   ,               3.9   ,                11.9   ,              4.3   ,               12.0   ,              8.7   ,               12.0   ,                         6.4   ,              16   ,        0.6500   ,               36.0   ,                  6748   ,
2026-08-20 18:14:26 ,         139.0   ,            101.3   ,               29.8   ,        43.8   ,               0   ,                   0   ,            809   ,          1   ,                        7   ,                   0   ,                    0   ,               18.4   ,                   7.7   ,               3.9   ,                11.9   ,              4.6   ,               12.0   ,              9.2   ,               12.0   ,                         6.7   ,              16   ,        0.6500   ,               40.0   ,                  6747   ,
2026-08-20 18:14:27 ,         139.0   ,            101.3   ,               29.7   ,        43.7   ,               0   ,                   0   ,            809   ,          0   ,                        7   ,                   0   ,                    0   ,               20.7   ,                   8.8   ,               4.7   ,                11.9   ,              5.3   ,               12.0   ,             10.0   ,               12.0   ,                         7.5   ,              16   ,        0.6500   ,               36.0   ,                  6750   ,
2026-08-20 18:14:28 ,         139.0   ,            101.3   ,               29.7   ,        43.7   ,               0   ,                   0   ,            809   ,          1   ,                        7   ,                   0   ,                    0   ,               22.3   ,                   9.6   ,               5.2   ,                11.9   ,              5.7   ,               12.0   ,             10.7   ,               12.0   ,                         8.1   ,              16   ,        0.6500   ,               36.0   ,                  6744   ,
2026-08-20 18:14:29 ,         139.0   ,            101.3   ,               29.7   ,        43.7   ,               0   ,                   0   ,            809   ,          2   ,                        7   ,                   0   ,                    0   ,               18.9   ,                   7.7   ,               4.4   ,                11.9   ,              4.6   ,               12.0   ,              9.3   ,               12.0   ,                         6.9   ,              16   ,        0.6500   ,               41.0   ,                  6748   ,
2026-08-20 18:14:30 ,         139.0   ,            101.3   ,               29.7   ,        43.7   ,               0   ,                   0   ,            885   ,         17   ,                       15   ,                   0   ,                    0   ,               17.7   ,                  10.5   ,               5.1   ,                11.9   ,              6.3   ,               12.0   ,             10.7   ,               11.9   ,                         8.3   ,              16   ,        0.6500   ,               42.0   ,                  6747   ,
2026-08-20 18:14:31 ,         139.0   ,            101.3   ,               29.6   ,        43.6   ,               0   ,                   0   ,            882   ,          1   ,                        7   ,                   0   ,                    0   ,               17.9   ,                   7.3   ,               3.8   ,                11.9   ,              4.4   ,               12.0   ,              9.0   ,               12.0   ,                         6.5   ,              16   ,        0.6500   ,               36.0   ,                  6677   ,
2026-08-20 18:14:32 ,         139.0   ,            101.3   ,               29.5   ,        43.5   ,               0   ,                   0   ,            867   ,          2   ,                        8   ,                   0   ,                    0   ,               17.8   ,                   7.2   ,               3.9   ,                11.9   ,              4.3   ,               12.0   ,              8.9   ,               12.0   ,                         6.5   ,              16   ,        0.6500   ,               36.0   ,                  6672   ,
2026-08-20 18:14:33 ,         139.0   ,            101.3   ,               29.7   ,        43.7   ,               0   ,                   0   ,            815   ,          1   ,                        7   ,                   0   ,                    0   ,               18.2   ,                   7.3   ,               4.1   ,                11.9   ,              4.4   ,               12.0   ,              9.0   ,               12.0   ,                         6.6   ,              16   ,        0.6500   ,               36.0   ,                  6476   ,
2026-08-20 18:14:34 ,         139.0   ,            101.3   ,               29.7   ,        43.7   ,               0   ,                   0   ,            882   ,          1   ,                        8   ,                   0   ,                    0   ,               18.4   ,                   8.0   ,               3.9   ,                11.9   ,              4.8   ,               12.0   ,             10.8   ,               12.0   ,                         8.1   ,              16   ,        0.6500   ,               45.0   ,                  6468   ,
2026-08-20 18:14:35 ,         139.0   ,            101.3   ,               29.5   ,        43.5   ,               0   ,                   0   ,            877   ,          0   ,                        7   ,                   0   ,                    0   ,               17.3   ,                   6.8   ,               3.8   ,                11.9   ,              4.1   ,               12.0   ,              8.7   ,               12.0   ,                         6.3   ,              16   ,        0.6500   ,               36.0   ,                  6475   ,
2026-08-20 18:14:36 ,         139.0   ,            101.3   ,               29.7   ,        43.7   ,               0   ,                   0   ,            863   ,          1   ,                        7   ,                   0   ,                    0   ,               17.4   ,                   6.7   ,               3.9   ,                11.9   ,              4.0   ,               12.0   ,              8.8   ,               12.0   ,                         6.3   ,              16   ,        0.6500   ,               36.0   ,                  6477   ,
2026-08-20 18:14:37 ,         139.0   ,            101.3   ,               29.6   ,        43.6   ,               0   ,                   0   ,            812   ,          0   ,                        7   ,                   0   ,                    0   ,               17.3   ,                   6.8   ,               3.8   ,                11.9   ,              4.1   ,               12.0   ,              8.7   ,               12.0   ,                         6.3   ,              16   ,        0.6500   ,               48.0   ,                  6477   ,
2026-08-20 18:14:38 ,         139.0   ,            101.3   ,               29.5   ,        43.5   ,               0   ,                   0   ,            893   ,          1   ,                        7   ,                   0   ,                    0   ,               18.0   ,                   7.3   ,               4.0   ,                11.9   ,              4.4   ,               12.0   ,              8.9   ,               12.0   ,                         6.5   ,              16   ,        0.6500   ,               39.0   ,                  6529   ,
2026-08-20 18:14:39 ,        1177.0   ,            202.5   ,               29.4   ,        43.4   ,               0   ,                   0   ,            894   ,         52   ,                       27   ,                   0   ,                    2   ,               28.5   ,                  13.5   ,               6.4   ,                11.9   ,              8.1   ,               12.0   ,             13.3   ,               11.9   ,                        10.4   ,              16   ,        0.7120   ,               46.0   ,                  6522   ,
2026-08-20 18:14:40 ,        1177.0   ,            202.5   ,               29.4   ,        43.4   ,               0   ,                   0   ,            891   ,          3   ,                        4   ,                   0   ,                    0   ,               27.2   ,                  13.1   ,               5.9   ,                11.9   ,              7.8   ,               11.9   ,             12.8   ,               11.9   ,                         9.9   ,              16   ,        0.7120   ,               37.0   ,                  6480   ,
2026-08-20 18:14:41 ,        1177.0   ,            202.5   ,               29.5   ,        43.5   ,               0   ,                   0   ,            877   ,          4   ,                        4   ,                   0   ,                    0   ,               26.0   ,                  12.6   ,               5.5   ,                11.9   ,              7.6   ,               12.0   ,             13.1   ,               11.9   ,                        10.2   ,              16   ,        0.7120   ,               52.0   ,                  6511   ,
2026-08-20 18:14:42 ,        1177.0   ,            202.5   ,               29.4   ,        43.4   ,               0   ,                   0   ,            855   ,          0   ,                        3   ,                   0   ,                    0   ,               22.9   ,                  11.5   ,               4.6   ,                11.9   ,              6.9   ,               12.0   ,             10.8   ,               12.0   ,                         8.3   ,              16   ,        0.7120   ,               52.0   ,                  6549   ,
2026-08-20 18:14:43 ,        1177.0   ,            202.5   ,               29.5   ,        43.5   ,               0   ,                   0   ,            851   ,          2   ,                        4   ,                   0   ,                    0   ,               26.8   ,                  13.2   ,               5.7   ,                11.9   ,              7.9   ,               12.0   ,             12.4   ,               12.0   ,                        10.4   ,              16   ,        0.7120   ,               54.0   ,                  6606   ,
2026-08-20 18:14:44 ,        1177.0   ,            202.5   ,               29.4   ,        43.4   ,               0   ,                   0   ,            848   ,          0   ,                        3   ,                   0   ,                    0   ,               23.1   ,                  12.0   ,               4.7   ,                11.9   ,              7.2   ,               12.0   ,             10.6   ,               12.0   ,                         9.8   ,              16   ,        0.7120   ,               48.0   ,                  6585   ,
2026-08-20 18:14:45 ,        1177.0   ,            202.5   ,               29.4   ,        43.4   ,               0   ,                   0   ,            828   ,          0   ,                        4   ,                   0   ,                    0   ,               23.5   ,                  12.3   ,               4.6   ,                11.9   ,              7.4   ,               12.0   ,             10.9   ,               11.9   ,                         8.6   ,              16   ,        0.7120   ,               52.0   ,                  6600   ,
2026-08-20 18:14:46 ,        1177.0   ,            202.5   ,               29.3   ,        43.3   ,               0   ,                   0   ,            846   ,          0   ,                        3   ,                   0   ,                    0   ,               22.8   ,                  11.5   ,               4.5   ,                11.9   ,              6.9   ,               12.0   ,             10.7   ,               12.0   ,                         8.3   ,              16   ,        0.7120   ,               37.0   ,                  6596   ,
2026-08-20 18:14:47 ,        1177.0   ,            202.5   ,               29.4   ,        43.4   ,               0   ,                   0   ,            856   ,          8   ,                        7   ,                   0   ,                    0   ,               27.5   ,                  13.5   ,               6.0   ,                11.9   ,              8.1   ,               12.0   ,             12.7   ,               11.9   ,                        10.0   ,              16   ,        0.7120   ,               51.0   ,                  6599   ,
2026-08-20 18:14:48 ,        1177.0   ,            202.5   ,               29.3   ,        43.3   ,               0   ,                   0   ,            856   ,          2   ,                        4   ,                   0   ,                    0   ,               23.2   ,                  11.3   ,               4.7   ,                11.9   ,              6.8   ,               11.9   ,             11.1   ,               11.9   ,                         8.4   ,              16   ,        0.7120   ,               37.0   ,                  6605   ,
2026-08-20 18:14:49 ,        1177.0   ,            202.5   ,               29.4   ,        43.4   ,               0   ,                   0   ,            855   ,          0   ,                        4   ,                   0   ,                    0   ,               23.5   ,                  11.5   ,               5.0   ,                11.9   ,              6.9   ,               12.0   ,             11.0   ,               11.9   ,                         8.6   ,              16   ,        0.7120   ,               36.0   ,                  6605   ,
2026-08-20 18:14:50 ,        1177.0   ,            202.5   ,               29.4   ,        43.4   ,               0   ,                   0   ,            874   ,         12   ,                       11   ,                   0   ,                    0   ,               25.9   ,                  12.8   ,               5.6   ,                11.9   ,              7.6   ,               12.0   ,             12.0   ,               12.0   ,                         9.4   ,              16   ,        0.7120   ,               36.0   ,                  6601   ,
2026-08-20 18:14:51 ,        1177.0   ,            202.5   ,               29.4   ,        43.4   ,               0   ,                   0   ,            874   ,          0   ,                        4   ,                   0   ,                    0   ,               23.8   ,                  12.1   ,               4.8   ,                11.9   ,              7.3   ,               11.9   ,             11.1   ,               11.9   ,                         8.7   ,              16   ,        0.7120   ,               36.0   ,                  6601   ,
2026-08-20 18:14:52 ,        1177.0   ,            202.5   ,               29.3   ,        43.3   ,               0   ,                   0   ,            874   ,          0   ,                        3   ,                   0   ,                    0   ,               24.8   ,                  12.3   ,               5.1   ,                11.9   ,              7.4   ,               12.0   ,             11.7   ,               12.0   ,                         9.0   ,              16   ,        0.7120   ,               36.0   ,                  6600   ,
2026-08-20 18:14:53 ,        1177.0   ,            202.5   ,               29.3   ,        43.3   ,               0   ,                   0   ,            866   ,          0   ,                        4   ,                   0   ,                    0   ,               27.2   ,                  13.2   ,               5.9   ,                11.9   ,              7.9   ,               12.0   ,             12.7   ,               11.9   ,                         9.9   ,              16   ,        0.7120   ,               36.0   ,                  6600   ,
2026-08-20 18:14:54 ,        1177.0   ,            202.5   ,               29.4   ,        43.4   ,               0   ,                   0   ,            842   ,          0   ,                        3   ,                   0   ,                    0   ,               23.2   ,                  12.0   ,               4.8   ,                11.9   ,              7.2   ,               12.0   ,             10.6   ,               11.9   ,                         8.4   ,              16   ,        0.7120   ,               36.0   ,                  6598   ,
2026-08-20 18:14:55 ,        1177.0   ,            202.5   ,               29.4   ,        43.4   ,               0   ,                   0   ,            859   ,          0   ,                        4   ,                   0   ,                    0   ,               23.0   ,                  11.5   ,               4.7   ,                11.9   ,              6.9   ,               12.0   ,             10.8   ,               12.0   ,                         8.4   ,              16   ,        0.7120   ,               36.0   ,                  6601   ,
2026-08-20 18:14:56 ,        1177.0   ,            202.5   ,               29.3   ,        43.3   ,               0   ,                   0   ,            859   ,          0   ,                        3   ,                   0   ,                    0   ,               23.2   ,                  11.8   ,               4.6   ,                11.9   ,              7.1   ,               12.0   ,             10.9   ,               11.9   ,                         8.4   ,              16   ,        0.7120   ,               35.0   ,                  6601   ,
2026-08-20 18:14:57 ,        1177.0   ,            202.5   ,               29.3   ,        43.3   ,               0   ,                   0   ,            834   ,          0   ,                        4   ,                   0   ,                    0   ,               23.4   ,                  12.0   ,               4.8   ,                11.9   ,              7.2   ,               12.0   ,             10.8   ,               11.9   ,                         8.5   ,              16   ,        0.7120   ,               36.0   ,                  6602   ,
2026-08-20 18:14:58 ,        1177.0   ,            202.5   ,               29.3   ,        43.3   ,               0   ,                   0   ,            834   ,          0   ,                        3   ,                   0   ,                    0   ,               23.0   ,                  11.2   ,               4.6   ,                11.9   ,              6.7   ,               12.0   ,             11.1   ,               11.9   ,                         8.4   ,              16   ,        0.7120   ,               36.0   ,                  6417   ,
2026-08-20 18:14:59 ,        1177.0   ,            202.5   ,               29.1   ,        43.1   ,               0   ,                   0   ,            833   ,          0   ,                        4   ,                   0   ,                    0   ,               26.7   ,                  13.2   ,               5.8   ,                11.9   ,              7.9   ,               12.0   ,             12.2   ,               11.9   ,                         9.7   ,              16   ,        0.7120   ,               36.0   ,                  6427   ,
2026-08-20 18:15:00 ,        1177.0   ,            202.5   ,               29.2   ,        43.2   ,               0   ,                   0   ,            831   ,          0   ,                        3   ,                   0   ,                    0   ,               23.0   ,                  11.5   ,               4.6   ,                11.9   ,              6.9   ,               12.0   ,             10.9   ,               12.0   ,                         8.4   ,              16   ,        0.7120   ,               36.0   ,                  6426   ,
2026-08-20 18:15:01 ,        1177.0   ,            202.5   ,               29.1   ,        43.1   ,               0   ,                   0   ,            821   ,          0   ,                        4   ,                   0   ,                    0   ,               23.5   ,                  12.1   ,               4.7   ,                11.9   ,              7.3   ,               12.0   ,             10.9   ,               11.9   ,                         8.6   ,              16   ,        0.7120   ,               35.0   ,                  6421   ,
2026-08-20 18:15:02 ,        1177.0   ,            202.5   ,               29.2   ,        43.2   ,               0   ,                   0   ,            805   ,          0   ,                        3   ,                   0   ,                    0   ,               23.1   ,                  11.6   ,               4.8   ,                11.9   ,              7.0   ,               12.0   ,             10.7   ,               12.0   ,                         8.4   ,              16   ,        0.7120   ,               35.0   ,                  6420   ,
2026-08-20 18:15:03 ,        1177.0   ,            202.5   ,               29.3   ,        43.3   ,               0   ,                   0   ,            805   ,          0   ,                        4   ,                   0   ,                    0   ,               23.6   ,                  12.3   ,               4.9   ,                11.9   ,              7.4   ,               12.0   ,             10.7   ,               11.9   ,                         8.6   ,              16   ,        0.7120   ,               35.0   ,                  6397   ,
2026-08-20 18:15:04 ,         265.5   ,            101.3   ,               29.0   ,        43.0   ,               0   ,                   0   ,            805   ,          0   ,                        7   ,                   0   ,                    0   ,               17.3   ,                   6.9   ,               3.8   ,                11.9   ,              4.1   ,               12.0   ,              8.7   ,               12.0   ,                         6.3   ,              16   ,        0.6500   ,               36.0   ,                  6389   ,
2026-08-20 18:15:05 ,         265.5   ,            101.3   ,               28.9   ,        42.9   ,               0   ,                   0   ,            805   ,          1   ,                        8   ,                   0   ,                    0   ,               17.6   ,                   7.2   ,               3.8   ,                11.9   ,              4.3   ,               12.0   ,              8.8   ,               12.0   ,                         6.4   ,              16   ,        0.6500   ,               35.0   ,                  6390   ,
2026-08-20 18:15:06 ,         265.5   ,            101.3   ,               29.1   ,        43.1   ,               0   ,                   0   ,            805   ,          0   ,                        7   ,                   0   ,                    0   ,               18.0   ,                   8.0   ,               3.8   ,                11.9   ,              4.8   ,               12.0   ,              8.7   ,               12.0   ,                         6.5   ,              16   ,        0.6500   ,               36.0   ,                  6389   ,
2026-08-20 18:15:07 ,         139.0   ,            101.3   ,               28.9   ,        42.9   ,               0   ,                   0   ,            805   ,          1   ,                        8   ,                   0   ,                    0   ,               18.3   ,                   7.2   ,               4.1   ,                11.9   ,              4.3   ,               12.0   ,              9.2   ,               12.0   ,                         6.6   ,              16   ,        0.6500   ,               35.0   ,                  6386   ,
2026-08-20 18:15:08 ,         139.0   ,            101.3   ,               28.9   ,        42.9   ,               0   ,                   0   ,            805   ,          0   ,                        7   ,                   0   ,                    0   ,               17.6   ,                   7.2   ,               3.9   ,                11.9   ,              4.3   ,               12.0   ,              8.7   ,               12.0   ,                         6.4   ,              16   ,        0.6500   ,               36.0   ,                  6383   ,
2026-08-20 18:15:09 ,         139.0   ,            101.3   ,               28.8   ,        42.8   ,               0   ,                   0   ,            805   ,          0   ,                        7   ,                   0   ,                    0   ,               17.3   ,                   6.8   ,               3.8   ,                11.9   ,              4.1   ,               12.0   ,              8.7   ,               12.0   ,                         6.3   ,              16   ,        0.6500   ,               35.0   ,                  6384   ,
2026-08-20 18:15:10 ,         139.0   ,            101.3   ,               28.9   ,        42.9   ,               0   ,                   0   ,            805   ,          0   ,                        7   ,                   0   ,                    0   ,               17.6   ,                   7.3   ,               3.8   ,                11.9   ,              4.4   ,               12.0   ,              8.7   ,               12.0   ,                         6.4   ,              16   ,        0.6500   ,               35.0   ,                  6383   ,
2026-08-20 18:15:11 ,         139.0   ,            101.3   ,               28.8   ,        42.8   ,               0   ,                   0   ,            837   ,          0   ,                        8   ,                   0   ,                    0   ,               17.8   ,                   6.9   ,               3.9   ,                11.9   ,              4.1   ,               12.0   ,              9.1   ,               12.0   ,                         6.5   ,              16   ,        0.6500   ,               36.0   ,                  6386   ,
2026-08-20 18:15:12 ,         139.0   ,            101.3   ,               28.9   ,        42.9   ,               0   ,                   0   ,            837   ,          0   ,                        7   ,                   0   ,                    0   ,               17.6   ,                   7.0   ,               3.8   ,                11.9   ,              4.2   ,               12.0   ,              8.9   ,               12.0   ,                         6.4   ,              16   ,        0.6500   ,               36.0   ,                  6376   ,
2026-08-20 18:15:13 ,         139.0   ,            101.3   ,               28.8   ,        42.8   ,               0   ,                   0   ,            837   ,          1   ,                        7   ,                   0   ,                    0   ,               17.8   ,                   7.3   ,               4.0   ,                11.9   ,              4.4   ,               12.0   ,              8.7   ,               12.0   ,                         6.5   ,              16   ,        0.6500   ,               36.0   ,                  6383   ,
2026-08-20 18:15:14 ,         139.0   ,            101.3   ,               28.8   ,        42.8   ,               0   ,                   0   ,            828   ,          1   ,                        7   ,                   0   ,                    0   ,               17.8   ,                   7.2   ,               3.9   ,                11.9   ,              4.3   ,               12.0   ,              8.9   ,               12.0   ,                         6.5   ,              16   ,        0.6500   ,               35.0   ,                  6377   ,
2026-08-20 18:15:15 ,         139.0   ,            101.3   ,               28.8   ,        42.8   ,               0   ,                   0   ,            827   ,          1   ,                        8   ,                   0   ,                    0   ,               17.2   ,                   6.5   ,               3.8   ,                11.9   ,              3.9   ,               12.0   ,              8.8   ,               12.0   ,                         6.3   ,              16   ,        0.6500   ,               35.0   ,                  6374   ,
2026-08-20 18:15:16 ,         139.0   ,            101.3   ,               28.8   ,        42.8   ,               0   ,                   0   ,            825   ,          1   ,                        7   ,                   0   ,                    0   ,               19.0   ,                   8.0   ,               4.2   ,                11.9   ,              4.8   ,               12.0   ,              9.4   ,               11.9   ,                         6.9   ,              16   ,        0.6500   ,               38.0   ,                  6377   ,
2026-08-20 18:15:17 ,         139.0   ,            101.3   ,               28.8   ,        42.8   ,               0   ,                   0   ,            824   ,          0   ,                        7   ,                   0   ,                    0   ,               17.3   ,                   6.7   ,               3.8   ,                11.9   ,              4.0   ,               12.0   ,              8.8   ,               12.0   ,                         6.3   ,              16   ,        0.6500   ,               36.0   ,                  6379   ,
2026-08-20 18:15:18 ,         139.0   ,            101.3   ,               28.8   ,        42.8   ,               0   ,                   0   ,            807   ,          0   ,                        7   ,                   0   ,                    0   ,               18.0   ,                   7.2   ,               3.8   ,                11.9   ,              4.3   ,               12.0   ,              9.2   ,               12.0   ,                         6.5   ,              16   ,        0.6500   ,               35.0   ,                  6373   ,
2026-08-20 18:15:19 ,         139.0   ,            101.3   ,               28.8   ,        42.8   ,               0   ,                   0   ,            802   ,          1   ,                        8   ,                   0   ,                    0   ,               18.0   ,                   7.5   ,               3.7   ,                11.9   ,              4.5   ,               12.0   ,              9.1   ,               12.0   ,                         6.5   ,              16   ,        0.6500   ,               35.0   ,                  6378   ,
2026-08-20 18:15:20 ,         139.0   ,            101.3   ,               28.8   ,        42.8   ,               0   ,                   0   ,            802   ,          1   ,                        7   ,                   0   ,                    0   ,               17.4   ,                   6.7   ,               3.8   ,                11.9   ,              4.0   ,               12.0   ,              8.9   ,               12.0   ,                         6.3   ,              16   ,        0.6500   ,               35.0   ,                  6374   ,
2026-08-20 18:15:21 ,         139.0   ,            101.3   ,               28.7   ,        42.7   ,               0   ,                   0   ,            802   ,          1   ,                        8   ,                   0   ,                    0   ,               17.7   ,                   7.0   ,               3.8   ,                11.9   ,              4.2   ,               12.0   ,              9.0   ,               12.0   ,                         6.4   ,              16   ,        0.6500   ,               37.0   ,                  6374   ,
2026-08-20 18:15:22 ,         139.0   ,            101.3   ,               28.8   ,        42.8   ,               0   ,                   0   ,            802   ,          1   ,                        7   ,                   0   ,                    0   ,               17.6   ,                   6.8   ,               3.9   ,                11.9   ,              4.1   ,               12.0   ,              8.9   ,               12.0   ,                         6.4   ,              16   ,        0.6500   ,               35.0   ,                  6373   ,
2026-08-20 18:15:23 ,         139.0   ,            101.3   ,               28.8   ,        42.8   ,               0   ,                   0   ,            802   ,          1   ,                        8   ,                   0   ,                    0   ,               18.0   ,                   7.3   ,               3.9   ,                11.9   ,              4.4   ,               12.0   ,              9.0   ,               12.0   ,                         6.5   ,              16   ,        0.6500   ,               35.0   ,                  6375   ,
2026-08-20 18:15:24 ,         139.0   ,            101.3   ,               28.8   ,        42.8   ,               0   ,                   0   ,            802   ,          2   ,                        7   ,                   0   ,                    0   ,               17.4   ,                   6.7   ,               3.8   ,                11.9   ,              4.0   ,               12.0   ,              8.9   ,               12.0   ,                         6.3   ,              16   ,        0.6500   ,               36.0   ,                  6370   ,
2026-08-20 18:15:25 ,         139.0   ,            101.3   ,               28.8   ,        42.8   ,               0   ,                   0   ,            802   ,          1   ,                        7   ,                   0   ,                    0   ,               18.6   ,                   7.7   ,               4.1   ,                11.9   ,              4.6   ,               12.0   ,              9.2   ,               11.9   ,                         6.7   ,              16   ,        0.6500   ,               35.0   ,                  6373   ,
2026-08-20 18:15:26 ,         139.0   ,            101.3   ,               28.7   ,        42.7   ,               0   ,                   0   ,            802   ,          1   ,                        7   ,                   0   ,                    0   ,               17.5   ,                   7.3   ,               3.7   ,                11.9   ,              4.4   ,               12.0   ,              8.7   ,               12.0   ,                         6.4   ,              16   ,        0.6500   ,               35.0   ,                  6370   ,
2026-08-20 18:15:27 ,         139.0   ,            101.3   ,               28.7   ,        42.7   ,               0   ,                   0   ,            802   ,          1   ,                        8   ,                   0   ,                    0   ,               18.1   ,                   7.2   ,               3.9   ,                11.9   ,              4.3   ,               12.0   ,              9.2   ,               12.0   ,                         6.6   ,              16   ,        0.6500   ,               35.0   ,                  6373   ,
2026-08-20 18:15:28 ,         139.0   ,            101.3   ,               28.8   ,        42.8   ,               0   ,                   0   ,            836   ,          0   ,                        7   ,                   0   ,                    0   ,               19.3   ,                   8.3   ,               4.2   ,                11.9   ,              5.0   ,               12.0   ,              9.5   ,               12.0   ,                         7.0   ,              16   ,        0.6500   ,               38.0   ,                  6371   ,
2026-08-20 18:15:29 ,         139.0   ,            101.3   ,               28.7   ,        42.7   ,               0   ,                   0   ,            836   ,          0   ,                        7   ,                   0   ,                    0   ,               18.7   ,                   7.3   ,               4.1   ,                11.9   ,              4.4   ,               12.0   ,              9.5   ,               12.0   ,                         6.8   ,              16   ,        0.6500   ,               35.0   ,                  6372   ,
2026-08-20 18:15:30 ,         139.0   ,            101.3   ,               28.7   ,        42.7   ,               0   ,                   0   ,            833   ,          2   ,                        7   ,                   0   ,                    0   ,               19.3   ,                   8.1   ,               4.3   ,                11.9   ,              4.9   ,               12.0   ,              9.5   ,               12.0   ,                         7.0   ,              16   ,        0.6500   ,               36.0   ,                  6374   ,
2026-08-20 18:15:31 ,         139.0   ,            101.3   ,               28.7   ,        42.7   ,               0   ,                   0   ,            825   ,          8   ,                        8   ,                   0   ,                    0   ,               22.8   ,                  10.4   ,               5.2   ,                11.9   ,              6.2   ,               12.0   ,             10.7   ,               11.9   ,                         8.3   ,              16   ,        0.6500   ,               37.0   ,                  6373   ,
2026-08-20 18:15:32 ,         139.0   ,            101.3   ,               28.6   ,        42.6   ,               0   ,                   0   ,            828   ,          3   ,                        8   ,                   0   ,                    0   ,               22.3   ,                   9.7   ,               5.2   ,                11.9   ,              5.8   ,               12.0   ,             10.6   ,               12.0   ,                         8.1   ,              16   ,        0.6500   ,               36.0   ,                  6383   ,
2026-08-20 18:15:33 ,         139.0   ,            101.3   ,               28.7   ,        42.7   ,               0   ,                   0   ,            819   ,          1   ,                        7   ,                   0   ,                    0   ,               18.5   ,                   8.0   ,               4.1   ,                11.9   ,              4.8   ,               12.0   ,              9.0   ,               11.9   ,                         8.2   ,              16   ,        0.6500   ,               36.0   ,                  6381   ,
2026-08-20 18:15:34 ,         139.0   ,            101.3   ,               28.7   ,        42.7   ,               0   ,                   0   ,            807   ,          0   ,                        7   ,                   0   ,                    0   ,               22.2   ,                   9.4   ,               5.2   ,                11.9   ,              5.6   ,               12.0   ,             10.7   ,               12.0   ,                         8.1   ,              16   ,        0.6500   ,               35.0   ,                  6382   ,
2026-08-20 18:15:35 ,         139.0   ,            101.3   ,               28.5   ,        42.5   ,               0   ,                   0   ,            806   ,          0   ,                        7   ,                   0   ,                    0   ,               17.6   ,                   6.8   ,               3.9   ,                11.9   ,              4.1   ,               12.0   ,              8.9   ,               12.0   ,                         6.4   ,              16   ,        0.6500   ,               36.0   ,                  6377   ,
2026-08-20 18:15:36 ,         139.0   ,            101.3   ,               28.6   ,        42.6   ,               0   ,                   0   ,            804   ,          1   ,                        7   ,                   0   ,                    0   ,               17.1   ,                   6.7   ,               3.7   ,                11.9   ,              4.0   ,               12.0   ,              8.7   ,               12.0   ,                         6.2   ,              16   ,        0.6500   ,               35.0   ,                  6376   ,
2026-08-20 18:15:37 ,         139.0   ,            101.3   ,               28.6   ,        42.6   ,               0   ,                   0   ,            800   ,          0   ,                        8   ,                   0   ,                    0   ,               18.1   ,                   7.8   ,               3.8   ,                11.9   ,              4.7   ,               12.0   ,              8.9   ,               12.0   ,                         6.6   ,              16   ,        0.6500   ,               36.0   ,                  6373   ,
2026-08-20 18:15:38 ,         139.0   ,            101.3   ,               28.7   ,        42.7   ,               0   ,                   0   ,            828   ,         10   ,                        9   ,                   0   ,                    0   ,               22.3   ,                   9.6   ,               5.2   ,                11.9   ,              5.7   ,               12.0   ,             10.7   ,               12.0   ,                         8.1   ,              16   ,        0.6500   ,               36.0   ,                  6373   ,
2026-08-20 18:15:39 ,         139.0   ,            101.3   ,               28.5   ,        42.5   ,               0   ,                   0   ,            837   ,          2   ,                        8   ,                   0   ,                    0   ,               22.4   ,                   9.9   ,               5.2   ,                11.9   ,              5.9   ,               12.0   ,             10.6   ,               12.0   ,                         8.1   ,              16   ,        0.6500   ,               36.0   ,                  6370   ,
2026-08-20 18:15:40 ,         139.0   ,            101.3   ,               28.7   ,        42.7   ,               0   ,                   0   ,            837   ,          1   ,                        7   ,                   0   ,                    0   ,               22.1   ,                   9.6   ,               5.1   ,                11.9   ,              5.7   ,               12.0   ,             10.6   ,               11.9   ,                         8.0   ,              16   ,        0.6500   ,               35.0   ,                  6371   ,
2026-08-20 18:15:41 ,         139.0   ,            101.3   ,               28.7   ,        42.7   ,               0   ,                   0   ,            837   ,          3   ,                        7   ,                   0   ,                    0   ,               22.3   ,                   9.7   ,               5.2   ,                11.9   ,              5.8   ,               12.0   ,             10.6   ,               11.9   ,                         8.1   ,              16   ,        0.6500   ,               39.0   ,                  6371   ,
2026-08-20 18:15:42 ,         139.0   ,            101.3   ,               28.6   ,        42.6   ,               0   ,                   0   ,            837   ,          1   ,                        7   ,                   0   ,                    0   ,               20.8   ,                   9.2   ,               4.6   ,                11.9   ,              5.5   ,               12.0   ,             10.0   ,               12.0   ,                         7.6   ,              16   ,        0.6500   ,               36.0   ,                  6367   ,
2026-08-20 18:15:43 ,         139.0   ,            101.3   ,               28.6   ,        42.6   ,               0   ,                   0   ,            837   ,          0   ,                        7   ,                   0   ,                    0   ,               22.4   ,                   9.9   ,               5.2   ,                11.9   ,              5.9   ,               12.0   ,             10.6   ,               12.0   ,                         8.2   ,              16   ,        0.6500   ,               35.0   ,                  6372   ,
2026-08-20 18:15:44 ,         139.0   ,            101.3   ,               28.5   ,        42.5   ,               0   ,                   0   ,            837   ,          1   ,                        7   ,                   0   ,                    0   ,               18.4   ,                   7.3   ,               4.1   ,                11.9   ,              4.4   ,               12.0   ,              9.2   ,               12.0   ,                         6.7   ,              16   ,        0.6500   ,               36.0   ,                  6368   ,
2026-08-20 18:15:45 ,         139.0   ,            101.3   ,               28.5   ,        42.5   ,               0   ,                   0   ,            849   ,          0   ,                        7   ,                   0   ,                    0   ,               17.8   ,                   7.2   ,               3.9   ,                11.9   ,              4.3   ,               12.0   ,              8.9   ,               12.0   ,                         6.5   ,              16   ,        0.6500   ,               35.0   ,                  6381   ,
2026-08-20 18:15:46 ,         139.0   ,            101.3   ,               28.5   ,        42.5   ,               0   ,                   0   ,            847   ,          2   ,                        7   ,                   0   ,                    0   ,               18.6   ,                   8.3   ,               3.9   ,                11.9   ,              5.0   ,               11.9   ,              9.1   ,               11.9   ,                         6.8   ,              16   ,        0.6500   ,               40.0   ,                  6411   ,
2026-08-20 18:15:47 ,         139.0   ,            101.3   ,               28.5   ,        42.5   ,               0   ,                   0   ,            846   ,          0   ,                        8   ,                   0   ,                    0   ,               18.0   ,                   7.5   ,               3.9   ,                11.9   ,              4.5   ,               12.0   ,              8.9   ,               12.0   ,                         6.5   ,              16   ,        0.6500   ,               36.0   ,                  6402   ,
2026-08-20 18:15:48 ,         139.0   ,            101.3   ,               28.5   ,        42.5   ,               0   ,                   0   ,            822   ,          0   ,                        7   ,                   0   ,                    0   ,               17.0   ,                   7.2   ,               3.4   ,                11.9   ,              4.3   ,               11.9   ,              8.6   ,               11.9   ,                         6.2   ,              16   ,        0.6500   ,               42.0   ,                  6388   ,
2026-08-20 18:15:49 ,         139.0   ,            101.3   ,               28.5   ,        42.5   ,               0   ,                   0   ,            818   ,          1   ,                        7   ,                   0   ,                    0   ,               20.5   ,                   8.8   ,               4.6   ,                11.9   ,              5.3   ,               12.0   ,              9.9   ,               12.0   ,                         7.4   ,              16   ,        0.6500   ,               36.0   ,                  6392   ,
2026-08-20 18:15:50 ,         139.0   ,            101.3   ,               28.5   ,        42.5   ,               0   ,                   0   ,            811   ,          2   ,                        7   ,                   0   ,                    0   ,               20.8   ,                   9.2   ,               4.6   ,                11.9   ,              5.5   ,               12.0   ,             10.0   ,               12.0   ,                         7.6   ,              16   ,        0.6500   ,               35.0   ,                  6387   ,
2026-08-20 18:15:51 ,         139.0   ,            101.3   ,               28.4   ,        42.4   ,               0   ,                   0   ,            811   ,          0   ,                        7   ,                   0   ,                    0   ,               17.4   ,                   7.2   ,               3.8   ,                11.9   ,              5.9   ,               12.0   ,             10.7   ,               11.9   ,                         8.2   ,              16   ,        0.6500   ,               37.0   ,                  6365   ,
2026-08-20 18:15:52 ,         139.0   ,            101.3   ,               28.4   ,        42.4   ,               0   ,                   0   ,            810   ,          1   ,                        7   ,                   0   ,                    0   ,               17.6   ,                   7.3   ,               3.8   ,                11.9   ,              4.4   ,               12.0   ,              8.7   ,               12.0   ,                         6.4   ,              16   ,        0.6500   ,               35.0   ,                  6364   ,
2026-08-20 18:15:53 ,         139.0   ,            101.3   ,               28.4   ,        42.4   ,               0   ,                   0   ,            873   ,          0   ,                        7   ,                   0   ,                    0   ,               25.3   ,                  10.5   ,               6.2   ,                11.9   ,              6.3   ,               12.0   ,              9.0   ,               12.0   ,                         6.5   ,              16   ,        0.6500   ,               48.0   ,                  6360   ,
2026-08-20 18:15:54 ,         164.5   ,            101.3   ,               28.4   ,        42.4   ,               0   ,                   0   ,            875   ,          1   ,                        7   ,                   0   ,                    0   ,               17.6   ,                   6.7   ,               3.8   ,                11.9   ,              4.0   ,               12.0   ,              9.1   ,               12.0   ,                         6.4   ,              16   ,        0.6500   ,               35.0   ,                  6372   ,
2026-08-20 18:15:55 ,         164.5   ,            101.3   ,               28.3   ,        42.3   ,               0   ,                   0   ,            874   ,          0   ,                        7   ,                   0   ,                    0   ,               18.3   ,                   7.5   ,               3.9   ,                11.9   ,              4.5   ,               12.0   ,              9.2   ,               12.0   ,                         6.6   ,              16   ,        0.6500   ,               35.0   ,                  6367   ,
2026-08-20 18:15:56 ,         139.0   ,            101.3   ,               28.3   ,        42.3   ,               0   ,                   0   ,            808   ,          1   ,                        7   ,                   0   ,                    0   ,               18.1   ,                   7.8   ,               3.8   ,                11.9   ,              4.7   ,               12.0   ,              8.9   ,               11.9   ,                         6.6   ,              16   ,        0.6500   ,               37.0   ,                  6368   ,
2026-08-20 18:15:57 ,         139.0   ,            101.3   ,               28.3   ,        42.3   ,               0   ,                   0   ,            807   ,          1   ,                        7   ,                   0   ,                    0   ,               18.1   ,                   7.6   ,               3.9   ,                11.9   ,              4.6   ,               11.9   ,              8.9   ,               11.9   ,                         6.6   ,              16   ,        0.6500   ,               38.0   ,                  6361   ,
2026-08-20 18:15:58 ,         139.0   ,            101.3   ,               28.4   ,        42.4   ,               0   ,                   0   ,            884   ,          2   ,                        7   ,                   0   ,                    0   ,               16.8   ,                   6.2   ,               3.7   ,                11.9   ,              3.7   ,               12.0   ,              8.7   ,               12.0   ,                         6.1   ,              16   ,        0.6500   ,               35.0   ,                  6367   ,
2026-08-20 18:15:59 ,         139.0   ,            101.3   ,               28.2   ,        42.2   ,               0   ,                   0   ,            879   ,          1   ,                        7   ,                   0   ,                    0   ,               17.7   ,                   7.5   ,               3.7   ,                11.9   ,              4.5   ,               12.0   ,              8.8   ,               12.0   ,                         6.4   ,              16   ,        0.6500   ,               36.0   ,                  6367   ,
2026-08-20 18:16:00 ,         139.0   ,            101.3   ,               28.4   ,        42.4   ,               0   ,                   0   ,            876   ,          1   ,                        8   ,                   0   ,                    0   ,               18.0   ,                   7.0   ,               4.0   ,                11.9   ,              4.2   ,               12.0   ,              9.1   ,               11.9   ,                         6.5   ,              16   ,        0.6500   ,               42.0   ,                  6371   ,
2026-08-20 18:16:01 ,         139.0   ,            101.3   ,               28.4   ,        42.4   ,               0   ,                   0   ,            862   ,          2   ,                        8   ,                   0   ,                    0   ,               18.0   ,                   7.5   ,               3.9   ,                11.9   ,              4.5   ,               12.0   ,              8.9   ,               11.9   ,                         6.5   ,              16   ,        0.6500   ,               41.0   ,                  6371   ,
2026-08-20 18:16:02 ,         139.0   ,            101.3   ,               28.3   ,        42.3   ,               0   ,                   0   ,            831   ,         13   ,                        9   ,                   0   ,                    0   ,               19.5   ,                   8.0   ,               4.5   ,                11.9   ,              4.8   ,               12.0   ,              9.6   ,               11.9   ,                         7.1   ,              16   ,        0.6500   ,               53.0   ,                  6387   ,
2026-08-20 18:16:03 ,         139.0   ,            101.3   ,               28.3   ,        42.3   ,               0   ,                   0   ,            871   ,         28   ,                        9   ,                   0   ,                    0   ,               16.8   ,                   6.7   ,               3.7   ,                11.9   ,              4.0   ,               12.0   ,              8.4   ,               12.0   ,                         6.1   ,              16   ,        0.6500   ,               38.0   ,                  6391   ,
2026-08-20 18:16:04 ,         139.0   ,            101.3   ,               28.3   ,        42.3   ,               0   ,                   0   ,            871   ,         29   ,                        9   ,                   0   ,                    0   ,               22.8   ,                  10.5   ,               5.2   ,                11.9   ,              6.3   ,               12.0   ,             10.7   ,               11.9   ,                         8.4   ,              16   ,        0.6500   ,               44.0   ,                  6391   ,
2026-08-20 18:16:05 ,         139.0   ,            101.3   ,               28.2   ,        42.2   ,               0   ,                   0   ,            806   ,         29   ,                        9   ,                   0   ,                    0   ,               19.0   ,                   8.1   ,               4.2   ,                11.9   ,              4.9   ,               12.0   ,              9.3   ,               11.9   ,                         6.9   ,              16   ,        0.6500   ,               41.0   ,                  6391   ,
2026-08-20 18:16:06 ,         139.0   ,            101.3   ,               28.2   ,        42.2   ,               0   ,                   0   ,            806   ,         27   ,                        9   ,                   0   ,                    0   ,               18.8   ,                   7.5   ,               4.1   ,                11.9   ,              4.5   ,               12.0   ,              9.6   ,               12.0   ,                         6.9   ,              16   ,        0.6500   ,               44.0   ,                  6389   ,
2026-08-20 18:16:07 ,         139.0   ,            101.3   ,               28.2   ,        42.2   ,               0   ,                   0   ,            806   ,         29   ,                        9   ,                   0   ,                    0   ,               22.1   ,                   9.4   ,               5.2   ,                11.9   ,              5.6   ,               12.0   ,             10.6   ,               11.9   ,                         8.0   ,              16   ,        0.6500   ,               36.0   ,                  6385   ,
2026-08-20 18:16:08 ,         139.0   ,            101.3   ,               28.2   ,        42.2   ,               0   ,                   0   ,            796   ,         29   ,                       10   ,                   0   ,                    0   ,               20.9   ,                   8.8   ,               4.8   ,                11.9   ,              5.3   ,               12.0   ,             10.2   ,               11.9   ,                         8.3   ,              16   ,        0.6500   ,               36.0   ,                  6383   ,
2026-08-20 18:16:09 ,         139.0   ,            101.3   ,               28.2   ,        42.2   ,               0   ,                   0   ,            813   ,         22   ,                        9   ,                   0   ,                    0   ,               17.9   ,                   7.3   ,               3.9   ,                11.9   ,              4.4   ,               12.0   ,              8.9   ,               11.9   ,                         6.5   ,              16   ,        0.6500   ,               51.0   ,                  6382   ,
2026-08-20 18:16:10 ,         139.0   ,            101.3   ,               28.2   ,        42.2   ,               0   ,                   0   ,            820   ,          3   ,                        7   ,                   0   ,                    0   ,               17.9   ,                   7.5   ,               3.8   ,                11.9   ,              4.5   ,               12.0   ,              8.9   ,               12.0   ,                         6.5   ,              16   ,        0.6500   ,               53.0   ,                  6383   ,
2026-08-20 18:16:11 ,         139.0   ,            101.3   ,               28.2   ,        42.2   ,               0   ,                   0   ,            858   ,          4   ,                        8   ,                   0   ,                    0   ,               16.8   ,                   6.4   ,               3.6   ,                11.9   ,              3.8   ,               12.0   ,              8.7   ,               12.0   ,                         6.1   ,              16   ,        0.6500   ,               51.0   ,                  6393   ,
2026-08-20 18:16:12 ,         139.0   ,            101.3   ,               28.2   ,        42.2   ,               0   ,                   0   ,            845   ,         15   ,                        9   ,                   0   ,                    0   ,               22.7   ,                   9.9   ,               5.2   ,                11.9   ,              6.0   ,               12.0   ,             10.8   ,               12.0   ,                         8.2   ,              16   ,        0.6500   ,               53.0   ,                  6410   ,
2026-08-20 18:16:13 ,         139.0   ,            101.3   ,               28.2   ,        42.2   ,               0   ,                   0   ,            821   ,         22   ,                        9   ,                   0   ,                    0   ,               18.8   ,                   7.3   ,               4.3   ,                11.9   ,              4.4   ,               12.0   ,              9.5   ,               11.9   ,                         6.8   ,              16   ,        0.6500   ,               40.0   ,                  6408   ,
2026-08-20 18:16:14 ,         139.0   ,            101.3   ,               28.3   ,        42.3   ,               0   ,                   0   ,            798   ,         18   ,                        8   ,                   0   ,                    0   ,               20.1   ,                   8.5   ,               4.6   ,                11.9   ,              5.1   ,               12.0   ,              9.8   ,               12.0   ,                         7.3   ,              16   ,        0.6500   ,               37.0   ,                  6403   ,
2026-08-20 18:16:15 ,         139.0   ,            101.3   ,               28.2   ,        42.2   ,               0   ,                   0   ,            846   ,          0   ,                        7   ,                   0   ,                    0   ,               17.2   ,                   6.8   ,               3.8   ,                11.9   ,              4.1   ,               12.0   ,              8.6   ,               12.0   ,                         6.3   ,              16   ,        0.6500   ,               35.0   ,                  6395   ,
2026-08-20 18:16:16 ,         139.0   ,            101.3   ,               28.3   ,        42.3   ,               0   ,                   0   ,            846   ,          1   ,                        7   ,                   0   ,                    0   ,               17.4   ,                   7.0   ,               3.7   ,                11.9   ,              4.2   ,               12.0   ,              8.8   ,               12.0   ,                         6.3   ,              16   ,        0.6500   ,               35.0   ,                  6389   ,
2026-08-20 18:16:17 ,         139.0   ,            101.3   ,               28.2   ,        42.2   ,               0   ,                   0   ,            809   ,          1   ,                        7   ,                   0   ,                    0   ,               17.9   ,                   7.2   ,               4.0   ,                11.9   ,              4.3   ,               12.0   ,              8.9   ,               12.0   ,                         6.5   ,              16   ,        0.6500   ,               35.0   ,                  6387   ,
2026-08-20 18:16:18 ,         139.0   ,            101.3   ,               28.0   ,        42.0   ,               0   ,                   0   ,            808   ,          1   ,                        7   ,                   0   ,                    0   ,               18.2   ,                   8.0   ,               3.8   ,                11.9   ,              4.8   ,               12.0   ,              8.9   ,               12.0   ,                         6.6   ,              16   ,        0.6500   ,               35.0   ,                  6377   ,
2026-08-20 18:16:19 ,         139.0   ,            101.3   ,               28.2   ,        42.2   ,               0   ,                   0   ,            807   ,          1   ,                        7   ,                   0   ,                    0   ,               18.0   ,                   7.5   ,               3.9   ,                11.9   ,              4.5   ,               12.0   ,              8.9   ,               12.0   ,                         6.5   ,              16   ,        0.6500   ,               35.0   ,                  6386   ,
2026-08-20 18:16:20 ,         139.0   ,            101.3   ,               28.2   ,        42.2   ,               0   ,                   0   ,            807   ,          0   ,                        7   ,                   0   ,                    0   ,               17.3   ,                   7.0   ,               3.7   ,                11.9   ,              4.2   ,               12.0   ,              8.7   ,               12.0   ,                         6.3   ,              16   ,        0.6500   ,               35.0   ,                  6383   ,
2026-08-20 18:16:21 ,         139.0   ,            101.3   ,               28.2   ,        42.2   ,               0   ,                   0   ,            803   ,          0   ,                        7   ,                   0   ,                    0   ,               17.5   ,                   7.2   ,               3.8   ,                11.9   ,              4.3   ,               12.0   ,              8.7   ,               12.0   ,                         6.4   ,              16   ,        0.6500   ,               42.0   ,                  6380   ,
2026-08-20 18:16:22 ,         139.0   ,            101.3   ,               28.2   ,        42.2   ,               0   ,                   0   ,            800   ,          0   ,                        7   ,                   0   ,                    0   ,               18.0   ,                   7.8   ,               3.8   ,                11.9   ,              4.7   ,               12.0   ,              8.8   ,               12.0   ,                         6.5   ,              16   ,        0.6500   ,               35.0   ,                  6383   ,
2026-08-20 18:16:23 ,         139.0   ,            101.3   ,               28.1   ,        42.1   ,               0   ,                   0   ,            848   ,          6   ,                        8   ,                   0   ,                    1   ,               22.8   ,                  10.0   ,               5.2   ,                11.9   ,              6.0   ,               12.0   ,             10.8   ,               12.0   ,                         8.3   ,              16   ,        0.6500   ,               42.0   ,                  6382   ,
2026-08-20 18:16:24 ,         139.0   ,            101.3   ,               28.0   ,        42.0   ,               0   ,                   0   ,            858   ,          4   ,                        8   ,                   0   ,                    1   ,               19.8   ,                   8.8   ,               4.3   ,                11.9   ,              5.3   ,               12.0   ,              9.6   ,               11.9   ,                         7.2   ,              16   ,        0.6500   ,               38.0   ,                  6383   ,
2026-08-20 18:16:25 ,         139.0   ,            101.3   ,               28.1   ,        42.1   ,               0   ,                   0   ,            858   ,          5   ,                        9   ,                   0   ,                    2   ,               22.3   ,                   9.7   ,               5.2   ,                11.9   ,              5.8   ,               12.0   ,             10.6   ,               12.0   ,                         8.1   ,              16   ,        0.6500   ,               36.0   ,                  6387   ,
2026-08-20 18:16:26 ,         139.0   ,            101.3   ,               28.0   ,        42.0   ,               0   ,                   0   ,            858   ,          1   ,                        7   ,                   0   ,                    0   ,               17.8   ,                   7.3   ,               3.9   ,                11.9   ,              4.4   ,               12.0   ,              8.8   ,               12.0   ,                         6.5   ,              16   ,        0.6500   ,               35.0   ,                  6383   ,
2026-08-20 18:16:27 ,         139.0   ,            101.3   ,               28.1   ,        42.1   ,               0   ,                   0   ,            858   ,          1   ,                        7   ,                   0   ,                    0   ,               17.3   ,                   6.7   ,               3.8   ,                11.9   ,              4.0   ,               12.0   ,              8.8   ,               12.0   ,                         6.3   ,              16   ,        0.6500   ,               35.0   ,                  6377   ,
2026-08-20 18:16:28 ,         139.0   ,            101.3   ,               28.0   ,        42.0   ,               0   ,                   0   ,            858   ,          1   ,                        7   ,                   0   ,                    0   ,               17.5   ,                   7.2   ,               3.8   ,                11.9   ,              4.3   ,               12.0   ,              8.7   ,               12.0   ,                         6.4   ,              16   ,        0.6500   ,               35.0   ,                  6385   ,
2026-08-20 18:16:29 ,         139.0   ,            101.3   ,               28.1   ,        42.1   ,               0   ,                   0   ,            858   ,          0   ,                        7   ,                   0   ,                    0   ,               18.4   ,                   8.1   ,               4.0   ,                11.9   ,              4.9   ,               12.0   ,              8.8   ,               12.0   ,                         6.7   ,              16   ,        0.6500   ,               35.0   ,                  6378   ,
2026-08-20 18:16:30 ,         139.0   ,            101.3   ,               28.1   ,        42.1   ,               0   ,                   0   ,            858   ,          1   ,                        7   ,                   0   ,                    0   ,               17.7   ,                   7.2   ,               3.9   ,                11.9   ,              4.3   ,               12.0   ,              8.8   ,               12.0   ,                         6.4   ,              16   ,        0.6500   ,               35.0   ,                  6381   ,
2026-08-20 18:16:31 ,         139.0   ,            101.3   ,               28.1   ,        42.1   ,               0   ,                   0   ,            858   ,          2   ,                        8   ,                   0   ,                    1   ,               22.3   ,                  10.0   ,               5.1   ,                11.9   ,              6.0   ,               12.0   ,             10.5   ,               12.0   ,                         8.1   ,              16   ,        0.6500   ,               36.0   ,                  6387   ,
2026-08-20 18:16:32 ,         139.0   ,            101.3   ,               28.0   ,        42.0   ,               0   ,                   0   ,            858   ,          0   ,                        7   ,                   0   ,                    0   ,               18.2   ,                   7.3   ,               4.0   ,                11.9   ,              4.4   ,               12.0   ,              9.1   ,               12.0   ,                         6.6   ,              16   ,        0.6500   ,               35.0   ,                  6381   ,
2026-08-20 18:16:33 ,         139.0   ,            101.3   ,               28.2   ,        42.2   ,               0   ,                   0   ,            858   ,          3   ,                        8   ,                   0   ,                    1   ,               17.9   ,                   7.3   ,               3.9   ,                11.9   ,              5.9   ,               12.0   ,             10.8   ,               11.9   ,                         8.2   ,              16   ,        0.6500   ,               41.0   ,                  6375   ,
2026-08-20 18:16:34 ,         139.0   ,            101.3   ,               28.2   ,        42.2   ,               0   ,                   0   ,            858   ,          3   ,                        8   ,                   0   ,                    1   ,               18.4   ,                   8.0   ,               3.9   ,                11.9   ,              4.8   ,               12.0   ,              9.0   ,               12.0   ,                         6.7   ,              16   ,        0.6500   ,               35.0   ,                  6387   ,
2026-08-20 18:16:35 ,         139.0   ,            101.3   ,               27.9   ,        41.9   ,               0   ,                   0   ,            858   ,          0   ,                        7   ,                   0   ,                    0   ,               22.6   ,                  10.2   ,               5.2   ,                11.9   ,              6.1   ,               12.0   ,             10.6   ,               11.9   ,                         8.2   ,              16   ,        0.6500   ,               36.0   ,                  6378   ,
2026-08-20 18:16:36 ,         139.0   ,            101.3   ,               28.2   ,        42.2   ,               0   ,                   0   ,            858   ,          0   ,                        7   ,                   0   ,                    0   ,               22.4   ,                   9.6   ,               5.2   ,                11.9   ,              5.8   ,               12.0   ,             10.8   ,               11.9   ,                         8.2   ,              16   ,        0.6500   ,               37.0   ,                  6368   ,
2026-08-20 18:16:37 ,         139.0   ,            101.3   ,               28.0   ,        42.0   ,               0   ,                   0   ,            858   ,          1   ,                        7   ,                   0   ,                    0   ,               17.8   ,                   7.7   ,               3.7   ,                11.9   ,              4.6   ,               12.0   ,              8.8   ,               11.9   ,                         6.5   ,              16   ,        0.6500   ,               36.0   ,                  6369   ,
2026-08-20 18:16:38 ,         139.0   ,            101.3   ,               28.0   ,        42.0   ,               0   ,                   0   ,            858   ,          5   ,                        9   ,                   0   ,                    2   ,               17.8   ,                   6.9   ,               3.9   ,                11.9   ,              4.1   ,               12.0   ,              9.1   ,               12.0   ,                         6.5   ,              16   ,        0.6500   ,               36.0   ,                  6370   ,
2026-08-20 18:16:39 ,         139.0   ,            101.3   ,               28.1   ,        42.1   ,               0   ,                   0   ,            858   ,          0   ,                        7   ,                   0   ,                    0   ,               17.7   ,                   7.5   ,               3.7   ,                11.9   ,              4.5   ,               12.0   ,              8.8   ,               12.0   ,                         6.4   ,              16   ,        0.6500   ,               35.0   ,                  6368   ,
2026-08-20 18:16:40 ,         139.0   ,            101.3   ,               28.2   ,        42.2   ,               0   ,                   0   ,            858   ,          0   ,                        7   ,                   0   ,                    0   ,               17.5   ,                   7.0   ,               3.7   ,                11.9   ,              4.2   ,               12.0   ,              8.9   ,               12.0   ,                         6.4   ,              16   ,        0.6500   ,               35.0   ,                  6369   ,
2026-08-20 18:16:41 ,         139.0   ,            101.3   ,               28.0   ,        42.0   ,               0   ,                   0   ,            858   ,          0   ,                        7   ,                   0   ,                    0   ,               18.0   ,                   7.3   ,               3.9   ,                11.9   ,              4.4   ,               12.0   ,              9.0   ,               12.0   ,                         6.5   ,              16   ,        0.6500   ,               35.0   ,                  6375   ,
2026-08-20 18:16:42 ,         139.0   ,            101.3   ,               28.1   ,        42.1   ,               0   ,                   0   ,            858   ,          4   ,                        8   ,                   0   ,                    2   ,               20.1   ,                   8.1   ,               4.6   ,                11.9   ,              4.9   ,               12.0   ,              9.9   ,               12.0   ,                         8.1   ,              16   ,        0.6500   ,               42.0   ,                  6374   ,
2026-08-20 18:16:43 ,         139.0   ,            101.3   ,               28.0   ,        42.0   ,               0   ,                   0   ,            858   ,          2   ,                        8   ,                   0   ,                    1   ,               18.9   ,                   8.3   ,               4.1   ,                11.9   ,              5.0   ,               11.9   ,              9.2   ,               11.9   ,                         6.9   ,              16   ,        0.6500   ,               36.0   ,                  6380   ,
2026-08-20 18:16:44 ,         139.0   ,            101.3   ,               28.0   ,        42.0   ,               0   ,                   0   ,            858   ,          0   ,                        7   ,                   0   ,                    0   ,               17.6   ,                   7.2   ,               3.7   ,                11.9   ,              4.3   ,               12.0   ,              8.9   ,               11.9   ,                         6.4   ,              16   ,        0.6500   ,               35.0   ,                  6373   ,
2026-08-20 18:16:45 ,         139.0   ,            101.3   ,               28.0   ,        42.0   ,               0   ,                   0   ,            858   ,          1   ,                        8   ,                   0   ,                    1   ,               17.2   ,                   6.7   ,               3.8   ,                11.9   ,              4.0   ,               12.0   ,              8.7   ,               12.0   ,                         6.3   ,              16   ,        0.6500   ,               35.0   ,                  6376   ,
2026-08-20 18:16:46 ,         139.0   ,            101.3   ,               27.9   ,        41.9   ,               0   ,                   0   ,            858   ,          2   ,                        8   ,                   0   ,                    1   ,               18.2   ,                   7.8   ,               3.9   ,                11.9   ,              4.7   ,               12.0   ,              8.9   ,               11.9   ,                         6.6   ,              16   ,        0.6500   ,               35.0   ,                  6371   ,
2026-08-20 18:16:47 ,         139.0   ,            101.3   ,               27.9   ,        41.9   ,               0   ,                   0   ,            858   ,          4   ,                        8   ,                   0   ,                    2   ,               19.6   ,                   8.6   ,               4.2   ,                11.9   ,              5.2   ,               12.0   ,              9.6   ,               11.9   ,                         7.1   ,              16   ,        0.6500   ,               36.0   ,                  6375   ,
2026-08-20 18:16:48 ,         139.0   ,            101.3   ,               27.8   ,        41.8   ,               0   ,                   0   ,            858   ,          2   ,                        8   ,                   0   ,                    0   ,               17.5   ,                   6.8   ,               3.8   ,                11.9   ,              4.1   ,               12.0   ,              8.9   ,               12.0   ,                         6.4   ,              16   ,        0.6500   ,               35.0   ,                  6367   ,
2026-08-20 18:16:49 ,         139.0   ,            101.3   ,               27.9   ,        41.9   ,               0   ,                   0   ,            858   ,          0   ,                        7   ,                   0   ,                    0   ,               22.2   ,                   9.7   ,               5.1   ,                11.9   ,              5.8   ,               12.0   ,             10.6   ,               11.9   ,                         8.1   ,              16   ,        0.6500   ,               36.0   ,                  6367   ,
2026-08-20 18:16:50 ,         139.0   ,            101.3   ,               28.0   ,        42.0   ,               0   ,                   0   ,            858   ,          2   ,                        8   ,                   0   ,                    1   ,               18.5   ,                   7.3   ,               4.0   ,                11.9   ,              4.4   ,               12.0   ,              9.4   ,               12.0   ,                         6.7   ,              16   ,        0.6500   ,               35.0   ,                  6368   ,
2026-08-20 18:16:51 ,         139.0   ,            101.3   ,               28.0   ,        42.0   ,               0   ,                   0   ,            858   ,          1   ,                        7   ,                   0   ,                    0   ,               19.9   ,                   8.3   ,               4.5   ,                11.9   ,              5.0   ,               12.0   ,              9.8   ,               12.0   ,                         7.2   ,              16   ,        0.6500   ,               35.0   ,                  6379   ,
2026-08-20 18:16:52 ,         139.0   ,            101.3   ,               28.0   ,        42.0   ,               0   ,                   0   ,            858   ,          3   ,                        8   ,                   0   ,                    1   ,               17.4   ,                   6.7   ,               4.0   ,                11.9   ,              4.0   ,               12.0   ,              8.7   ,               11.9   ,                         6.3   ,              16   ,        0.6500   ,               35.0   ,                  6371   ,
2026-08-20 18:16:53 ,         139.0   ,            101.3   ,               28.0   ,        42.0   ,               0   ,                   0   ,            858   ,          1   ,                        8   ,                   0   ,                    0   ,               22.2   ,                   9.2   ,               5.2   ,                11.9   ,              5.5   ,               12.0   ,             10.8   ,               11.9   ,                         8.1   ,              16   ,        0.6500   ,               44.0   ,                  6381   ,
2026-08-20 18:16:54 ,         139.0   ,            101.3   ,               28.0   ,        42.0   ,               0   ,                   0   ,            858   ,          3   ,                        8   ,                   0   ,                    1   ,               20.7   ,                   8.8   ,               4.7   ,                11.9   ,              5.3   ,               12.0   ,             10.0   ,               12.0   ,                         7.5   ,              16   ,        0.6500   ,               43.0   ,                  6369   ,
2026-08-20 18:16:55 ,         139.0   ,            101.3   ,               28.0   ,        42.0   ,               0   ,                   0   ,            858   ,          5   ,                        9   ,                   0   ,                    2   ,               18.8   ,                   8.3   ,               4.1   ,                11.9   ,              5.0   ,               12.0   ,              9.1   ,               12.0   ,                         6.9   ,              16   ,        0.6500   ,               35.0   ,                  6367   ,
2026-08-20 18:16:56 ,         139.0   ,            101.3   ,               28.0   ,        42.0   ,               0   ,                   0   ,            858   ,          3   ,                        8   ,                   0   ,                    1   ,               17.9   ,                   7.7   ,               3.6   ,                11.9   ,              4.6   ,               12.0   ,              9.0   ,               11.9   ,                         6.5   ,              16   ,        0.6500   ,               35.0   ,                  6368   ,
2026-08-20 18:16:57 ,         139.0   ,            101.3   ,               28.1   ,        42.1   ,               0   ,                   0   ,            858   ,          1   ,                        7   ,                   0   ,                    0   ,               22.5   ,                   9.9   ,               5.2   ,                11.9   ,              5.9   ,               12.0   ,             10.7   ,               12.0   ,                         8.2   ,              16   ,        0.6500   ,               39.0   ,                  6369   ,
2026-08-20 18:16:58 ,         139.0   ,            101.3   ,               28.1   ,        42.1   ,               0   ,                   0   ,            858   ,          7   ,                       10   ,                   0   ,                    3   ,               18.6   ,                   7.7   ,               4.2   ,                11.9   ,              4.6   ,               12.0   ,              9.2   ,               11.9   ,                         8.2   ,              16   ,        0.6500   ,               40.0   ,                  6373   ,
2026-08-20 18:16:59 ,         139.0   ,            101.3   ,               28.0   ,        42.0   ,               0   ,                   0   ,            858   ,          5   ,                        9   ,                   0   ,                    2   ,               18.0   ,                   7.2   ,               4.0   ,                11.9   ,              4.3   ,               12.0   ,              9.0   ,               11.9   ,                         6.5   ,              16   ,        0.6500   ,               35.0   ,                  6377   ,
2026-08-20 18:17:00 ,         139.0   ,            101.3   ,               28.0   ,        42.0   ,               0   ,                   0   ,            862   ,          2   ,                        7   ,                   0   ,                    0   ,               19.0   ,                   7.8   ,               4.2   ,                11.9   ,              4.7   ,               12.0   ,              9.5   ,               11.9   ,                         6.9   ,              16   ,        0.6500   ,               43.0   ,                  6383   ,
2026-08-20 18:17:01 ,         164.5   ,            101.3   ,               28.0   ,        42.0   ,               0   ,                   0   ,            863   ,          0   ,                        6   ,                   0   ,                    0   ,               22.6   ,                  10.2   ,               5.1   ,                11.9   ,              6.1   ,               12.0   ,             10.7   ,               11.9   ,                         8.2   ,              16   ,        0.6500   ,               35.0   ,                  6379   ,
2026-08-20 18:17:02 ,         164.5   ,            101.3   ,               28.0   ,        42.0   ,               0   ,                   0   ,            862   ,          1   ,                        7   ,                   0   ,                    0   ,               18.0   ,                   7.5   ,               3.9   ,                11.9   ,              5.5   ,               12.0   ,             10.6   ,               12.0   ,                         7.9   ,              16   ,        0.6500   ,               35.0   ,                  6380   ,
2026-08-20 18:17:03 ,         164.5   ,            101.3   ,               28.1   ,        42.1   ,               0   ,                   0   ,            862   ,          0   ,                        7   ,                   0   ,                    0   ,               19.5   ,                   8.3   ,               4.4   ,                11.9   ,              5.0   ,               12.0   ,              9.5   ,               11.9   ,                         7.1   ,              16   ,        0.6500   ,               35.0   ,                  6382   ,
2026-08-20 18:17:04 ,         139.0   ,            101.3   ,               28.0   ,        42.0   ,               0   ,                   0   ,            862   ,          0   ,                        7   ,                   0   ,                    0   ,               18.0   ,                   7.2   ,               3.8   ,                11.9   ,              4.3   ,               12.0   ,              9.2   ,               12.0   ,                         6.5   ,              16   ,        0.6500   ,               35.0   ,                  6380   ,
2026-08-20 18:17:05 ,         164.5   ,            101.3   ,               27.8   ,        41.8   ,               0   ,                   0   ,            850   ,         43   ,                       22   ,                   0   ,                    2   ,               21.1   ,                   9.4   ,               3.6   ,                11.9   ,              4.2   ,               12.0   ,              8.4   ,               12.0   ,                         6.2   ,              16   ,        0.6500   ,               40.0   ,                  6378   ,
2026-08-20 18:17:06 ,         164.5   ,            101.3   ,               27.9   ,        41.9   ,               0   ,                   0   ,            858   ,          0   ,                        7   ,                   0   ,                    0   ,               17.8   ,                   7.3   ,               3.9   ,                11.9   ,              4.4   ,               12.0   ,              8.8   ,               12.0   ,                         6.5   ,              16   ,        0.6500   ,               35.0   ,                  6387   ,
2026-08-20 18:17:07 ,         164.5   ,            101.3   ,               27.8   ,        41.8   ,               0   ,                   0   ,            858   ,          0   ,                        7   ,                   0   ,                    0   ,               17.9   ,                   7.2   ,               3.9   ,                11.9   ,              4.3   ,               12.0   ,              9.0   ,               12.0   ,                         6.5   ,              16   ,        0.6500   ,               35.0   ,                  6384   ,
2026-08-20 18:17:08 ,         164.5   ,            101.3   ,               27.8   ,        41.8   ,               0   ,                   0   ,            858   ,          0   ,                        7   ,                   0   ,                    0   ,               18.1   ,                   7.8   ,               3.8   ,                11.9   ,              4.7   ,               12.0   ,              8.9   ,               11.9   ,                         6.6   ,              16   ,        0.6500   ,               35.0   ,                  6384   ,
2026-08-20 18:17:09 ,         164.5   ,            101.3   ,               27.9   ,        41.9   ,               0   ,                   0   ,            858   ,          0   ,                        7   ,                   0   ,                    0   ,               17.4   ,                   6.8   ,               3.7   ,                11.9   ,              4.1   ,               12.0   ,              8.9   ,               11.9   ,                         6.3   ,              16   ,        0.6500   ,               35.0   ,                  6367   ,
2026-08-20 18:17:10 ,         164.5   ,            101.3   ,               27.8   ,        41.8   ,               0   ,                   0   ,            841   ,          0   ,                        7   ,                   0   ,                    0   ,               17.8   ,                   7.2   ,               3.8   ,                11.9   ,              4.3   ,               12.0   ,              9.0   ,               12.0   ,                         6.5   ,              16   ,        0.6500   ,               34.0   ,                  6365   ,
2026-08-20 18:17:11 ,         164.5   ,            101.3   ,               27.8   ,        41.8   ,               0   ,                   0   ,            841   ,          0   ,                        7   ,                   0   ,                    0   ,               18.3   ,                   8.1   ,               3.9   ,                11.9   ,              4.9   ,               12.0   ,              8.8   ,               12.0   ,                         6.6   ,              16   ,        0.6500   ,               35.0   ,                  6365   ,
2026-08-20 18:17:12 ,         164.5   ,            101.3   ,               27.8   ,        41.8   ,               0   ,                   0   ,            841   ,          0   ,                        7   ,                   0   ,                    0   ,               17.8   ,                   7.5   ,               3.9   ,                11.9   ,              4.5   ,               12.0   ,              8.7   ,               11.9   ,                         6.5   ,              16   ,        0.6500   ,               35.0   ,                  6366   ,
2026-08-20 18:17:13 ,         164.5   ,            101.3   ,               27.8   ,        41.8   ,               0   ,                   0   ,            841   ,          0   ,                        7   ,                   0   ,                    0   ,               17.7   ,                   7.3   ,               3.8   ,                11.9   ,              4.4   ,               12.0   ,              8.8   ,               12.0   ,                         6.4   ,              16   ,        0.6500   ,               35.0   ,                  6362   ,
2026-08-20 18:17:14 ,         189.5   ,            101.3   ,               27.8   ,        41.8   ,               0   ,                   0   ,            844   ,          0   ,                        7   ,                   0   ,                    0   ,               17.7   ,                   7.2   ,               3.8   ,                11.9   ,              4.3   ,               12.0   ,              8.9   ,               12.0   ,                         6.4   ,              16   ,        0.6500   ,               35.0   ,                  6364   ,
2026-08-20 18:17:15 ,         189.5   ,            101.3   ,               27.8   ,        41.8   ,               0   ,                   0   ,            844   ,          0   ,                        7   ,                   0   ,                    0   ,               17.4   ,                   6.7   ,               3.8   ,                11.9   ,              4.0   ,               12.0   ,              8.9   ,               12.0   ,                         6.3   ,              16   ,        0.6500   ,               35.0   ,                  6362   ,
2026-08-20 18:17:16 ,         189.5   ,            101.3   ,               27.8   ,        41.8   ,               0   ,                   0   ,            844   ,          0   ,                        7   ,                   0   ,                    0   ,               17.7   ,                   7.5   ,               3.7   ,                11.9   ,              4.5   ,               12.0   ,              8.8   ,               12.0   ,                         6.4   ,              16   ,        0.6500   ,               35.0   ,                  6364   ,
2026-08-20 18:17:17 ,         189.5   ,            101.3   ,               27.8   ,        41.8   ,               0   ,                   0   ,            833   ,         26   ,                       12   ,                   0   ,                    1   ,               17.7   ,                   7.2   ,               3.9   ,                11.9   ,              4.3   ,               12.0   ,              8.8   ,               12.0   ,                         6.4   ,              16   ,        0.6500   ,               36.0   ,                  6352   ,
2026-08-20 18:17:18 ,         189.5   ,            101.3   ,               27.8   ,        41.8   ,               0   ,                   0   ,            833   ,          0   ,                        7   ,                   0   ,                    0   ,               17.7   ,                   7.0   ,               3.9   ,                11.9   ,              4.2   ,               12.0   ,              8.9   ,               12.0   ,                         6.4   ,              16   ,        0.6500   ,               35.0   ,                  6353   ,
2026-08-20 18:17:19 ,         189.5   ,            101.3   ,               27.7   ,        41.7   ,               0   ,                   0   ,            833   ,          0   ,                        7   ,                   0   ,                    0   ,               17.3   ,                   7.0   ,               3.7   ,                11.9   ,              4.2   ,               12.0   ,              8.7   ,               12.0   ,                         6.3   ,              16   ,        0.6500   ,               35.0   ,                  6353   ,
2026-08-20 18:17:20 ,         189.5   ,            101.3   ,               27.7   ,        41.7   ,               0   ,                   0   ,            833   ,          0   ,                        7   ,                   0   ,                    0   ,               17.1   ,                   6.5   ,               3.7   ,                11.9   ,              3.9   ,               12.0   ,              8.8   ,               12.0   ,                         6.2   ,              16   ,        0.6500   ,               34.0   ,                  6353   ,
2026-08-20 18:17:21 ,         189.5   ,            101.3   ,               27.8   ,        41.8   ,               0   ,                   0   ,            833   ,          0   ,                        7   ,                   0   ,                    0   ,               17.5   ,                   7.3   ,               3.7   ,                11.9   ,              4.4   ,               12.0   ,              8.7   ,               12.0   ,                         6.4   ,              16   ,        0.6500   ,               35.0   ,                  6349   ,
2026-08-20 18:17:22 ,         189.5   ,            101.3   ,               27.7   ,        41.7   ,               0   ,                   0   ,            833   ,          0   ,                        7   ,                   0   ,                    0   ,               17.9   ,                   7.3   ,               3.8   ,                11.9   ,              4.4   ,               12.0   ,              9.0   ,               11.9   ,                         6.5   ,              16   ,        0.6500   ,               35.0   ,                  6349   ,
2026-08-20 18:17:23 ,         189.5   ,            101.3   ,               27.8   ,        41.8   ,               0   ,                   0   ,            833   ,          0   ,                        7   ,                   0   ,                    0   ,               17.3   ,                   7.2   ,               3.7   ,                11.9   ,              4.3   ,               12.0   ,              8.6   ,               12.0   ,                         6.3   ,              16   ,        0.6500   ,               35.0   ,                  6348   ,
2026-08-20 18:17:24 ,         189.5   ,            101.3   ,               27.8   ,        41.8   ,               0   ,                   0   ,            833   ,          0   ,                        7   ,                   0   ,                    0   ,               17.8   ,                   7.8   ,               3.7   ,                11.9   ,              4.7   ,               12.0   ,              8.7   ,               11.9   ,                         6.5   ,              16   ,        0.6500   ,               35.0   ,                  6348   ,
2026-08-20 18:17:25 ,         189.5   ,            101.3   ,               27.8   ,        41.8   ,               0   ,                   0   ,            833   ,          0   ,                        7   ,                   0   ,                    0   ,               17.9   ,                   7.8   ,               3.9   ,                11.9   ,              4.7   ,               12.0   ,              8.6   ,               12.0   ,                         6.5   ,              16   ,        0.6500   ,               34.0   ,                  6346   ,
2026-08-20 18:17:26 ,         189.5   ,            101.3   ,               27.7   ,        41.7   ,               0   ,                   0   ,            833   ,          0   ,                        7   ,                   0   ,                    0   ,               17.4   ,                   7.2   ,               3.7   ,                11.9   ,              4.3   ,               12.0   ,              8.7   ,               12.0   ,                         6.3   ,              16   ,        0.6500   ,               35.0   ,                  6346   ,
2026-08-20 18:17:27 ,         189.5   ,            101.3   ,               27.5   ,        41.5   ,               0   ,                   0   ,            833   ,          0   ,                        7   ,                   0   ,                    0   ,               18.2   ,                   7.8   ,               3.9   ,                11.9   ,              4.7   ,               12.0   ,              8.9   ,               11.9   ,                         6.6   ,              16   ,        0.6500   ,               34.0   ,                  6345   ,
2026-08-20 18:17:28 ,         189.5   ,            101.3   ,               27.7   ,        41.7   ,               0   ,                   0   ,            833   ,          0   ,                        7   ,                   0   ,                    0   ,               17.4   ,                   6.8   ,               3.8   ,                11.9   ,              4.1   ,               12.0   ,              8.8   ,               12.0   ,                         6.3   ,              16   ,        0.6500   ,               34.0   ,                  6345   ,
2026-08-20 18:17:29 ,         189.5   ,            101.3   ,               27.8   ,        41.8   ,               0   ,                   0   ,            833   ,          0   ,                        7   ,                   0   ,                    0   ,               18.1   ,                   7.7   ,               3.8   ,                11.9   ,              4.6   ,               12.0   ,              9.0   ,               11.9   ,                         6.6   ,              16   ,        0.6500   ,               34.0   ,                  6344   ,
2026-08-20 18:17:30 ,         189.5   ,            101.3   ,               27.8   ,        41.8   ,               0   ,                   0   ,            832   ,          0   ,                        7   ,                   0   ,                    0   ,               17.6   ,                   6.8   ,               3.8   ,                11.9   ,              4.1   ,               12.0   ,              9.0   ,               12.0   ,                         6.4   ,              16   ,        0.6500   ,               35.0   ,                  6344   ,
2026-08-20 18:17:31 ,         189.5   ,            101.3   ,               27.7   ,        41.7   ,               0   ,                   0   ,            818   ,         16   ,                       10   ,                   0   ,                    0   ,               22.7   ,                   9.4   ,               5.3   ,                11.9   ,              5.6   ,               12.0   ,             11.0   ,               12.0   ,                         8.2   ,              16   ,        0.6500   ,               43.0   ,                  6444   ,
2026-08-20 18:17:32 ,         189.5   ,            101.3   ,               27.7   ,        41.7   ,               0   ,                   0   ,            831   ,          2   ,                        7   ,                   0   ,                    0   ,               17.4   ,                   7.0   ,               3.8   ,                11.9   ,              4.2   ,               12.0   ,              8.7   ,               12.0   ,                         6.3   ,              16   ,        0.6500   ,               41.0   ,                  6487   ,
2026-08-20 18:17:33 ,         189.5   ,            101.3   ,               27.7   ,        41.7   ,               0   ,                   0   ,            827   ,          2   ,                        7   ,                   0   ,                    0   ,               18.0   ,                   7.2   ,               4.0   ,                11.9   ,              4.3   ,               12.0   ,              9.0   ,               11.9   ,                         6.5   ,              16   ,        0.6500   ,               35.0   ,                  6487   ,
2026-08-20 18:17:34 ,         189.5   ,            101.3   ,               27.6   ,        41.6   ,               0   ,                   0   ,            826   ,          1   ,                        7   ,                   0   ,                    0   ,               22.6   ,                  10.0   ,               5.2   ,                11.9   ,              6.0   ,               12.0   ,             10.7   ,               11.9   ,                         8.2   ,              16   ,        0.6500   ,               38.0   ,                  6490   ,
2026-08-20 18:17:35 ,         189.5   ,            101.3   ,               27.7   ,        41.7   ,               0   ,                   0   ,            822   ,          2   ,                        7   ,                   0   ,                    0   ,               18.7   ,                   7.8   ,               4.2   ,                11.9   ,              4.7   ,               12.0   ,              9.2   ,               11.9   ,                         6.8   ,              16   ,        0.6500   ,               44.0   ,                  6488   ,
2026-08-20 18:17:36 ,         189.5   ,            101.3   ,               27.5   ,        41.5   ,               0   ,                   0   ,            824   ,          1   ,                        7   ,                   0   ,                    0   ,               16.6   ,                   6.7   ,               3.4   ,                11.9   ,              4.0   ,               12.0   ,              8.5   ,               12.0   ,                         6.1   ,              16   ,        0.6500   ,               43.0   ,                  6541   ,
2026-08-20 18:17:37 ,         189.5   ,            101.3   ,               27.7   ,        41.7   ,               0   ,                   0   ,            825   ,         16   ,                        9   ,                   0   ,                    0   ,               20.6   ,                   6.4   ,               3.7   ,                11.9   ,              3.8   ,               12.0   ,              8.5   ,               12.0   ,                         6.1   ,              16   ,        0.6500   ,               47.0   ,                  6665   ,
2026-08-20 18:17:38 ,         189.5   ,            101.3   ,               27.6   ,        41.6   ,               0   ,                   0   ,            837   ,         23   ,                       12   ,                   0   ,                    0   ,               20.9   ,                  10.7   ,               5.4   ,                11.9   ,              5.2   ,               12.0   ,              9.9   ,               12.0   ,                         7.4   ,              16   ,        0.6500   ,               47.0   ,                  6758   ,
2026-08-20 18:17:39 ,        1569.0   ,           1377.0   ,               28.0   ,        42.0   ,               0   ,                   0   ,            858   ,         20   ,                        2   ,                   0   ,                    0   ,               66.6   ,                  22.8   ,              20.7   ,                11.9   ,             13.7   ,               11.9   ,             31.6   ,               11.9   ,                        24.2   ,              16   ,        0.8120   ,               50.0   ,                  6852   ,
2026-08-20 18:17:40 ,        1569.0   ,           1377.0   ,               28.5   ,        42.5   ,               0   ,                   0   ,            848   ,          3   ,                        1   ,                   0   ,                    0   ,               66.6   ,                  23.1   ,              20.7   ,                11.9   ,             13.9   ,               11.9   ,             31.6   ,               11.9   ,                        24.3   ,              16   ,        0.8120   ,               46.0   ,                  6656   ,
2026-08-20 18:17:41 ,        1569.0   ,           1377.0   ,               28.6   ,        42.6   ,               0   ,                   0   ,            865   ,          1   ,                        1   ,                   0   ,                    0   ,               66.9   ,                  23.1   ,              20.7   ,                11.9   ,             13.9   ,               11.9   ,             31.6   ,               11.9   ,                        24.3   ,              16   ,        0.8120   ,               43.0   ,                  6728   ,
2026-08-20 18:17:42 ,        1569.0   ,           1377.0   ,               28.6   ,        42.6   ,               0   ,                   0   ,            868   ,          0   ,                        1   ,                   0   ,                    0   ,               66.5   ,                  22.8   ,              20.6   ,                11.9   ,             13.7   ,               11.9   ,             31.5   ,               11.9   ,                        24.2   ,              16   ,        0.8120   ,               38.0   ,                  6825   ,
2026-08-20 18:17:43 ,        1569.0   ,           1377.0   ,               28.7   ,        42.7   ,               0   ,                   0   ,            865   ,          0   ,                        0   ,                   0   ,                    0   ,               66.5   ,                  22.8   ,              20.6   ,                11.9   ,             13.7   ,               11.9   ,             31.5   ,               11.9   ,                        24.2   ,              16   ,        0.8120   ,               36.0   ,                  6834   ,
2026-08-20 18:17:44 ,        1569.0   ,           1377.0   ,               28.8   ,        42.8   ,               0   ,                   0   ,            862   ,          0   ,                        0   ,                   0   ,                    0   ,               65.9   ,                  22.0   ,              20.7   ,                11.9   ,             13.2   ,               11.9   ,             31.4   ,               11.9   ,                        24.0   ,              16   ,        0.8120   ,               35.0   ,                  6833   ,
2026-08-20 18:17:45 ,        1569.0   ,           1377.0   ,               28.8   ,        42.8   ,               0   ,                   0   ,            862   ,          0   ,                        0   ,                   0   ,                    0   ,               66.7   ,                  23.3   ,              20.7   ,                11.9   ,             14.0   ,               11.9   ,             31.4   ,               11.9   ,                        24.2   ,              16   ,        0.8120   ,               35.0   ,                  6812   ,
2026-08-20 18:17:46 ,        1569.0   ,           1377.0   ,               28.9   ,        42.9   ,               0   ,                   0   ,            862   ,          0   ,                        0   ,                   0   ,                    0   ,               66.5   ,                  22.8   ,              20.7   ,                11.9   ,             13.7   ,               11.9   ,             31.4   ,               11.9   ,                        24.2   ,              16   ,        0.8120   ,               35.0   ,                  6816   ,
2026-08-20 18:17:47 ,        1569.0   ,           1377.0   ,               28.9   ,        42.9   ,               0   ,                   0   ,            838   ,          0   ,                        0   ,                   0   ,                    0   ,               66.3   ,                  22.5   ,              20.7   ,                11.9   ,             13.5   ,               11.9   ,             31.4   ,               11.9   ,                        24.1   ,              16   ,        0.8120   ,               35.0   ,                  6797   ,
2026-08-20 18:17:48 ,        1569.0   ,           1377.0   ,               29.0   ,        43.0   ,               0   ,                   0   ,            838   ,          0   ,                        0   ,                   0   ,                    0   ,               66.0   ,                  22.3   ,              20.6   ,                11.9   ,             13.4   ,               11.9   ,             31.3   ,               11.9   ,                        24.0   ,              16   ,        0.8120   ,               35.0   ,                  6795   ,
2026-08-20 18:17:49 ,        1569.0   ,           1377.0   ,               29.2   ,        43.2   ,               0   ,                   0   ,            884   ,          0   ,                        0   ,                   0   ,                    0   ,               66.4   ,                  22.8   ,              20.6   ,                11.9   ,             13.7   ,               11.9   ,             31.4   ,               11.9   ,                        24.1   ,              16   ,        0.8120   ,               35.0   ,                  6773   ,
2026-08-20 18:17:50 ,        1215.0   ,           1251.5   ,               29.2   ,        43.2   ,               0   ,                   0   ,            884   ,          0   ,                        0   ,                   0   ,                    0   ,               58.6   ,                  17.5   ,              19.5   ,                11.9   ,             10.5   ,               11.9   ,             27.9   ,               11.9   ,                        21.3   ,              16   ,        0.7180   ,               49.0   ,                  6760   ,
2026-08-20 18:17:51 ,        1215.0   ,           1251.5   ,               29.0   ,        43.0   ,               0   ,                   0   ,            890   ,          0   ,                        1   ,                   0   ,                    0   ,               58.6   ,                  17.2   ,              19.6   ,                11.9   ,             10.3   ,               12.0   ,             28.0   ,               11.9   ,                        21.3   ,              16   ,        0.7180   ,               39.0   ,                  6746   ,
2026-08-20 18:17:52 ,        1215.0   ,           1251.5   ,               28.9   ,        42.9   ,               0   ,                   0   ,            880   ,          0   ,                        1   ,                   0   ,                    0   ,               58.7   ,                  17.2   ,              19.6   ,                11.9   ,             10.3   ,               11.9   ,             28.1   ,               11.9   ,                        21.3   ,              16   ,        0.7180   ,               38.0   ,                  6751   ,
2026-08-20 18:17:53 ,         734.0   ,            202.5   ,               28.9   ,        42.9   ,               0   ,                   0   ,            895   ,          0   ,                        3   ,                   0   ,                    0   ,               22.6   ,                  10.5   ,               5.1   ,                11.9   ,              6.3   ,               12.0   ,             10.5   ,               12.0   ,                         8.2   ,              16   ,        0.6500   ,               35.0   ,                  6750   ,
2026-08-20 18:17:54 ,         734.0   ,            202.5   ,               28.7   ,        42.7   ,               0   ,                   0   ,            895   ,          0   ,                        4   ,                   0   ,                    0   ,               22.2   ,                  10.4   ,               4.8   ,                11.9   ,              6.2   ,               12.0   ,             10.5   ,               11.9   ,                         8.1   ,              16   ,        0.6500   ,               35.0   ,                  6759   ,
2026-08-20 18:17:55 ,         734.0   ,            202.5   ,               28.5   ,        42.5   ,               0   ,                   0   ,            895   ,          0   ,                        4   ,                   0   ,                    0   ,               21.9   ,                  10.0   ,               5.1   ,                11.9   ,              6.0   ,               12.0   ,             10.1   ,               12.0   ,                         8.0   ,              16   ,        0.6500   ,               35.0   ,                  6740   ,
2026-08-20 18:17:56 ,         253.0   ,            101.3   ,               28.5   ,        42.5   ,               0   ,                   0   ,            859   ,          6   ,                        9   ,                   0   ,                    0   ,               18.6   ,                   7.7   ,               4.1   ,                11.9   ,              4.6   ,               12.0   ,              9.2   ,               12.0   ,                         6.7   ,              16   ,        0.6500   ,               44.0   ,                  6753   ,
2026-08-20 18:17:57 ,         253.0   ,            101.3   ,               28.5   ,        42.5   ,               0   ,                   0   ,            871   ,         19   ,                       13   ,                   0   ,                    0   ,               21.8   ,                   9.6   ,               4.9   ,                11.9   ,              5.7   ,               12.0   ,             10.5   ,               12.0   ,                         7.9   ,              16   ,        0.6500   ,               51.0   ,                  6927   ,
2026-08-20 18:17:58 ,         253.0   ,            101.3   ,               28.4   ,        42.4   ,               0   ,                   0   ,            843   ,          4   ,                        8   ,                   0   ,                    0   ,               22.4   ,                   9.7   ,               5.2   ,                11.9   ,              5.8   ,               12.0   ,             10.7   ,               12.0   ,                         8.1   ,              16   ,        0.6500   ,               39.0   ,                  7020   ,
2026-08-20 18:17:59 ,         151.5   ,            101.3   ,               28.4   ,        42.4   ,               0   ,                   0   ,            842   ,          0   ,                        7   ,                   0   ,                    0   ,               21.3   ,                   9.4   ,               4.8   ,                11.9   ,              5.6   ,               12.0   ,             10.2   ,               11.9   ,                         8.2   ,              16   ,        0.6500   ,               40.0   ,                  7003   ,
2026-08-20 18:18:00 ,         151.5   ,            101.3   ,               28.4   ,        42.4   ,               0   ,                   0   ,            855   ,          9   ,                        9   ,                   0   ,                    0   ,               20.8   ,                   9.2   ,               4.7   ,                11.9   ,              5.5   ,               12.0   ,              9.9   ,               12.0   ,                         7.6   ,              16   ,        0.6500   ,               44.0   ,                  6906   ,
2026-08-20 18:18:01 ,         139.0   ,            101.3   ,               28.5   ,        42.5   ,               0   ,                   0   ,            881   ,         31   ,                       14   ,                   0   ,                    1   ,               20.6   ,                   8.8   ,               4.6   ,                11.9   ,              5.3   ,               12.0   ,             10.0   ,               12.0   ,                         7.5   ,              16   ,        0.6500   ,               48.0   ,                  7000   ,
2026-08-20 18:18:02 ,         139.0   ,            101.3   ,               28.5   ,        42.5   ,               0   ,                   0   ,            857   ,          3   ,                        8   ,                   0   ,                    0   ,               21.8   ,                   9.1   ,               5.2   ,                11.9   ,              5.7   ,               12.0   ,             10.8   ,               12.0   ,                         8.2   ,              16   ,        0.6500   ,               51.0   ,                  7193   ,
2026-08-20 18:18:03 ,         139.0   ,            101.3   ,               28.4   ,        42.4   ,               0   ,                   0   ,            851   ,          0   ,                        7   ,                   0   ,                    0   ,               18.3   ,                   8.0   ,               3.8   ,                11.9   ,              4.8   ,               12.0   ,              9.0   ,               12.0   ,                         6.6   ,              16   ,        0.6500   ,               37.0   ,                  7217   ,
2026-08-20 18:18:04 ,         139.0   ,            101.3   ,               28.4   ,        42.4   ,               0   ,                   0   ,            852   ,          0   ,                        7   ,                   0   ,                    0   ,               22.2   ,                   9.6   ,               5.1   ,                11.9   ,              5.7   ,               12.0   ,             10.7   ,               11.9   ,                         8.1   ,              16   ,        0.6500   ,               37.0   ,                  7218   ,
2026-08-20 18:18:05 ,         139.0   ,            101.3   ,               28.4   ,        42.4   ,               0   ,                   0   ,            901   ,          3   ,                        8   ,                   0   ,                    1   ,               22.5   ,                   9.7   ,               5.2   ,                11.9   ,              5.8   ,               12.0   ,             10.8   ,               11.9   ,                         8.2   ,              16   ,        0.6500   ,               37.0   ,                  7230   ,
2026-08-20 18:18:06 ,         139.0   ,            101.3   ,               28.3   ,        42.3   ,               0   ,                   0   ,            900   ,          0   ,                        7   ,                   0   ,                    0   ,               18.6   ,                   7.7   ,               4.0   ,                11.9   ,              4.6   ,               12.0   ,              9.3   ,               11.9   ,                         6.7   ,              16   ,        0.6500   ,               35.0   ,                  7221   ,
2026-08-20 18:18:07 ,         139.0   ,            101.3   ,               28.5   ,        42.5   ,               0   ,                   0   ,            899   ,          0   ,                        7   ,                   0   ,                    0   ,               22.1   ,                   9.1   ,               5.2   ,                11.9   ,              5.5   ,               12.0   ,             10.8   ,               11.9   ,                         8.0   ,              16   ,        0.6500   ,               38.0   ,                  7220   ,
2026-08-20 18:18:08 ,         139.0   ,            101.3   ,               28.2   ,        42.2   ,               0   ,                   0   ,            899   ,          2   ,                        8   ,                   0   ,                    0   ,               22.6   ,                  10.2   ,               5.1   ,                11.9   ,              6.1   ,               12.0   ,             10.7   ,               12.0   ,                         8.2   ,              16   ,        0.6500   ,               40.0   ,                  7256   ,
2026-08-20 18:18:09 ,         139.0   ,            101.3   ,               28.4   ,        42.4   ,               0   ,                   0   ,            883   ,          3   ,                        7   ,                   0   ,                    0   ,               22.2   ,                   9.7   ,               5.1   ,                11.9   ,              5.8   ,               12.0   ,             10.6   ,               11.9   ,                         8.1   ,              16   ,        0.6500   ,               49.0   ,                  7254   ,
2026-08-20 18:18:10 ,         139.0   ,            101.3   ,               28.3   ,        42.3   ,               0   ,                   0   ,            880   ,         12   ,                       10   ,                   0   ,                    1   ,               19.0   ,                   7.5   ,               5.2   ,                11.9   ,              5.5   ,               12.0   ,             10.7   ,               12.0   ,                         8.0   ,              16   ,        0.6500   ,               45.0   ,                  7270   ,
2026-08-20 18:18:11 ,         139.0   ,            101.3   ,               28.4   ,        42.4   ,               0   ,                   0   ,            880   ,          2   ,                        8   ,                   0   ,                    0   ,               20.1   ,                   8.1   ,               4.4   ,                11.9   ,              4.9   ,               12.0   ,             10.1   ,               12.0   ,                         7.3   ,              16   ,        0.6500   ,               51.0   ,                  7227   ,
2026-08-20 18:18:12 ,         139.0   ,            101.3   ,               28.2   ,        42.2   ,               0   ,                   0   ,            876   ,          0   ,                        7   ,                   0   ,                    0   ,               17.7   ,                   7.3   ,               3.7   ,                11.9   ,              4.4   ,               12.0   ,              8.9   ,               12.0   ,                         6.4   ,              16   ,        0.6500   ,               36.0   ,                  7175   ,
2026-08-20 18:18:13 ,         139.0   ,            101.3   ,               28.3   ,        42.3   ,               0   ,                   0   ,            876   ,          1   ,                        7   ,                   0   ,                    0   ,               17.6   ,                   7.0   ,               3.9   ,                11.9   ,              4.2   ,               12.0   ,              8.8   ,               12.0   ,                         6.4   ,              16   ,        0.6500   ,               35.0   ,                  7166   ,
2026-08-20 18:18:14 ,         139.0   ,            101.3   ,               28.1   ,        42.1   ,               0   ,                   0   ,            876   ,          1   ,                        8   ,                   0   ,                    0   ,               17.4   ,                   6.8   ,               3.8   ,                11.9   ,              4.1   ,               12.0   ,              8.8   ,               12.0   ,                         6.3   ,              16   ,        0.6500   ,               35.0   ,                  7127   ,
2026-08-20 18:18:15 ,         139.0   ,            101.3   ,               28.1   ,        42.1   ,               0   ,                   0   ,            876   ,          1   ,                        7   ,                   0   ,                    0   ,               17.8   ,                   6.8   ,               3.8   ,                11.9   ,              4.1   ,               12.0   ,              9.2   ,               11.9   ,                         6.5   ,              16   ,        0.6500   ,               36.0   ,                  7114   ,
2026-08-20 18:18:16 ,         139.0   ,            101.3   ,               28.0   ,        42.0   ,               0   ,                   0   ,            876   ,          1   ,                        7   ,                   0   ,                    0   ,               17.7   ,                   7.3   ,               3.8   ,                11.9   ,              4.4   ,               12.0   ,              8.8   ,               11.9   ,                         6.4   ,              16   ,        0.6500   ,               35.0   ,                  7116   ,
2026-08-20 18:18:17 ,         139.0   ,            101.3   ,               28.2   ,        42.2   ,               0   ,                   0   ,            876   ,          1   ,                        7   ,                   0   ,                    0   ,               17.8   ,                   7.2   ,               3.8   ,                11.9   ,              4.3   ,               12.0   ,              9.0   ,               11.9   ,                         6.5   ,              16   ,        0.6500   ,               35.0   ,                  7109   ,
2026-08-20 18:18:18 ,         139.0   ,            101.3   ,               28.0   ,        42.0   ,               0   ,                   0   ,            876   ,          1   ,                        7   ,                   0   ,                    0   ,               18.2   ,                   7.7   ,               3.8   ,                11.9   ,              4.6   ,               12.0   ,              9.1   ,               12.0   ,                         6.6   ,              16   ,        0.6500   ,               35.0   ,                  7094   ,
2026-08-20 18:18:19 ,         139.0   ,            101.3   ,               28.1   ,        42.1   ,               0   ,                   0   ,            845   ,          1   ,                        7   ,                   0   ,                    0   ,               17.7   ,                   7.3   ,               3.8   ,                11.9   ,              4.4   ,               12.0   ,              8.8   ,               12.0   ,                         6.4   ,              16   ,        0.6500   ,               34.0   ,                  7096   ,
2026-08-20 18:18:20 ,         139.0   ,            101.3   ,               28.2   ,        42.2   ,               0   ,                   0   ,            891   ,         26   ,                       14   ,                   0   ,                    1   ,               17.5   ,                   6.5   ,               3.8   ,                11.9   ,              3.9   ,               12.0   ,              9.1   ,               12.0   ,                         6.4   ,              16   ,        0.6500   ,               48.0   ,                  7112   ,
2026-08-20 18:18:21 ,         139.0   ,            101.3   ,               28.0   ,        42.0   ,               0   ,                   0   ,            895   ,          1   ,                        7   ,                   0   ,                    0   ,               20.5   ,                   9.1   ,               4.5   ,                11.9   ,              5.5   ,               12.0   ,              9.8   ,               12.0   ,                         7.4   ,              16   ,        0.6500   ,               49.0   ,                  7119   ,
2026-08-20 18:18:22 ,         139.0   ,            101.3   ,               28.1   ,        42.1   ,               0   ,                   0   ,            905   ,          1   ,                        7   ,                   0   ,                    0   ,               22.4   ,                   9.9   ,               5.1   ,                11.9   ,              5.9   ,               12.0   ,             10.7   ,               11.9   ,                         8.1   ,              16   ,        0.6500   ,               35.0   ,                  7119   ,
2026-08-20 18:18:23 ,         139.0   ,            101.3   ,               28.1   ,        42.1   ,               0   ,                   0   ,            905   ,          0   ,                        7   ,                   0   ,                    0   ,               22.8   ,                  10.5   ,               5.2   ,                11.9   ,              6.3   ,               12.0   ,             10.7   ,               11.9   ,                         8.3   ,              16   ,        0.6500   ,               41.0   ,                  7122   ,
2026-08-20 18:18:24 ,         139.0   ,            101.3   ,               28.0   ,        42.0   ,               0   ,                   0   ,            883   ,          0   ,                        7   ,                   0   ,                    0   ,               17.8   ,                   6.8   ,               3.9   ,                11.9   ,              4.1   ,               12.0   ,              9.1   ,               12.0   ,                         8.2   ,              16   ,        0.6500   ,               40.0   ,                  7115   ,
2026-08-20 18:18:25 ,         139.0   ,            101.3   ,               28.2   ,        42.2   ,               0   ,                   0   ,            883   ,          0   ,                        7   ,                   0   ,                    0   ,               22.0   ,                   9.6   ,               5.2   ,                11.9   ,              5.7   ,               12.0   ,             10.4   ,               11.9   ,                         8.0   ,              16   ,        0.6500   ,               35.0   ,                  7102   ,
2026-08-20 18:18:26 ,         139.0   ,            101.3   ,               28.1   ,        42.1   ,               0   ,                   0   ,            881   ,          0   ,                        7   ,                   0   ,                    0   ,               17.5   ,                   7.2   ,               3.8   ,                11.9   ,              4.3   ,               12.0   ,              8.7   ,               12.0   ,                         6.4   ,              16   ,        0.6500   ,               35.0   ,                  7108   ,
2026-08-20 18:18:27 ,         139.0   ,            101.3   ,               28.0   ,        42.0   ,               0   ,                   0   ,            878   ,          0   ,                        7   ,                   0   ,                    0   ,               17.5   ,                   6.8   ,               4.0   ,                11.9   ,              4.1   ,               12.0   ,              8.7   ,               12.0   ,                         6.4   ,              16   ,        0.6500   ,               35.0   ,                  7102   ,
2026-08-20 18:18:28 ,         139.0   ,            101.3   ,               28.0   ,        42.0   ,               0   ,                   0   ,            877   ,          0   ,                        6   ,                   0   ,                    0   ,               17.6   ,                   7.3   ,               3.7   ,                11.9   ,              4.4   ,               12.0   ,              8.8   ,               12.0   ,                         6.4   ,              16   ,        0.6500   ,               34.0   ,                  7102   ,
2026-08-20 18:18:29 ,         139.0   ,            101.3   ,               27.9   ,        41.9   ,               0   ,                   0   ,            877   ,          0   ,                        7   ,                   0   ,                    0   ,               18.0   ,                   7.8   ,               3.8   ,                11.9   ,              4.7   ,               12.0   ,              8.8   ,               11.9   ,                         6.5   ,              16   ,        0.6500   ,               34.0   ,                  7097   ,
2026-08-20 18:18:30 ,         139.0   ,            101.3   ,               27.8   ,        41.8   ,               0   ,                   0   ,            877   ,          0   ,                        7   ,                   0   ,                    0   ,               18.2   ,                   8.0   ,               3.9   ,                11.9   ,              4.8   ,               12.0   ,              8.8   ,               12.0   ,                         6.6   ,              16   ,        0.6500   ,               35.0   ,                  7093   ,
2026-08-20 18:18:31 ,         139.0   ,            101.3   ,               27.9   ,        41.9   ,               0   ,                   0   ,            877   ,          0   ,                        7   ,                   0   ,                    0   ,               17.7   ,                   7.3   ,               3.8   ,                11.9   ,              4.4   ,               12.0   ,              8.8   ,               12.0   ,                         6.4   ,              16   ,        0.6500   ,               35.0   ,                  7089   ,
2026-08-20 18:18:32 ,         139.0   ,            101.3   ,               27.9   ,        41.9   ,               0   ,                   0   ,            872   ,          0   ,                        7   ,                   0   ,                    0   ,               18.2   ,                   9.7   ,               5.1   ,                11.9   ,              5.8   ,               12.0   ,             10.7   ,               11.9   ,                         8.1   ,              16   ,        0.6500   ,               38.0   ,                  7075   ,
2026-08-20 18:18:33 ,         139.0   ,            101.3   ,               27.7   ,        41.7   ,               0   ,                   0   ,            871   ,          0   ,                        7   ,                   0   ,                    0   ,               17.4   ,                   6.8   ,               3.7   ,                11.9   ,              4.1   ,               12.0   ,              8.9   ,               12.0   ,                         6.3   ,              16   ,        0.6500   ,               34.0   ,                  7062   ,
2026-08-20 18:18:34 ,         139.0   ,            101.3   ,               27.9   ,        41.9   ,               0   ,                   0   ,            868   ,         26   ,                       14   ,                   0   ,                    0   ,               18.0   ,                   7.3   ,               3.9   ,                11.9   ,              4.4   ,               12.0   ,              9.0   ,               12.0   ,                         6.5   ,              16   ,        0.6500   ,               34.0   ,                  7072   ,
2026-08-20 18:18:35 ,         139.0   ,            101.3   ,               27.8   ,        41.8   ,               0   ,                   0   ,            868   ,          0   ,                        7   ,                   0   ,                    0   ,               17.9   ,                   7.7   ,               3.9   ,                11.9   ,              4.6   ,               12.0   ,              8.7   ,               12.0   ,                         6.5   ,              16   ,        0.6500   ,               35.0   ,                  7071   ,
2026-08-20 18:18:36 ,         139.0   ,            101.3   ,               27.8   ,        41.8   ,               0   ,                   0   ,            867   ,          0   ,                        7   ,                   0   ,                    0   ,               18.2   ,                   8.0   ,               3.9   ,                11.9   ,              4.8   ,               12.0   ,              8.8   ,               12.0   ,                         6.6   ,              16   ,        0.6500   ,               35.0   ,                  7063   ,
2026-08-20 18:18:37 ,         139.0   ,            101.3   ,               27.8   ,        41.8   ,               0   ,                   0   ,            867   ,          0   ,                        7   ,                   0   ,                    0   ,               17.7   ,                   6.8   ,               3.8   ,                11.9   ,              4.1   ,               12.0   ,              9.1   ,               12.0   ,                         6.4   ,              16   ,        0.6500   ,               34.0   ,                  7067   ,
2026-08-20 18:18:38 ,         139.0   ,            101.3   ,               27.8   ,        41.8   ,               0   ,                   0   ,            867   ,          0   ,                        7   ,                   0   ,                    0   ,               18.6   ,                   8.1   ,               3.9   ,                11.9   ,              4.9   ,               12.0   ,              9.2   ,               11.9   ,                         6.8   ,              16   ,        0.6500   ,               35.0   ,                  7070   ,
2026-08-20 18:18:39 ,         139.0   ,            101.3   ,               27.8   ,        41.8   ,               0   ,                   0   ,            883   ,          7   ,                        9   ,                   0   ,                    0   ,               22.5   ,                   9.4   ,               5.2   ,                11.9   ,              5.9   ,               12.0   ,             10.9   ,               11.9   ,                         8.3   ,              16   ,        0.6500   ,               42.0   ,                  7065   ,
2026-08-20 18:18:40 ,         139.0   ,            101.3   ,               27.8   ,        41.8   ,               0   ,                   0   ,            907   ,         18   ,                       11   ,                   0   ,                    0   ,               20.3   ,                   8.8   ,               4.6   ,                11.9   ,              5.3   ,               12.0   ,              9.7   ,               11.9   ,                         7.4   ,              16   ,        0.6500   ,               37.0   ,                  7084   ,
2026-08-20 18:18:41 ,         139.0   ,            101.3   ,               27.8   ,        41.8   ,               0   ,                   0   ,            905   ,          8   ,                        8   ,                   0   ,                    0   ,               18.1   ,                   7.3   ,               3.9   ,                11.9   ,              4.4   ,               12.0   ,              9.1   ,               12.0   ,                         6.6   ,              16   ,        0.6500   ,               35.0   ,                  7012   ,
2026-08-20 18:18:42 ,         139.0   ,            101.3   ,               27.6   ,        41.6   ,               0   ,                   0   ,            894   ,          3   ,                        7   ,                   0   ,                    0   ,               17.5   ,                   7.2   ,               3.7   ,                11.9   ,              4.3   ,               12.0   ,              8.8   ,               12.0   ,                         6.4   ,              16   ,        0.6500   ,               35.0   ,                  6866   ,
2026-08-20 18:18:43 ,         139.0   ,            101.3   ,               27.7   ,        41.7   ,               0   ,                   0   ,            891   ,          0   ,                        7   ,                   0   ,                    0   ,               22.1   ,                   9.2   ,               5.2   ,                11.9   ,              5.5   ,               12.0   ,             10.7   ,               12.0   ,                         8.0   ,              16   ,        0.6500   ,               35.0   ,                  6871   ,
2026-08-20 18:18:44 ,         139.0   ,            101.3   ,               27.8   ,        41.8   ,               0   ,                   0   ,            882   ,          0   ,                        7   ,                   0   ,                    0   ,               17.4   ,                   6.7   ,               3.9   ,                11.9   ,              4.0   ,               12.0   ,              8.8   ,               12.0   ,                         6.3   ,              16   ,        0.6500   ,               34.0   ,                  6863   ,
2026-08-20 18:18:45 ,         139.0   ,            101.3   ,               27.8   ,        41.8   ,               0   ,                   0   ,            874   ,          0   ,                        7   ,                   0   ,                    0   ,               17.5   ,                   6.8   ,               3.7   ,                11.9   ,              4.1   ,               12.0   ,              9.0   ,               12.0   ,                         6.4   ,              16   ,        0.6500   ,               35.0   ,                  6849   ,
2026-08-20 18:18:46 ,         139.0   ,            101.3   ,               27.8   ,        41.8   ,               0   ,                   0   ,            866   ,          9   ,                        9   ,                   0   ,                    1   ,               19.1   ,                   8.1   ,               4.3   ,                11.9   ,              4.9   ,               12.0   ,              9.3   ,               12.0   ,                         7.0   ,              16   ,        0.6500   ,               40.0   ,                  6828   ,
2026-08-20 18:18:47 ,         139.0   ,            101.3   ,               27.9   ,        41.9   ,               0   ,                   0   ,            842   ,          1   ,                        7   ,                   0   ,                    0   ,               22.4   ,                   9.9   ,               5.1   ,                11.9   ,              5.9   ,               12.0   ,             10.7   ,               11.9   ,                         8.1   ,              16   ,        0.6500   ,               35.0   ,                  6748   ,
